feature,importance,model
home_lookahead,1091,GBM component
away_lookahead,1035,GBM component
wepa_explosiveness_diff,966,GBM component
travel_disadvantage,924,GBM component
home_adj_def_epa_roll3,878,GBM component
turnover_margin_diff,844,GBM component
srs_diff,828,GBM component
away_adj_def_epa_roll3,799,GBM component
ret_ppa_diff,784,GBM component
havoc_diff,782,GBM component
recruiting_diff,766,GBM component
wepa_def_diff,761,GBM component
away_def_epa_ytd,759,GBM component
home_adj_off_epa_roll3,756,GBM component
hfa_diff,752,GBM component
away_adj_off_epa_roll3,745,GBM component
wepa_off_diff,741,GBM component
home_off_epa_roll3,741,GBM component
away_off_epa_ytd,720,GBM component
rush_sr_diff,714,GBM component
home_pass_success_rate,713,GBM component
portal_net_rating_diff,711,GBM component
away_pass_success_rate,701,GBM component
explosiveness_net_diff,699,GBM component
home_def_epa_roll3,682,GBM component
home_off_epa_ytd,676,GBM component
elo_diff,668,GBM component
home_ret_ppa_pct,664,GBM component
away_def_epa_roll3,660,GBM component
home_def_epa_ytd,650,GBM component
away_sp_offense,634,GBM component
home_ret_pass_ppa_pct,624,GBM component
away_sp_defense,619,GBM component
away_off_epa_roll3,608,GBM component
away_ret_pass_ppa_pct,608,GBM component
away_ret_ppa_pct,603,GBM component
talent_diff,599,GBM component
home_sp_defense,575,GBM component
fpi_diff,537,GBM component
home_sp_offense,527,GBM component
spread_magnitude,516,GBM component
sp_diff,460,GBM component
week_num,330,GBM component
rest_diff,160,GBM component
home_portal_qb_in,86,GBM component
away_portal_qb_in,77,GBM component
altitude_diff,70,GBM component
home_sandwich,51,GBM component
conference_game,30,GBM component
long_haul_away,29,GBM component
away_sandwich,27,GBM component
late_season,14,GBM component
alt_shock_away,4,GBM component
is_postseason,2,GBM component
neutral_site,0,GBM component
