season,week,game_id,home_team,away_team,over_under,totals_edge,total_points,result,pnl,cum_units
2019,1,401110720,Alabama,Duke,57.0,-3.7668567982694583,45.0,win,1.0,1.0
2019,1,401110724,Kentucky,Toledo,60.5,-5.40512213851995,62.0,loss,-1.1,-0.1
2019,1,401110726,Memphis,Ole Miss,65.0,-2.747749360852893,25.0,win,1.0,0.9
2019,1,401110730,Tennessee,Georgia State,58.5,-5.048042809578277,68.0,loss,-1.1,-0.2
2019,1,401111653,Clemson,Georgia Tech,60.5,-3.0247121773697003,66.0,loss,-1.1,-1.3
2019,1,401112114,Oklahoma,Houston,79.5,-2.992183603049952,80.0,loss,-1.1,-2.4
2019,1,401112135,Texas,Louisiana Tech,55.0,-2.6379389014400374,59.0,loss,-1.1,-3.5
2019,1,401112264,Rutgers,Massachusetts,54.0,-2.622204203150538,69.0,loss,-1.1,-4.6
2019,1,401112430,Wake Forest,Utah State,61.5,-3.1685121473657887,73.0,loss,-1.1,-5.7
2019,1,401112432,NC State,East Carolina,51.5,-4.3476988473408795,40.0,win,1.0,-4.7
2019,1,401112435,Boston College,Virginia Tech,57.5,-4.034774323294464,63.0,loss,-1.1,-5.8
2019,1,401114184,Colorado,Colorado State,55.5,-3.731009544684234,83.0,loss,-1.1,-6.9
2019,1,401114223,BYU,Utah,48.5,-4.45656770516311,42.0,win,1.0,-5.9
2019,1,401114228,Washington State,New Mexico State,65.5,-3.079658865931343,65.0,win,1.0,-4.9
2019,1,401117854,Cincinnati,UCLA,55.5,-2.3964944343389973,38.0,win,1.0,-3.9
2019,2,401110773,Alabama,New Mexico State,64.5,-2.513989367899434,72.0,loss,-1.1,-5.0
2019,2,401110774,Auburn,Tulane,51.5,-3.0792352622524035,30.0,win,1.0,-4.0
2019,2,401110777,Kentucky,Eastern Michigan,52.5,-2.249837947276049,55.0,loss,-1.1,-5.1
2019,2,401110785,Purdue,Vanderbilt,55.5,-2.996960010594293,66.0,loss,-1.1,-6.2
2019,2,401112097,Kansas,Coastal Carolina,53.5,-2.163020578579932,19.0,win,1.0,-5.2
2019,2,401112239,Colorado,Nebraska,63.5,-3.359695791672003,65.0,loss,-1.1,-6.3
2019,3,401110786,Arkansas,Colorado State,64.0,-3.3737824876644993,89.0,loss,-1.1,-7.4
2019,3,401110788,Georgia,Arkansas State,58.5,-3.1433728724136287,55.0,win,1.0,-6.4
2019,3,401110792,Mississippi State,Kansas State,50.5,-4.424551129739477,55.0,loss,-1.1,-7.5
2019,3,401110794,South Carolina,Alabama,59.5,-2.0221288021975425,70.0,loss,-1.1,-8.6
2019,3,401112116,UCLA,Oklahoma,71.5,-2.99526457772032,62.0,win,1.0,-7.6
2019,3,401112130,Purdue,TCU,53.0,-5.5225200564423815,47.0,win,1.0,-6.6
2019,3,401112159,Indiana,Ohio State,60.0,-2.7694933899752527,61.0,loss,-1.1,-7.7
2019,3,401112246,Northwestern,UNLV,52.0,-2.2622619756668456,44.0,win,1.0,-6.7
2019,3,401112451,Virginia,Florida State,54.0,-2.484713575963326,55.0,loss,-1.1,-7.8
2019,3,401114234,Washington,Hawai'i,59.0,-3.6776808579436278,72.0,loss,-1.1,-8.9
2019,4,401110797,Alabama,Southern Miss,63.5,-3.02683204326226,56.0,win,1.0,-7.9
2019,4,401110799,Florida,Tennessee,49.0,-2.764888369807501,37.0,win,1.0,-6.9
2019,4,401110800,Georgia,Notre Dame,58.5,-3.3263853473922893,40.0,win,1.0,-5.9
2019,4,401110802,Mississippi State,Kentucky,48.0,-2.322446380608369,41.0,win,1.0,-4.9
2019,4,401110803,Missouri,South Carolina,61.0,-6.489972098859717,48.0,win,1.0,-3.9
2019,4,401112075,Rice,Baylor,58.0,-2.657363490179776,34.0,win,1.0,-2.9
2019,4,401112160,Indiana,UConn,56.5,-2.679307983926819,41.0,win,1.0,-1.9
2019,4,401112457,Florida State,Louisville,61.0,-6.173296985464432,59.0,win,1.0,-0.9
2019,4,401112460,NC State,Ball State,58.5,-4.495730977708732,57.0,win,1.0,0.1
2019,4,401112462,Syracuse,Western Michigan,67.0,-6.551786386809894,85.0,loss,-1.1,-1.0
2019,4,401114235,BYU,Washington,51.0,-4.58204945821042,64.0,loss,-1.1,-2.1
2019,4,401114355,Massachusetts,Coastal Carolina,62.5,-2.494632536731757,90.0,loss,-1.1,-3.2
2019,5,401110811,Vanderbilt,Northern Illinois,51.5,-4.313654232300003,42.0,win,1.0,-2.2
2019,5,401112108,Oklahoma State,Kansas State,60.0,-2.238752997865717,39.0,win,1.0,-1.2
2019,5,401112204,Maryland,Penn State,61.0,-5.352754446258736,59.0,win,1.0,-0.2
2019,5,401114166,Arizona,UCLA,68.5,-4.222415032946671,37.0,win,1.0,0.8
2019,5,401114221,Washington,USC,60.5,-2.478245840952461,42.0,win,1.0,1.8
2019,5,401114226,Utah,Washington State,57.0,-4.361132999472929,51.0,win,1.0,2.8
2019,5,401114341,New Mexico State,Fresno State,63.0,-2.9551497666385274,47.0,win,1.0,3.8
2019,5,401114350,Liberty,New Mexico,72.0,-3.858143438338459,27.0,win,1.0,4.8
2019,6,401110812,Florida,Auburn,48.5,-2.7656515802501502,37.0,win,1.0,5.8
2019,6,401110814,Ole Miss,Vanderbilt,64.5,-2.8662934793437813,37.0,win,1.0,6.8
2019,6,401112137,West Virginia,Texas,62.0,-6.638852899686519,73.0,loss,-1.1,5.7
2019,6,401112216,Ohio State,Michigan State,50.5,-2.8605431603920835,44.0,win,1.0,6.7
2019,6,401114209,Stanford,Washington,51.5,-2.598902140997822,36.0,win,1.0,7.7
2019,6,401114274,Florida International,Massachusetts,69.5,-4.572054531395594,44.0,win,1.0,8.7
2019,6,401114337,Notre Dame,Bowling Green,63.5,-4.831133368733028,52.0,win,1.0,9.7
2019,7,401110817,Georgia,South Carolina,52.0,-3.460382418503869,37.0,win,1.0,10.7
2019,7,401110820,Missouri,Ole Miss,56.5,-4.960580114066573,65.0,loss,-1.1,9.6
2019,7,401110823,Vanderbilt,UNLV,57.5,-4.493290538963727,44.0,win,1.0,10.6
2019,7,401112089,West Virginia,Iowa State,55.0,-5.782004574557369,52.0,win,1.0,11.6
2019,7,401112481,Wake Forest,Louisville,65.0,-3.510589185931771,121.0,loss,-1.1,10.5
2019,7,401114281,Louisiana Tech,Massachusetts,63.5,-3.241971088809194,90.0,loss,-1.1,9.4
2019,7,401117214,South Florida,BYU,49.5,-4.377243021427979,50.0,loss,-1.1,8.3
2019,8,401110828,Mississippi State,LSU,62.5,-3.0251433676956907,49.0,win,1.0,9.3
2019,8,401112102,Texas,Kansas,63.0,-6.087882445132557,98.0,loss,-1.1,8.2
2019,8,401112163,Maryland,Indiana,59.5,-5.106680516649078,62.0,loss,-1.1,7.1
2019,8,401112483,Syracuse,Pittsburgh,53.5,-2.1505918531795274,47.0,win,1.0,8.1
2019,8,401112484,Boston College,NC State,54.5,-5.752961730367048,69.0,loss,-1.1,7.0
2019,8,401112487,Wake Forest,Florida State,68.5,-4.259787076454245,42.0,win,1.0,8.0
2019,8,401114178,California,Oregon State,51.5,-2.3036414859464998,38.0,win,1.0,9.0
2019,8,401114210,Stanford,UCLA,49.0,-2.7541914730499997,50.0,loss,-1.1,7.9
2019,9,401112091,Iowa State,Oklahoma State,65.0,-2.4217765701742167,61.0,win,1.0,8.9
2019,9,401114188,Colorado,USC,64.5,-2.356231833163406,66.0,loss,-1.1,7.8
2019,9,401114344,Georgia Southern,New Mexico State,53.5,-5.847130093371838,48.0,win,1.0,8.8
2019,10,401110839,South Carolina,Vanderbilt,51.5,-3.2341850690212866,31.0,win,1.0,9.8
2019,10,401110840,Tennessee,UAB,49.5,-3.4937656230568663,37.0,win,1.0,10.8
2019,10,401110841,Texas A&M,UTSA,55.0,-4.435665592833772,59.0,loss,-1.1,9.7
2019,10,401112497,Florida State,Miami,49.5,-2.23856149343667,37.0,win,1.0,10.7
2019,10,401114171,Arizona,Oregon State,71.5,-5.1300757123562875,94.0,loss,-1.1,9.6
2019,10,401114198,USC,Oregon,60.0,-5.341295492204367,80.0,loss,-1.1,8.5
2019,10,401114227,Washington,Utah,48.0,-3.5096499683874924,61.0,loss,-1.1,7.4
2019,10,401117216,Utah State,BYU,51.0,-4.599949185416904,56.0,loss,-1.1,6.3
2019,11,401110842,Alabama,LSU,65.5,-2.5168788451802513,87.0,loss,-1.1,5.2
2019,11,401110847,Ole Miss,New Mexico State,64.5,-3.218947116819905,44.0,win,1.0,6.2
2019,11,401112506,Virginia Tech,Wake Forest,60.5,-3.316009491812686,53.0,win,1.0,7.2
2019,11,401114190,Colorado,Stanford,56.5,-2.976494047289094,29.0,win,1.0,8.2
2019,11,401114353,BYU,Liberty,62.5,-2.05043527589104,55.0,win,1.0,9.2
2019,12,401112082,Baylor,Oklahoma,69.0,-2.2767516340282583,65.0,win,1.0,10.2
2019,12,401112250,Northwestern,Massachusetts,57.5,-4.895418933374799,51.0,win,1.0,11.2
2019,12,401112508,Clemson,Wake Forest,59.5,-2.152203323399654,55.0,win,1.0,12.2
2019,13,401112155,Iowa,Illinois,48.5,-4.518382379262597,29.0,win,1.0,13.2
2019,13,401112514,Notre Dame,Boston College,65.5,-3.8018717232378805,47.0,win,1.0,14.2
2019,14,401110863,Mississippi State,Ole Miss,59.0,-4.699916930684161,41.0,win,1.0,15.2
2019,14,401112521,Virginia,Virginia Tech,48.5,-2.9402191163787776,69.0,loss,-1.1,14.1
2019,14,401112525,Syracuse,Wake Forest,68.0,-3.9088149021212786,69.0,loss,-1.1,13.0
2019,14,401114199,Oregon,Oregon State,65.5,-3.784435144217028,34.0,win,1.0,14.0
2019,14,401114232,Washington,Washington State,65.0,-2.227640266314758,44.0,win,1.0,15.0
2020,1,401235700,Army,Middle Tennessee,54.0,-2.3942690579950465,42.0,win,1.0,16.0
2020,1,401256143,Coastal Carolina,Liberty,60.0,-2.3983488715410815,71.0,loss,-1.1,14.9
2020,2,401234563,Florida State,Georgia Tech,50.5,-2.290594206752637,29.0,win,1.0,15.9
2020,2,401236221,Iowa State,Louisiana,56.0,-2.405560683330357,45.0,win,1.0,16.9
2020,2,401236658,Kansas,Coastal Carolina,55.5,-4.234600281018622,61.0,loss,-1.1,15.8
2020,3,401234567,Duke,Boston College,50.5,-3.7030969884276033,32.0,win,1.0,16.8
2020,3,401241282,Notre Dame,South Florida,49.0,-2.77999080957094,52.0,loss,-1.1,15.7
2020,4,401234566,Virginia Tech,NC State,56.5,-2.8745375064679664,69.0,loss,-1.1,14.6
2020,4,401234593,Miami,Florida State,53.5,-3.982348531511981,62.0,loss,-1.1,13.5
2020,4,401234595,Pittsburgh,Louisville,53.5,-6.62024123446966,43.0,win,1.0,14.5
2020,4,401235997,Oklahoma State,West Virginia,50.0,-3.1596769262753313,40.0,win,1.0,15.5
2020,5,401234599,Duke,Virginia Tech,54.0,-3.136651046618546,69.0,loss,-1.1,14.4
2020,5,401235998,West Virginia,Baylor,54.0,-2.8223701649975226,48.0,win,1.0,15.4
2020,5,401237093,Alabama,Texas A&M,53.5,-3.2996781388999423,76.0,loss,-1.1,14.3
2020,5,401237099,Tennessee,Missouri,49.0,-2.561606904937058,47.0,win,1.0,15.3
2020,6,401234604,Clemson,Miami,60.5,-5.610960969206012,59.0,win,1.0,16.3
2020,6,401234608,Virginia,NC State,58.5,-2.2100714151564347,59.0,loss,-1.1,15.2
2020,6,401236003,Iowa State,Texas Tech,63.5,-2.752038236548401,46.0,win,1.0,16.2
2020,6,401236004,TCU,Kansas State,49.5,-2.746338931011394,35.0,win,1.0,17.2
2020,6,401236005,Oklahoma,Texas,74.5,-2.538889506101441,98.0,loss,-1.1,16.1
2020,6,401237102,Texas A&M,Florida,59.5,-2.3258176611935397,79.0,loss,-1.1,15.0
2020,7,401234609,Virginia Tech,Boston College,61.5,-4.572222593337216,54.0,win,1.0,16.0
2020,7,401234612,Florida State,North Carolina,64.5,-5.208096332202672,59.0,win,1.0,17.0
2020,7,401234615,Syracuse,Liberty,54.5,-3.385786076589028,59.0,loss,-1.1,15.9
2020,7,401236007,West Virginia,Kansas,49.5,-2.4305469544333462,55.0,loss,-1.1,14.8
2020,8,401234618,Clemson,Syracuse,63.0,-2.685199203563492,68.0,loss,-1.1,13.7
2020,8,401234623,Wake Forest,Virginia Tech,68.5,-3.563804217354061,39.0,win,1.0,14.7
2020,8,401247297,Wisconsin,Illinois,51.5,-3.8763904150385287,52.0,loss,-1.1,13.6
2020,8,401247298,Northwestern,Maryland,52.5,-2.7049409168517684,46.0,win,1.0,14.6
2020,9,401234624,Clemson,Boston College,56.0,-2.6799059578512825,62.0,loss,-1.1,13.5
2020,9,401234625,Duke,Charlotte,55.0,-3.589444367600052,72.0,loss,-1.1,12.4
2020,9,401234628,Virginia,North Carolina,61.0,-2.203396199295632,85.0,loss,-1.1,11.3
2020,10,401234630,NC State,Miami,58.5,-2.6732334694513895,85.0,loss,-1.1,10.2
2020,10,401234633,Duke,North Carolina,63.5,-4.948342039242817,80.0,loss,-1.1,9.1
2020,10,401234636,Virginia Tech,Liberty,67.5,-4.007049362940009,73.0,loss,-1.1,8.0
2020,10,401237127,South Carolina,Texas A&M,58.0,-2.1382293195048874,51.0,win,1.0,9.0
2020,10,401247307,Northwestern,Nebraska,54.0,-3.9284625738835572,34.0,win,1.0,10.0
2020,10,401249397,Oregon State,Washington State,63.5,-2.3955123994766936,66.0,loss,-1.1,8.9
2020,10,401249399,Oregon,Stanford,49.0,-3.769367057634504,49.0,push,0.0,8.9
2020,11,401234642,North Carolina,Wake Forest,70.5,-3.467465250007592,112.0,loss,-1.1,7.8
2020,11,401257934,Virginia,Louisville,63.5,-4.868796890536238,48.0,win,1.0,8.8
2020,11,401261454,UCLA,California,57.5,-3.5838511755676663,44.0,win,1.0,9.8
2020,12,401234647,NC State,Liberty,66.5,-2.588569864576513,29.0,win,1.0,10.8
2020,12,401237141,South Carolina,Missouri,57.5,-4.1676804835665635,27.0,win,1.0,11.8
2020,12,401247325,Minnesota,Purdue,61.5,-3.2026012098742527,65.0,loss,-1.1,10.7
2020,12,401249410,Utah,USC,59.0,-2.0157528922808083,50.0,win,1.0,11.7
2020,12,401249413,Washington,Arizona,53.5,-2.573242703887246,71.0,loss,-1.1,10.6
2020,12,401249415,Oregon,UCLA,61.5,-6.0910655994851055,73.0,loss,-1.1,9.5
2020,13,401234650,North Carolina,Notre Dame,69.5,-2.7494561961562454,48.0,win,1.0,10.5
2020,13,401247329,Indiana,Maryland,62.5,-3.4257137714899315,38.0,win,1.0,11.5
2020,13,401249417,California,Stanford,51.5,-4.293321139583114,47.0,win,1.0,12.5
2020,14,401236034,Iowa State,West Virginia,48.0,-5.680057081982227,48.0,push,0.0,12.5
2020,14,401236037,TCU,Oklahoma State,52.5,-3.09753800656636,51.0,win,1.0,13.5
2020,14,401249422,Utah,Oregon State,51.0,-4.141159137082049,54.0,loss,-1.1,12.4
2020,14,401249426,Arizona,Colorado,57.5,-2.241731677358338,37.0,win,1.0,13.4
2020,14,401265818,Missouri,Arkansas,54.5,-6.569711902120893,98.0,loss,-1.1,12.3
2020,14,401266134,Duke,Miami,62.5,-6.3318722759301735,48.0,win,1.0,13.3
2020,15,401234661,Miami,North Carolina,72.0,-2.5538208682548458,88.0,loss,-1.1,12.2
2020,15,401261245,Georgia Tech,Pittsburgh,55.5,-2.067214769053791,54.0,win,1.0,13.2
2020,16,401260158,Tennessee,Texas A&M,49.5,-4.136364322462697,47.0,win,1.0,14.2
2020,16,401269375,Utah,Washington State,55.0,-5.093771678975429,73.0,loss,-1.1,13.1
2020,16,401269376,UCLA,Stanford,61.0,-2.5313966931175003,95.0,loss,-1.1,12.0
2021,1,401281946,Clemson,Georgia,51.5,-3.1955345122628955,13.0,win,1.0,13.0
2021,1,401281947,Kentucky,UL Monroe,54.0,-3.597119062361763,55.0,loss,-1.1,11.9
2021,1,401281948,UCLA,LSU,63.5,-2.0459589872055233,65.0,loss,-1.1,10.8
2021,1,401282049,New Mexico State,UTEP,59.5,-2.0881754825849015,33.0,win,1.0,11.8
2021,1,401282179,Illinois,UTSA,52.0,-2.0505449466164976,67.0,loss,-1.1,10.7
2021,1,401282772,Michigan,Western Michigan,65.5,-2.0978799673047064,61.0,win,1.0,11.7
2021,1,401282822,Rutgers,Temple,52.0,-2.07539684622666,75.0,loss,-1.1,10.6
2021,1,401309837,California,Nevada,52.5,-2.6540800920306893,39.0,win,1.0,11.6
2021,1,401309838,Oregon,Fresno State,63.0,-2.7499116471329614,55.0,win,1.0,12.6
2021,1,401331216,Florida,UCF,56.0,-3.9103064499425315,46.0,win,1.0,13.6
2021,2,401282061,Kentucky,Missouri,56.5,-3.8310013527629465,63.0,loss,-1.1,12.5
2021,2,401282064,Mississippi State,NC State,55.5,-3.7363613816860664,34.0,win,1.0,13.5
2021,2,401282066,Tennessee,Pittsburgh,56.0,-4.9757552215500525,75.0,loss,-1.1,12.4
2021,2,401282705,Notre Dame,Toledo,55.5,-3.703902794241081,61.0,loss,-1.1,11.3
2021,2,401286295,Troy,Liberty,62.5,-2.370624956810559,34.0,win,1.0,12.3
2021,3,401282070,Penn State,Auburn,52.5,-3.2578605934133975,48.0,win,1.0,13.3
2021,3,401282075,Ole Miss,Tulane,77.0,-3.5177121990669065,82.0,loss,-1.1,12.2
2021,3,401282079,Texas A&M,New Mexico,49.5,-2.3296778668539275,34.0,win,1.0,13.2
2021,3,401282197,Texas Tech,Florida International,54.0,-4.311411980365527,75.0,loss,-1.1,12.1
2021,3,401282626,Louisville,UCF,67.5,-2.8100068938148155,77.0,loss,-1.1,11.0
2021,3,401282627,Clemson,Georgia Tech,52.5,-2.2951039876094868,22.0,win,1.0,12.0
2021,3,401282632,Pittsburgh,Western Michigan,58.5,-2.933613221935097,85.0,loss,-1.1,10.9
2021,3,401282635,Wake Forest,Florida State,62.5,-3.4625592253132,49.0,win,1.0,11.9
2021,3,401282636,West Virginia,Virginia Tech,49.5,-2.272020057868602,48.0,win,1.0,12.9
2021,3,401282706,Notre Dame,Purdue,58.5,-2.9724281263200183,40.0,win,1.0,13.9
2021,3,401282755,Iowa,Kent State,55.5,-3.801435391558371,37.0,win,1.0,14.9
2021,3,401287904,Kansas,Baylor,48.5,-2.308783942608109,52.0,loss,-1.1,13.8
2021,3,401309855,UCLA,Fresno State,65.0,-3.054050091862159,77.0,loss,-1.1,12.7
2021,4,401282081,Alabama,Southern Miss,58.5,-2.2695234520632184,77.0,loss,-1.1,11.6
2021,4,401282083,Auburn,Georgia State,57.0,-2.5234739518968468,58.0,loss,-1.1,10.5
2021,4,401282085,Mississippi State,LSU,55.0,-5.412149179773962,53.0,win,1.0,11.5
2021,4,401282086,Boston College,Missouri,58.0,-2.0864965663335084,75.0,loss,-1.1,10.4
2021,4,401282214,Western Kentucky,Indiana,62.5,-3.966361498784295,64.0,loss,-1.1,9.3
2021,4,401282638,Virginia,Wake Forest,71.0,-3.7423013952298874,54.0,win,1.0,10.3
2021,4,401282639,Duke,Kansas,57.5,-2.6583646937796814,85.0,loss,-1.1,9.2
2021,4,401282765,Maryland,Kent State,71.5,-3.2007139899021553,53.0,win,1.0,10.2
2021,4,401282775,Michigan,Rutgers,50.0,-2.100773233938078,33.0,win,1.0,11.2
2021,4,401287910,TCU,SMU,65.5,-5.635817625765263,76.0,loss,-1.1,10.1
2021,4,401287911,Texas,Texas Tech,62.5,-3.6101723306470888,105.0,loss,-1.1,9.0
2021,4,401308834,Army,Miami (OH),48.5,-3.3948772113180965,33.0,win,1.0,10.0
2021,4,401309858,Stanford,UCLA,60.0,-3.1581320782763527,59.0,win,1.0,11.0
2021,4,401309860,USC,Oregon State,63.0,-4.219250619647262,72.0,loss,-1.1,9.9
2021,4,401309861,Utah,Washington State,53.0,-2.6172918226028017,37.0,win,1.0,10.9
2021,5,401282089,Alabama,Ole Miss,79.5,-6.3133974257165875,63.0,win,1.0,11.9
2021,5,401282090,Georgia,Arkansas,48.5,-4.50896922887145,37.0,win,1.0,12.9
2021,5,401282091,Kentucky,Florida,56.5,-2.3526755795957044,33.0,win,1.0,13.9
2021,5,401282093,Missouri,Tennessee,66.0,-4.513277995828226,86.0,loss,-1.1,12.8
2021,5,401282219,Illinois,Charlotte,54.0,-2.9686921382271265,38.0,win,1.0,13.8
2021,5,401282646,Miami,Virginia,63.5,-4.2470368833783,58.0,win,1.0,14.8
2021,5,401282651,Wake Forest,Louisville,64.5,-2.837142059886176,71.0,loss,-1.1,13.7
2021,5,401282729,Penn State,Indiana,54.0,-3.381624534975778,24.0,win,1.0,14.7
2021,5,401287912,Iowa State,Kansas,57.0,-3.2992387463599187,66.0,loss,-1.1,13.6
2021,5,401287916,West Virginia,Texas Tech,55.5,-2.952737492991311,43.0,win,1.0,14.6
2021,5,401309863,California,Washington State,52.5,-5.674995609945704,27.0,win,1.0,15.6
2021,5,401309864,Stanford,Oregon,57.5,-2.515570382650708,55.0,win,1.0,16.6
2021,5,401309866,UCLA,Arizona State,56.0,-3.426110577085069,65.0,loss,-1.1,15.5
2021,6,401282099,Kentucky,LSU,50.5,-3.54220908103769,63.0,loss,-1.1,14.4
2021,6,401282101,Missouri,North Texas,69.0,-5.896141936682781,83.0,loss,-1.1,13.3
2021,6,401282655,Syracuse,Wake Forest,58.5,-3.474395960800301,77.0,loss,-1.1,12.2
2021,6,401282778,Nebraska,Michigan,50.0,-2.7648887192309317,61.0,loss,-1.1,11.1
2021,6,401287918,Texas,Oklahoma,65.0,-3.6906068667636376,103.0,loss,-1.1,10.0
2021,6,401309913,BYU,Boise State,58.0,-5.590879142732,43.0,win,1.0,11.0
2021,7,401282108,Missouri,Texas A&M,59.5,-4.663345752756399,49.0,win,1.0,12.0
2021,7,401282110,Tennessee,Ole Miss,82.5,-4.829231760847577,57.0,win,1.0,13.0
2021,7,401282661,Virginia Tech,Pittsburgh,56.0,-2.5941456743078746,35.0,win,1.0,14.0
2021,7,401309872,Oregon,California,53.5,-4.25256589994774,41.0,win,1.0,15.0
2021,7,401309874,Washington,UCLA,55.5,-2.17616851926293,41.0,win,1.0,16.0
2021,8,401282239,UConn,Middle Tennessee,54.0,-2.3483169711744765,57.0,loss,-1.1,14.9
2021,8,401282665,Miami,NC State,54.5,-4.301637483624177,61.0,loss,-1.1,13.8
2021,9,401282117,Florida,Georgia,50.5,-2.4955615107179483,41.0,win,1.0,14.8
2021,9,401282676,Wake Forest,Duke,71.5,-3.8941907851430955,52.0,win,1.0,15.8
2021,9,401287932,Oklahoma State,Kansas,54.5,-2.1125708370247978,58.0,loss,-1.1,14.7
2021,9,401287933,West Virginia,Iowa State,49.0,-2.2682936119347517,69.0,loss,-1.1,13.6
2021,10,401282120,Alabama,LSU,67.0,-3.609352661329922,34.0,win,1.0,14.6
2021,10,401282123,Kentucky,Tennessee,57.5,-3.3291385051076006,87.0,loss,-1.1,13.5
2021,10,401282126,Texas A&M,Auburn,49.5,-3.4241138984631974,23.0,win,1.0,14.5
2021,10,401287936,TCU,Baylor,57.0,-2.0104500411686743,58.0,loss,-1.1,13.4
2021,10,401309891,Colorado,Oregon State,55.5,-2.443718551640913,71.0,loss,-1.1,12.3
2021,11,401282132,Missouri,South Carolina,55.0,-2.7451821988257734,59.0,loss,-1.1,11.2
2021,11,401282690,Wake Forest,NC State,64.5,-5.412937309460943,87.0,loss,-1.1,10.1
2021,11,401309895,Oregon,Washington State,57.5,-5.949767271267838,62.0,loss,-1.1,9.0
2021,12,401282141,Missouri,Florida,69.0,-2.1178019289335595,47.0,win,1.0,10.0
2021,12,401282693,Clemson,Wake Forest,57.0,-4.371838534600265,75.0,loss,-1.1,8.9
2021,12,401282694,Miami,Virginia Tech,55.5,-2.8137586862440997,64.0,loss,-1.1,7.8
2021,12,401287943,Kansas State,Baylor,50.0,-2.192381575815425,30.0,win,1.0,8.8
2021,12,401309902,Oregon State,Arizona State,59.0,-2.386417134415481,34.0,win,1.0,9.8
2021,13,401282147,Florida,Florida State,58.5,-2.9822253053041194,45.0,win,1.0,10.8
2021,13,401282151,Mississippi State,Ole Miss,65.0,-3.933634590707186,52.0,win,1.0,11.8
2021,13,401282153,Tennessee,Vanderbilt,64.5,-3.7459378810901285,66.0,loss,-1.1,10.7
2021,13,401282753,Purdue,Indiana,50.5,-2.6095407047910584,51.0,loss,-1.1,9.6
2021,13,401309907,UCLA,California,58.5,-4.311963859520887,56.0,win,1.0,10.6
2021,14,401282154,Alabama,Georgia,49.0,-3.5832717777706264,65.0,loss,-1.1,9.5
2021,14,401331163,Wake Forest,Pittsburgh,72.5,-2.6246129869196153,66.0,win,1.0,10.5
2022,1,401403861,Mississippi State,Memphis,58.0,-2.8436908916028116,72.0,loss,-1.1,9.4
2022,1,401403867,Florida State,LSU,51.0,-2.2695392947333204,47.0,win,1.0,10.4
2022,1,401403971,UCLA,Bowling Green,56.5,-2.0729067582242706,62.0,loss,-1.1,9.3
2022,1,401405064,Purdue,Penn State,53.5,-2.498867446220075,66.0,loss,-1.1,8.2
2022,1,401411099,Syracuse,Louisville,55.0,-2.3928247935806652,38.0,win,1.0,9.2
2022,1,401416569,Oklahoma State,Central Michigan,58.0,-2.274263371073914,102.0,loss,-1.1,8.1
2022,1,401441997,BYU,SMU,65.0,-4.527647525355171,47.0,win,1.0,9.1
2022,2,401403877,Pittsburgh,Tennessee,62.5,-2.7728214937979843,61.0,win,1.0,10.1
2022,2,401403878,Texas A&M,App State,54.0,-3.107467714944434,31.0,win,1.0,11.1
2022,3,401403885,LSU,Mississippi State,53.0,-2.8094772035889477,47.0,win,1.0,12.1
2022,3,401403989,Oregon,BYU,57.5,-5.918211524311758,61.0,loss,-1.1,11.0
2022,3,401403992,USC,Fresno State,71.5,-3.0538979497104037,62.0,win,1.0,12.0
2022,3,401405087,Maryland,SMU,73.5,-2.1455809161304416,61.0,win,1.0,13.0
2022,4,401403892,Alabama,Vanderbilt,60.5,-2.4003907106050306,58.0,win,1.0,14.0
2022,4,401403894,Auburn,Missouri,51.0,-3.566867414345843,31.0,win,1.0,15.0
2022,4,401403899,Mississippi State,Bowling Green,53.0,-3.698172018409757,59.0,loss,-1.1,13.9
2022,4,401403996,California,Arizona,50.5,-3.0871026874546175,80.0,loss,-1.1,12.8
2022,4,401403998,Colorado,UCLA,57.0,-2.302615015186589,62.0,loss,-1.1,11.7
2022,4,401405095,Ohio State,Wisconsin,56.5,-3.226600362544225,73.0,loss,-1.1,10.6
2022,4,401405097,Michigan,Maryland,66.0,-3.1014815064025143,61.0,win,1.0,11.6
2022,4,401405098,Penn State,Central Michigan,61.5,-2.64986029539039,47.0,win,1.0,12.6
2022,4,401411117,Syracuse,Virginia,53.5,-2.7817553773765127,42.0,win,1.0,13.6
2022,5,401403905,Ole Miss,Kentucky,55.0,-2.284579214165028,41.0,win,1.0,14.6
2022,5,401404005,Oregon,Stanford,63.0,-4.490367821421785,72.0,loss,-1.1,13.5
2022,5,401405101,Minnesota,Purdue,53.0,-3.0397291600745504,30.0,win,1.0,14.5
2022,5,401405105,Penn State,Northwestern,50.0,-3.0415582546000834,24.0,win,1.0,15.5
2022,6,401403909,Alabama,Texas A&M,48.0,-3.485840640066293,44.0,win,1.0,16.5
2022,6,401403910,Florida,Missouri,53.5,-2.188944030095371,41.0,win,1.0,17.5
2022,6,401403913,LSU,Tennessee,63.5,-2.0186476312381174,53.0,win,1.0,18.5
2022,6,401404091,Oklahoma State,Texas Tech,65.5,-2.274435491687349,72.0,loss,-1.1,17.4
2022,6,401404127,Notre Dame,BYU,51.5,-2.6933585150013286,48.0,win,1.0,18.4
2022,7,401403917,Florida,LSU,51.5,-2.6470639829392653,80.0,loss,-1.1,17.3
2022,7,401404095,TCU,Oklahoma State,69.5,-2.1013185364491704,83.0,loss,-1.1,16.2
2022,8,401403922,Alabama,Mississippi State,61.5,-4.709763946613521,36.0,win,1.0,17.2
2022,8,401404019,California,Washington,54.5,-2.740539224869508,49.0,win,1.0,18.2
2022,8,401404021,Oregon,UCLA,70.5,-2.793425335392982,75.0,loss,-1.1,17.1
2022,10,401403932,Arkansas,Liberty,61.5,-2.695954054356534,40.0,win,1.0,18.1
2022,10,401404027,Utah,Arizona,67.5,-2.0225009333249915,65.0,win,1.0,19.1
2022,11,401403939,Arkansas,LSU,59.0,-2.85368981035964,23.0,win,1.0,20.1
2022,11,401404034,UCLA,Arizona,77.5,-2.2148581216450367,62.0,win,1.0,21.1
2022,11,401404037,Oregon,Washington,74.0,-2.732919207446699,71.0,win,1.0,22.1
2022,11,401405140,Penn State,Maryland,56.5,-3.4518532065252288,30.0,win,1.0,23.1
2022,12,401404043,Oregon,Utah,61.5,-3.756956799216759,37.0,win,1.0,24.1
2022,12,401404118,Oklahoma,Oklahoma State,67.5,-2.1980534755297043,41.0,win,1.0,25.1
2022,14,401437031,Michigan,Purdue,54.0,-3.7642107189809693,65.0,loss,-1.1,24.0
2022,14,401437035,USC,Utah,67.5,-2.844478392886046,71.0,loss,-1.1,22.9
2023,1,401520156,Indiana,Ohio State,59.5,-2.9468998974793763,26.0,win,1.0,23.9
2023,1,401520167,North Carolina,South Carolina,62.5,-4.895844913467414,48.0,win,1.0,24.9
2023,1,401520182,Florida State,LSU,55.5,-2.866057393626555,69.0,loss,-1.1,23.8
2023,1,401523995,UCLA,Coastal Carolina,67.5,-2.914437093168985,40.0,win,1.0,24.8
2023,1,401523997,Washington,Boise State,59.0,-2.3304275211355687,75.0,loss,-1.1,23.7
2023,1,401525434,Notre Dame,Navy,50.5,-2.8586550448608463,45.0,win,1.0,24.7
2023,1,401525819,Houston,UTSA,61.0,-3.457072841641242,31.0,win,1.0,25.7
2023,1,401551761,West Virginia,North Carolina,62.0,-4.389929289855772,40.0,win,1.0,26.7
2023,1,401551765,Oklahoma,Arizona,59.5,-2.8099691749755635,62.0,loss,-1.1,25.6
2023,1,401551782,Oregon,Liberty,71.5,-2.0262652839805213,51.0,win,1.0,26.6
2023,2,401520183,Alabama,Texas,53.5,-3.324601115461469,58.0,loss,-1.1,25.5
2023,2,401520192,Georgia State,UConn,54.5,-2.875219869746438,49.0,win,1.0,26.5
2023,2,401524002,Texas Tech,Oregon,68.5,-3.1969499491953144,68.0,win,1.0,27.5
2023,2,401525827,Boise State,UCF,58.5,-2.226722971451778,34.0,win,1.0,28.5
2023,2,401525830,Oklahoma,SMU,68.5,-2.3081165609634695,39.0,win,1.0,29.5
2023,3,401520233,Michigan State,Washington,57.5,-2.624542311484504,48.0,win,1.0,30.5
2023,3,401520247,UNLV,Vanderbilt,57.0,-2.594429663260051,77.0,loss,-1.1,29.4
2023,3,401524007,Colorado,Colorado State,63.5,-5.088008325000487,78.0,loss,-1.1,28.3
2023,3,401524008,Oregon,Hawai'i,68.0,-3.4067958786725683,65.0,win,1.0,29.3
2023,3,401525501,Clemson,Florida Atlantic,51.5,-2.2587873007792183,62.0,loss,-1.1,28.2
2023,3,401525836,Houston,TCU,64.0,-3.369681585997654,49.0,win,1.0,29.2
2023,3,401525837,Nevada,Kansas,58.0,-4.145019328175394,55.0,win,1.0,30.2
2023,3,401525839,Oklahoma State,South Alabama,49.0,-2.5860403590129195,40.0,win,1.0,31.2
2023,4,401520250,Alabama,Ole Miss,55.5,-2.5800739964238915,34.0,win,1.0,32.2
2023,4,401520251,Florida,Charlotte,48.5,-2.4409579922638684,29.0,win,1.0,33.2
2023,4,401520258,LSU,Arkansas,56.0,-2.796297993934594,65.0,loss,-1.1,32.1
2023,4,401520261,Michigan State,Maryland,52.5,-2.344329205848581,40.0,win,1.0,33.1
2023,4,401520268,Syracuse,Army,50.5,-3.732717371723936,45.0,win,1.0,34.1
2023,4,401520269,Tennessee,UTSA,59.5,-3.8429413838647974,59.0,win,1.0,35.1
2023,4,401520274,Vanderbilt,Kentucky,50.0,-2.4728250211116674,73.0,loss,-1.1,34.0
2023,4,401524014,Arizona State,USC,62.0,-2.5605731614908507,70.0,loss,-1.1,32.9
2023,4,401524015,Oregon,Colorado,70.0,-2.4588196208929247,48.0,win,1.0,33.9
2023,4,401524016,Stanford,Arizona,59.5,-4.866504475548872,41.0,win,1.0,34.9
2023,4,401524017,Utah,UCLA,51.0,-2.9806941684481103,21.0,win,1.0,35.9
2023,4,401525507,Clemson,Florida State,55.0,-3.988512167675104,55.0,push,0.0,35.9
2023,4,401525510,Pittsburgh,North Carolina,49.5,-2.824134543186517,65.0,loss,-1.1,34.8
2023,4,401525845,Cincinnati,Oklahoma,57.0,-2.181857878313778,26.0,win,1.0,35.8
2023,4,401525847,Kansas,BYU,54.5,-2.3323300267733487,65.0,loss,-1.1,34.7
2023,4,401525850,West Virginia,Texas Tech,54.5,-2.256107898718419,33.0,win,1.0,35.7
2023,5,401520279,Arkansas,Texas A&M,54.5,-2.0873762822863,56.0,loss,-1.1,34.6
2023,5,401524023,Colorado,USC,74.5,-4.515803002783628,89.0,loss,-1.1,33.5
2023,5,401524024,Stanford,Oregon,61.0,-4.243208394676593,48.0,win,1.0,34.5
2023,5,401525514,Syracuse,Clemson,53.5,-3.0018854223229923,45.0,win,1.0,35.5
2023,6,401520299,Florida,Vanderbilt,51.0,-3.1680766277411294,52.0,loss,-1.1,34.4
2023,6,401520305,Missouri,LSU,63.5,-2.6312366108575986,88.0,loss,-1.1,33.3
2023,6,401524025,USC,Arizona,69.5,-3.096340673010417,84.0,loss,-1.1,32.2
2023,6,401525517,Clemson,Wake Forest,53.0,-2.933139077461128,29.0,win,1.0,33.2
2023,6,401525520,North Carolina,Syracuse,59.0,-2.311413614701735,47.0,win,1.0,34.2
2023,6,401525860,Kansas,UCF,64.5,-2.5754576499217876,73.0,loss,-1.1,33.1
2023,7,401520319,LSU,Auburn,60.0,-4.926716087551583,66.0,loss,-1.1,32.0
2023,7,401520320,Maryland,Illinois,52.0,-2.519024137648067,51.0,win,1.0,33.0
2023,7,401524034,Washington,Oregon,67.0,-3.2653394962539792,69.0,loss,-1.1,31.9
2023,7,401525866,Texas Tech,Kansas State,57.5,-4.4878492349313035,59.0,loss,-1.1,30.8
2023,8,401524035,Oregon,Washington State,61.5,-4.3507554609869885,62.0,loss,-1.1,29.7
2023,8,401525867,BYU,Texas Tech,50.0,-2.0310021791564807,41.0,win,1.0,30.7
2023,8,401525869,Houston,Texas,60.5,-2.616638519425237,55.0,win,1.0,31.7
2023,8,401525872,West Virginia,Oklahoma State,48.5,-2.2106487792242007,82.0,loss,-1.1,30.6
2023,9,401520352,Florida,Georgia,50.5,-3.13931775332523,63.0,loss,-1.1,29.5
2023,9,401524040,Arizona State,Washington State,48.5,-2.0377958223028614,65.0,loss,-1.1,28.4
2023,9,401524042,Stanford,Washington,62.0,-3.4279079766051694,75.0,loss,-1.1,27.3
2023,10,401520363,Florida,Arkansas,49.0,-2.6404666362478864,75.0,loss,-1.1,26.2
2023,10,401524045,Arizona,UCLA,49.0,-2.405348886370355,37.0,win,1.0,27.2
2023,10,401524047,Oregon,California,61.5,-4.277685273359907,82.0,loss,-1.1,26.1
2023,10,401525883,Oklahoma State,Oklahoma,62.5,-2.4293973066151153,51.0,win,1.0,27.1
2023,11,401520389,LSU,Florida,67.5,-2.983649397570275,87.0,loss,-1.1,26.0
2023,11,401524052,Colorado,Arizona,55.5,-2.9266243062637542,65.0,loss,-1.1,24.9
2023,11,401524053,Oregon,USC,77.5,-4.967489938162657,63.0,win,1.0,25.9
2023,11,401525549,North Carolina,Duke,53.5,-5.209715212778448,92.0,loss,-1.1,24.8
2023,12,401520409,LSU,Georgia State,75.0,-2.913481505972669,70.0,win,1.0,25.8
2023,12,401524059,Arizona State,Oregon,53.5,-2.4523874915036217,62.0,loss,-1.1,24.7
2023,12,401524060,Oregon State,Washington,62.0,-2.382640723082382,42.0,win,1.0,25.7
2023,12,401525557,Georgia Tech,Syracuse,51.5,-3.3933207230269673,53.0,loss,-1.1,24.6
2023,12,401525894,Houston,Oklahoma State,57.5,-2.2265667444524553,73.0,loss,-1.1,23.5
2023,13,401520429,Florida,Florida State,48.5,-3.845713402425737,39.0,win,1.0,24.5
2023,13,401520433,LSU,Texas A&M,68.0,-2.985252325176077,72.0,loss,-1.1,23.4
2023,13,401524063,Oregon,Oregon State,61.0,-5.081359341152911,38.0,win,1.0,24.4
2023,13,401525900,Oklahoma,TCU,65.5,-2.1089057043589676,114.0,loss,-1.1,23.3
2024,1,401628323,Georgia,Clemson,49.0,-2.3584887001135115,37.0,win,1.0,24.3
2024,1,401643696,Nevada,SMU,55.5,-2.7812283135952214,53.0,win,1.0,25.3
2024,1,401677099,Colorado,BYU,55.5,-2.18422677270938,50.0,win,1.0,26.3
2024,2,401628346,NC State,Tennessee,60.5,-2.2947533978608305,61.0,loss,-1.1,25.2
2024,2,401635534,Syracuse,Georgia Tech,60.5,-2.433694624891423,59.0,win,1.0,26.2
2024,2,401636859,Washington State,Texas Tech,66.0,-3.082970618198992,53.0,win,1.0,27.2
2024,3,401628352,Auburn,New Mexico,58.0,-4.436099623657057,64.0,loss,-1.1,26.1
2024,3,401628484,Washington,Washington State,54.0,-2.4767489931539117,43.0,win,1.0,27.1
2024,4,401628366,Ole Miss,Georgia Southern,68.5,-2.8929328839978155,65.0,win,1.0,28.1
2024,4,401636872,BYU,Kansas State,49.5,-2.0584731549797795,47.0,win,1.0,29.1
2024,4,401636874,Colorado,Baylor,51.5,-5.391146526078344,69.0,loss,-1.1,28.0
2024,4,401643714,Washington State,San José State,55.5,-2.546104355069353,106.0,loss,-1.1,26.9
2024,5,401628373,Texas A&M,Arkansas,50.5,-4.4323580762531165,38.0,win,1.0,27.9
2024,6,401635571,Louisville,SMU,55.0,-2.0879066008455283,61.0,loss,-1.1,26.8
2024,6,401636890,Oklahoma State,West Virginia,64.5,-2.907790575153527,52.0,win,1.0,27.8
2024,7,401628390,Oklahoma,Texas,49.0,-2.1864164688045378,37.0,win,1.0,28.8
2024,7,401636894,Colorado,Kansas State,55.0,-4.187051292391089,59.0,loss,-1.1,27.7
2024,8,401635589,Louisville,Miami,61.0,-2.2246512698299625,97.0,loss,-1.1,26.6
2024,8,401636898,BYU,Oklahoma State,53.0,-3.8770828821989696,73.0,loss,-1.1,25.5
2024,9,401636906,Baylor,Oklahoma State,64.5,-2.0315507648323177,66.0,loss,-1.1,24.4
2024,11,401636919,Kansas,Iowa State,53.0,-2.3728557132587014,81.0,loss,-1.1,23.3
2024,12,401628419,Arkansas,Texas,57.5,-2.195389672457601,30.0,win,1.0,24.3
2024,12,401635583,North Carolina,Wake Forest,64.0,-2.7604440120197893,55.0,win,1.0,25.3
2024,14,401636938,Colorado,Oklahoma State,66.0,-5.274465932676151,52.0,win,1.0,26.3
2024,15,401673463,SMU,Clemson,56.0,-2.328173750896795,65.0,loss,-1.1,25.2
2024,15,401673465,Arizona State,Iowa State,50.5,-3.159551124273108,64.0,loss,-1.1,24.1
2025,1,401752676,Tennessee,Syracuse,51.5,-2.229537751214167,71.0,loss,-1.1,23.0
2025,1,401756846,Kansas State,Iowa State,51.0,-3.4375951317139624,45.0,win,1.0,24.0
2025,2,401754618,Syracuse,UConn,57.5,-2.860872531867699,47.0,win,1.0,25.0
2025,3,401752938,Texas Tech,Oregon State,61.5,-2.2351352196688907,59.0,win,1.0,26.0
2025,4,401752841,Oregon,Oregon State,58.0,-2.1061984594756282,48.0,win,1.0,27.0
2025,5,401754545,Syracuse,Duke,59.5,-2.0027936771242523,41.0,win,1.0,28.0
2025,6,401752726,Alabama,Vanderbilt,57.5,-3.127956967169432,44.0,win,1.0,29.0
2025,6,401756912,Cincinnati,Iowa State,55.5,-2.2152546928704737,68.0,loss,-1.1,27.9
2025,7,401756918,Colorado,Iowa State,52.5,-2.655701285433153,41.0,win,1.0,28.9
2025,8,401754565,Clemson,SMU,50.0,-2.3766475230823048,59.0,loss,-1.1,27.8
