game_id,season,week,home_team,away_team,predicted_spread,vegas_spread,edge,bet_side,actual_margin,ats_result,pnl,result,over_under,total_points,ou_result,cumulative_pnl,running_roi
401752796,2025,1,Cincinnati,Nebraska,0.4114909644308815,-6.0,6.4114909644308815,home,-3.0,home_cover,0.9090909090909091,win,50.5,37.0,under,0.7272727272727273,0.14545454545454545
401754375,2025,1,Colorado,Georgia Tech,1.7365834392048771,-3.5,5.236583439204877,home,-7.0,away_cover,-1.0,loss,50.0,47.0,under,-0.2727272727272727,-0.04545454545454545
401760358,2025,1,San José State,Central Michigan,9.771625381108173,14.5,-4.728374618891827,away,-2.0,away_cover,0.9090909090909091,win,51.5,30.0,under,0.6363636363636364,0.09090909090909091
401752801,2025,1,Purdue,Ball State,11.959362448878863,16.5,-4.5406375511211365,away,31.0,home_cover,-1.0,loss,48.5,31.0,under,-0.36363636363636365,-0.045454545454545456
401752673,2025,1,Southern Miss,Mississippi State,-8.539190504776393,-14.5,5.960809495223607,home,-17.0,away_cover,-1.0,loss,60.0,51.0,under,-1.3636363636363638,-0.15151515151515152
401752803,2025,1,Tulane,Northwestern,0.6846169017270274,5.0,-4.315383098272973,away,20.0,home_cover,-1.0,loss,46.0,26.0,under,-2.3636363636363638,-0.2363636363636364
401752677,2025,1,Ohio State,Texas,5.051732089259266,2.0,3.051732089259266,home,7.0,home_cover,0.9090909090909091,win,46.5,21.0,under,-1.4545454545454546,-0.1322314049586777
401752670,2025,1,Kentucky,Toledo,13.329532358794562,10.0,3.3295323587945624,home,8.0,away_cover,-1.0,loss,49.0,40.0,under,-2.4545454545454546,-0.20454545454545456
401752807,2025,1,Penn State,Nevada,39.64796945518022,43.5,-3.852030544819783,away,35.0,away_cover,0.9090909090909091,win,54.5,57.0,over,-1.5454545454545454,-0.11888111888111888
401752678,2025,1,Texas A&M,UTSA,19.750899953655782,24.0,-4.249100046344218,away,18.0,away_cover,0.9090909090909091,win,58.5,66.0,over,-0.6363636363636364,-0.045454545454545456
401752671,2025,1,Clemson,LSU,1.2167071414412174,5.5,-4.283292858558783,away,-7.0,away_cover,0.9090909090909091,win,55.5,27.0,under,0.2727272727272727,0.01818181818181818
401761592,2025,1,Louisiana,Rice,5.941509963194781,9.5,-3.5584900368052192,away,-2.0,away_cover,0.9090909090909091,win,48.0,26.0,under,1.1818181818181817,0.07386363636363635
401760361,2025,1,Fresno State,Georgia Southern,5.460339712177272,2.0,3.460339712177272,home,28.0,home_cover,0.9090909090909091,win,49.5,56.0,over,2.090909090909091,0.1229946524064171
401752805,2025,1,Washington,Colorado State,18.806742540019048,22.5,-3.693257459980952,away,17.0,away_cover,0.9090909090909091,win,52.0,59.0,over,3.0,0.16666666666666666
401754522,2025,1,Miami,Notre Dame,-8.280569113002118,-3.0,-5.280569113002118,away,3.0,home_cover,-1.0,loss,50.5,51.0,over,1.0,0.05
401754523,2025,1,North Carolina,TCU,2.1328230218369897,-3.5,5.632823021836989,home,-34.0,away_cover,-1.0,loss,55.0,62.0,over,0.0,0.0
401778303,2025,1,Jacksonville State,Troy,-1.5300513020897712,3.0,-4.530051302089771,away,4.0,home_cover,-1.0,loss,47.5,30.0,under,-1.0,-0.045454545454545456
401778304,2025,1,South Florida,Old Dominion,6.717044487542282,3.0,3.7170444875422817,home,-14.0,away_cover,-1.0,loss,54.0,34.0,under,-2.0,-0.08695652173913043
401778306,2025,1,Western Michigan,Kennesaw State,8.029444714866969,3.0,5.029444714866969,home,35.0,home_cover,0.9090909090909091,win,47.0,47.0,push,-1.0909090909090908,-0.04545454545454545
401778307,2025,1,NC State,Memphis,-0.3606450028913555,6.0,-6.3606450028913555,away,24.0,home_cover,-1.0,loss,56.5,38.0,under,-2.090909090909091,-0.08363636363636363
401778308,2025,1,Utah State,Washington State,-3.248002108777736,1.0,-4.248002108777737,away,-13.0,away_cover,0.9090909090909091,win,50.0,55.0,over,-1.1818181818181817,-0.04545454545454545
401778309,2025,1,Louisville,Toledo,5.254961029136004,8.5,-3.2450389708639964,away,5.0,away_cover,0.9090909090909091,win,44.5,49.0,over,-0.2727272727272726,-0.010101010101010097
401778312,2025,1,Hawai'i,California,-4.421091428514061,1.5,-5.921091428514061,away,4.0,home_cover,-1.0,loss,54.5,66.0,over,-0.36363636363636354,-0.012539184952978052
401778313,2025,1,Northwestern,Central Michigan,8.701450628839462,12.0,-3.2985493711605383,away,27.0,home_cover,-1.0,loss,43.0,41.0,under,-1.3636363636363635,-0.04545454545454545
401778314,2025,1,Minnesota,New Mexico,7.100170977605315,2.0,5.100170977605315,home,3.0,home_cover,0.9090909090909091,win,44.5,37.0,under,-0.4545454545454545,-0.014662756598240467
401778315,2025,1,UTSA,Florida International,2.636098719470729,7.0,-4.363901280529271,away,37.0,home_cover,-1.0,loss,62.5,77.0,over,-1.4545454545454546,-0.045454545454545456
401778317,2025,1,Clemson,Penn State,-3.998184810690626,2.5,-6.498184810690626,away,-12.0,away_cover,0.9090909090909091,win,47.5,32.0,under,-0.5454545454545455,-0.01652892561983471
401778325,2025,1,Louisiana Tech,Coastal Carolina,5.110309485329495,10.0,-4.889690514670505,away,9.0,away_cover,0.9090909090909091,win,51.0,37.0,under,-2.6363636363636362,-0.07125307125307125
401778328,2025,1,Vanderbilt,Iowa,-3.427672771879516,3.0,-6.427672771879516,away,-7.0,away_cover,0.9090909090909091,win,47.0,61.0,over,-1.727272727272727,-0.04545454545454545
401769072,2025,1,Indiana,Alabama,4.445683901476629,7.5,-3.054316098523371,away,35.0,home_cover,-1.0,loss,46.5,41.0,under,-3.727272727272727,-0.09318181818181817
401778333,2025,1,Cincinnati,Navy,0.1796203289064391,-4.0,4.179620328906439,home,-22.0,away_cover,-1.0,loss,57.5,48.0,under,-4.727272727272727,-0.11529933481152992
401769075,2025,1,Ole Miss,Miami,1.8104183782265528,-3.0,4.810418378226553,home,-4.0,away_cover,-1.0,loss,53.0,58.0,over,-5.727272727272727,-0.13636363636363635
401769074,2025,1,Indiana,Oregon,-1.371677606696621,3.0,-4.371677606696621,away,34.0,home_cover,-1.0,loss,50.0,78.0,over,-6.727272727272727,-0.15644820295983086
401752826,2025,2,Maryland,Northern Illinois,10.566833909881929,17.0,-6.433166090118071,away,11.0,away_cover,0.9090909090909091,win,44.5,29.0,under,-5.8181818181818175,-0.13223140495867766
401752693,2025,2,Texas,San José State,33.266350475765236,37.0,-3.733649524234764,away,31.0,away_cover,0.9090909090909091,win,52.5,45.0,under,-4.909090909090908,-0.10909090909090907
401754618,2025,2,Syracuse,UConn,2.846027754755033,7.0,-4.153972245244967,away,7.0,push,0.0,push,57.5,47.0,under,-5.909090909090908,-0.1257253384912959
401752822,2025,2,Iowa State,Iowa,-1.926247825764447,3.0,-4.926247825764447,away,3.0,push,0.0,push,43.0,29.0,under,-5.909090909090908,-0.1231060606060606
401752694,2025,2,Texas A&M,Utah State,30.82712062716891,34.5,-3.6728793728310904,away,22.0,away_cover,0.9090909090909091,win,57.5,66.0,over,-3.1818181818181808,-0.06238859180035648
401752937,2025,2,Oregon State,Fresno State,-4.423382853047311,1.0,-5.423382853047311,away,-9.0,away_cover,0.9090909090909091,win,45.5,63.0,over,-2.2727272727272716,-0.043706293706293683
401761603,2025,2,UTSA,Texas State,-1.446083111025095,4.5,-5.946083111025095,away,-7.0,away_cover,0.9090909090909091,win,64.5,79.0,over,-1.3636363636363624,-0.025728987993138913
401762458,2025,2,Navy,UAB,14.606043299297534,20.5,-5.893956700702466,away,14.0,away_cover,0.9090909090909091,win,59.0,62.0,over,0.4545454545454557,0.008264462809917376
401754637,2025,2,Clemson,Troy,25.63856439344294,31.0,-5.361435606557059,away,11.0,away_cover,0.9090909090909091,win,51.5,43.0,under,1.3636363636363646,0.02435064935064937
401752686,2025,2,Kentucky,Ole Miss,-13.310705326376514,-8.0,-5.310705326376514,away,-7.0,home_cover,-1.0,loss,51.5,53.0,over,0.36363636363636465,0.006379585326953765
401756883,2025,2,Ohio,West Virginia,-6.617435477583163,-3.5,-3.1174354775831628,away,7.0,home_cover,-1.0,loss,58.5,27.0,under,-0.6363636363636354,-0.010971786833855782
401752684,2025,2,Florida,South Florida,13.822922160981356,18.5,-4.677077839018644,away,-2.0,away_cover,0.9090909090909091,win,58.0,34.0,under,0.2727272727272737,0.004622496147919894
401761601,2025,2,South Alabama,Tulane,-6.843768973053713,-13.5,6.656231026946287,home,-2.0,home_cover,0.9090909090909091,win,51.5,64.0,over,-0.8181818181818171,-0.013196480938416405
401756884,2025,2,Rice,Houston,-6.513982593770386,-13.5,6.986017406229614,home,-26.0,away_cover,-1.0,loss,38.5,44.0,over,-1.818181818181817,-0.028860028860028843
401752810,2025,2,Nebraska,Akron,27.0815078462875,34.0,-6.918492153712499,away,68.0,home_cover,-1.0,loss,47.5,68.0,over,-2.818181818181817,-0.04403409090909089
401752687,2025,2,LSU,Louisiana Tech,31.40948006977693,36.5,-5.090519930223071,away,16.0,away_cover,0.9090909090909091,win,49.5,30.0,under,-1.9090909090909078,-0.029370629370629352
401752683,2025,2,Auburn,Ball State,37.46147074649557,43.0,-5.538529253504429,away,39.0,away_cover,0.9090909090909091,win,52.5,45.0,under,-0.9999999999999988,-0.015151515151515133
401752690,2025,2,Oklahoma,Michigan,-0.9914661566891096,4.0,-4.99146615668911,away,11.0,home_cover,-1.0,loss,44.0,37.0,under,-1.9999999999999987,-0.029850746268656695
401752681,2025,2,Alabama,UL Monroe,30.86994394186211,34.0,-3.130056058137889,away,73.0,home_cover,-1.0,loss,50.0,73.0,over,-2.9999999999999987,-0.04411764705882351
401752948,2025,2,Washington State,San Diego State,5.315513045596399,2.0,3.315513045596399,home,23.0,home_cover,0.9090909090909091,win,46.5,49.0,over,-1.1818181818181803,-0.01688311688311686
401754531,2025,3,Wake Forest,NC State,-1.4090150999363544,-7.0,5.590984900063646,home,-10.0,away_cover,-1.0,loss,53.0,58.0,over,-3.1818181818181803,-0.04419191919191917
401756893,2025,3,Houston,Colorado,-2.2986913718510724,4.0,-6.298691371851072,away,16.0,home_cover,-1.0,loss,45.0,56.0,over,-4.18181818181818,-0.05728518057285178
401752697,2025,3,Auburn,South Alabama,21.14065316540948,26.0,-4.8593468345905215,away,16.0,away_cover,0.9090909090909091,win,56.0,46.0,under,-2.4545454545454524,-0.031877213695395486
401752702,2025,3,Missouri,Louisiana,23.376054591183262,27.5,-4.123945408816738,away,42.0,home_cover,-1.0,loss,47.5,62.0,over,-3.4545454545454524,-0.04428904428904426
401752705,2025,3,Tennessee,Georgia,-8.393882451955065,-3.5,-4.893882451955065,away,-3.0,home_cover,-1.0,loss,50.5,85.0,over,-5.454545454545452,-0.06818181818181815
401756890,2025,3,Arkansas State,Iowa State,-16.851363308126672,-21.5,4.648636691873328,home,-8.0,home_cover,0.9090909090909091,win,56.0,40.0,under,-4.636363636363634,-0.055859802847754624
401752706,2025,3,Texas,UTEP,35.98626105652197,39.5,-3.5137389434780317,away,17.0,away_cover,0.9090909090909091,win,52.0,37.0,under,-3.727272727272725,-0.04437229437229434
401757258,2025,3,Nevada,Middle Tennessee,3.9960351084885617,9.0,-5.003964891511439,away,-1.0,away_cover,0.9090909090909091,win,50.0,27.0,under,-2.8181818181818157,-0.03315508021390371
401757256,2025,3,Bowling Green,Liberty,-1.8474612589675772,-5.5,3.652538741032423,home,10.0,home_cover,0.9090909090909091,win,51.5,36.0,under,-1.9090909090909065,-0.022198731501057053
401754536,2025,3,Virginia Tech,Old Dominion,1.4610637500950947,5.5,-4.038936249904905,away,-19.0,away_cover,0.9090909090909091,win,51.0,71.0,over,-1.9999999999999973,-0.022727272727272697
401761607,2025,3,Southern Miss,App State,-6.05786649664457,-3.0,-3.0578664966445697,away,16.0,home_cover,-1.0,loss,56.5,60.0,over,-2.9999999999999973,-0.0337078651685393
401752700,2025,3,Ole Miss,Arkansas,7.302470026640631,3.5,3.8024700266406306,home,6.0,home_cover,0.9090909090909091,win,60.5,76.0,over,-2.090909090909088,-0.0232323232323232
401752707,2025,3,Notre Dame,Texas A&M,12.505199964509812,6.5,6.005199964509812,home,-1.0,away_cover,-1.0,loss,50.0,81.0,over,-3.090909090909088,-0.03396603396603393
401762465,2025,3,Tulsa,Navy,-8.666031441973852,-13.5,4.833968558026148,home,-19.0,away_cover,-1.0,loss,52.0,65.0,over,-4.090909090909088,-0.04446640316205531
401756889,2025,3,Arizona State,Texas State,14.201974125164943,18.5,-4.298025874835057,away,19.0,home_cover,-1.0,loss,61.5,49.0,under,-5.181818181818179,-0.054545454545454515
401754636,2025,4,TCU,SMU,10.062856515266189,6.5,3.562856515266189,home,11.0,home_cover,0.9090909090909091,win,63.5,59.0,under,-4.27272727272727,-0.044507575757575725
401752841,2025,4,Oregon,Oregon State,39.427957740974065,34.0,5.427957740974065,home,34.0,push,0.0,push,58.0,48.0,under,-3.3636363636363606,-0.03432282003710572
401754640,2025,4,UCF,North Carolina,2.504514344630927,7.0,-4.495485655369073,away,25.0,home_cover,-1.0,loss,47.0,43.0,under,-3.4545454545454515,-0.03454545454545452
401757262,2025,4,Liberty,James Madison,-3.115078060141893,-7.5,4.384921939858107,home,-18.0,away_cover,-1.0,loss,47.0,44.0,under,-3.5454545454545423,-0.034759358288770026
401752714,2025,4,Oklahoma,Auburn,1.7095797546605045,6.5,-4.7904202453394955,away,7.0,home_cover,-1.0,loss,47.5,41.0,under,-4.545454545454542,-0.04413062665489847
401752848,2025,4,Notre Dame,Purdue,28.226157033102,24.5,3.7261570331020017,home,26.0,home_cover,0.9090909090909091,win,51.5,86.0,over,-4.636363636363633,-0.04415584415584412
401761610,2025,4,Eastern Michigan,Louisiana,-6.636529819502277,-2.5,-4.136529819502277,away,3.0,home_cover,-1.0,loss,51.0,65.0,over,-5.636363636363633,-0.053173241852487105
401752712,2025,4,Mississippi State,Northern Illinois,19.127567427796997,24.0,-4.872432572203003,away,28.0,home_cover,-1.0,loss,48.0,48.0,push,-6.636363636363633,-0.062022090059473206
401754542,2025,4,Georgia Tech,Temple,19.37045755804703,24.5,-5.129542441952971,away,21.0,away_cover,0.9090909090909091,win,53.5,69.0,over,-5.727272727272724,-0.053030303030303
401757261,2025,4,Kennesaw State,Arkansas State,-7.971953879187051,-4.5,-3.4719538791870512,away,7.0,home_cover,-1.0,loss,58.0,49.0,under,-6.727272727272724,-0.06171809841534609
401756899,2025,4,Kansas,West Virginia,9.423844863967153,12.5,-3.076155136032847,away,31.0,home_cover,-1.0,loss,54.0,51.0,under,-7.727272727272724,-0.0702479338842975
401760372,2025,4,Air Force,Boise State,-7.43450752971108,-11.0,3.5654924702889197,home,-12.0,away_cover,-1.0,loss,52.0,86.0,over,-8.727272727272723,-0.07862407862407858
401757264,2025,4,Middle Tennessee,Marshall,-7.965711227404448,-2.5,-5.465711227404448,away,-14.0,away_cover,0.9090909090909091,win,46.5,70.0,over,-7.818181818181814,-0.06980519480519477
401756902,2025,5,Arizona State,TCU,-2.0573967121456844,3.0,-5.057396712145684,away,3.0,push,0.0,push,54.5,51.0,under,-8.909090909090905,-0.07680250783699055
401752939,2025,5,Oregon State,Houston,-8.28395132551928,-12.5,4.216048674480721,home,-3.0,home_cover,0.9090909090909091,win,47.5,51.0,over,-7.999999999999996,-0.06837606837606834
401752849,2025,5,Minnesota,Rutgers,0.8421552364869047,4.0,-3.1578447635130953,away,3.0,away_cover,0.9090909090909091,win,51.5,59.0,over,-7.090909090909086,-0.06009244992295836
401762825,2025,5,Ohio,Bowling Green,4.141268266900374,8.0,-3.858731733099626,away,15.0,home_cover,-1.0,loss,50.0,55.0,over,-8.090909090909086,-0.067990832696715
401756906,2025,5,Kansas State,UCF,0.8739109336446198,6.0,-5.12608906635538,away,14.0,home_cover,-1.0,loss,48.5,54.0,over,-9.181818181818176,-0.07526080476900145
401752717,2025,5,Arkansas,Notre Dame,-10.317719041969344,-5.0,-5.317719041969344,away,-43.0,away_cover,0.9090909090909091,win,63.5,69.0,over,-8.272727272727268,-0.06725794530672576
401762826,2025,5,Central Michigan,Eastern Michigan,-0.5850892900503482,3.0,-3.585089290050348,away,11.0,home_cover,-1.0,loss,54.5,37.0,under,-9.272727272727268,-0.07478005865102635
401761614,2025,5,James Madison,Georgia Southern,9.689531306536043,15.0,-5.310468693463957,away,25.0,home_cover,-1.0,loss,54.5,45.0,under,-10.272727272727268,-0.08218181818181815
401761616,2025,5,UL Monroe,Arkansas State,-5.00731440392868,1.5,-6.50731440392868,away,12.0,home_cover,-1.0,loss,55.5,44.0,under,-11.272727272727268,-0.08946608946608943
401757170,2025,5,Buffalo,UConn,0.7271648891993525,-3.0,3.7271648891993525,home,-3.0,push,0.0,push,51.0,37.0,under,-12.272727272727268,-0.09588068181818178
401752852,2025,5,Washington,Ohio State,-15.269046412871,-9.0,-6.269046412871001,away,-18.0,away_cover,0.9090909090909091,win,53.5,30.0,under,-11.36363636363636,-0.0880902043692741
401752851,2025,5,Northwestern,UCLA,1.353046462659954,6.0,-4.646953537340046,away,3.0,away_cover,0.9090909090909091,win,46.0,31.0,under,-10.454545454545451,-0.0804195804195804
401756907,2025,5,Oklahoma State,Baylor,-14.217541162957698,-21.0,6.782458837042302,home,-18.0,home_cover,0.9090909090909091,win,59.0,72.0,over,-9.545454545454543,-0.07286606523247743
401760380,2025,5,Northern Illinois,San Diego State,-5.387343998409099,-2.0,-3.387343998409099,away,-3.0,away_cover,0.9090909090909091,win,42.0,9.0,under,-8.636363636363635,-0.06542699724517906
401762473,2025,5,Navy,Rice,17.451201384554786,14.0,3.4512013845547855,home,8.0,away_cover,-1.0,loss,46.0,34.0,under,-9.636363636363635,-0.07245386192754613
401762824,2025,5,Toledo,Akron,17.61086107921445,21.0,-3.3891389207855482,away,42.0,home_cover,-1.0,loss,50.0,48.0,under,-10.636363636363635,-0.07937584803256444
401752853,2025,5,Iowa,Indiana,-4.570743735626545,-9.5,4.929256264373455,home,-5.0,home_cover,0.9090909090909091,win,47.5,35.0,under,-9.727272727272727,-0.07205387205387205
401757269,2025,5,Southern Miss,Jacksonville State,-1.044354761492528,4.5,-5.544354761492528,away,17.0,home_cover,-1.0,loss,56.0,67.0,over,-11.818181818181818,-0.08502289077828647
401752718,2025,5,Georgia,Alabama,6.559270474599792,2.0,4.559270474599792,home,-3.0,away_cover,-1.0,loss,54.0,45.0,under,-12.818181818181818,-0.09155844155844156
401752722,2025,5,South Carolina,Kentucky,1.7243582046863164,5.0,-3.2756417953136836,away,22.0,home_cover,-1.0,loss,47.0,48.0,over,-13.818181818181818,-0.09800128949065119
401756903,2025,5,Colorado,BYU,-1.0715206987342398,-6.5,5.42847930126576,home,-3.0,home_cover,0.9090909090909091,win,49.0,45.0,under,-12.90909090909091,-0.09090909090909091
401757275,2025,6,New Mexico State,Sam Houston,-8.42245884379954,-2.0,-6.422458843799539,away,27.0,home_cover,-1.0,loss,52.0,47.0,under,-13.90909090909091,-0.09726636999364273
401762475,2025,6,South Florida,Charlotte,22.18122319754754,28.0,-5.8187768024524615,away,28.0,push,0.0,push,55.5,80.0,over,-13.90909090909091,-0.0965909090909091
401762475,2025,6,South Florida,Charlotte,22.18122319754754,28.0,-5.8187768024524615,away,28.0,push,0.0,push,55.5,80.0,over,-13.90909090909091,-0.09592476489028214
401760384,2025,6,San José State,New Mexico,-2.167111356215102,2.0,-4.167111356215102,away,7.0,home_cover,-1.0,loss,59.5,63.0,over,-14.90909090909091,-0.10211706102117062
401756909,2025,6,BYU,West Virginia,15.524274525894654,20.0,-4.475725474105346,away,14.0,away_cover,0.9090909090909091,win,47.0,62.0,over,-14.000000000000002,-0.09523809523809525
401754552,2025,6,North Carolina,Clemson,-8.800629074812374,-14.5,5.699370925187626,home,-28.0,away_cover,-1.0,loss,48.0,48.0,push,-15.000000000000002,-0.10135135135135136
401752861,2025,6,Purdue,Illinois,-10.951315299803518,-7.0,-3.951315299803518,away,-16.0,away_cover,0.9090909090909091,win,54.5,70.0,over,-14.090909090909093,-0.09456985967053083
401762830,2025,6,Ball State,Ohio,-9.885233119582727,-14.0,4.114766880417273,home,6.0,home_cover,0.9090909090909091,win,51.5,34.0,under,-13.181818181818185,-0.0878787878787879
401752728,2025,6,Georgia,Kentucky,26.14431525219618,20.0,6.144315252196179,home,21.0,home_cover,0.9090909090909091,win,49.0,49.0,push,-12.272727272727277,-0.08127633955448528
401756911,2025,6,Baylor,Kansas State,1.4891515817467749,5.0,-3.510848418253225,away,1.0,away_cover,0.9090909090909091,win,60.0,69.0,over,-11.363636363636369,-0.07476076555023926
401756910,2025,6,Arizona,Oklahoma State,14.506057686269946,21.5,-6.993942313730054,away,28.0,home_cover,-1.0,loss,56.5,54.0,under,-12.363636363636369,-0.08080808080808084
401757171,2025,6,UConn,Florida International,10.097626421032082,7.0,3.097626421032082,home,41.0,home_cover,0.9090909090909091,win,52.0,61.0,over,-11.45454545454546,-0.07438016528925624
401752726,2025,6,Alabama,Vanderbilt,17.06086126448574,13.5,3.560861264485741,home,16.0,home_cover,0.9090909090909091,win,57.5,44.0,under,-10.545454545454552,-0.06803519061583582
401757165,2025,6,Notre Dame,Boise State,27.855321256307537,21.5,6.355321256307537,home,21.0,away_cover,-1.0,loss,63.0,35.0,under,-12.545454545454552,-0.07990735379270415
401752940,2025,6,App State,Oregon State,-3.0497522964147903,2.0,-5.04975229641479,away,4.0,home_cover,-1.0,loss,53.5,50.0,under,-13.545454545454552,-0.08573072497123134
401761620,2025,6,Arkansas State,Texas State,-9.618961480765236,-14.0,4.381038519234764,home,1.0,home_cover,0.9090909090909091,win,63.5,61.0,under,-12.636363636363644,-0.07947398513436255
401752729,2025,6,Oklahoma,Kent State,43.22414101608382,46.5,-3.27585898391618,away,44.0,away_cover,0.9090909090909091,win,54.0,44.0,under,-11.727272727272736,-0.0732954545454546
401762477,2025,6,Rice,Florida Atlantic,0.6972557102340171,5.0,-4.302744289765982,away,-6.0,away_cover,0.9090909090909091,win,55.0,48.0,under,-11.818181818181827,-0.07295173961840634
401756913,2025,6,Houston,Texas Tech,-8.099540512201305,-13.0,4.900459487798695,home,-24.0,away_cover,-1.0,loss,51.5,46.0,under,-12.818181818181827,-0.07863915225878422
401756915,2025,6,UCF,Kansas,-0.9321036962381904,-4.0,3.0678963037618097,home,-7.0,away_cover,-1.0,loss,54.0,47.0,under,-13.818181818181827,-0.08425720620842578
401754553,2025,6,Florida State,Miami,1.2168515982496784,-3.5,4.716851598249678,home,-6.0,away_cover,-1.0,loss,54.5,50.0,under,-14.818181818181827,-0.08980716253443531
401762481,2025,7,North Texas,South Florida,6.068572170612198,2.5,3.568572170612198,home,-27.0,away_cover,-1.0,loss,68.5,99.0,over,-15.909090909090919,-0.09413663259817112
401752862,2025,7,Washington,Rutgers,3.9660321804836327,9.5,-5.533967819516367,away,19.0,home_cover,-1.0,loss,62.0,57.0,under,-16.90909090909092,-0.09946524064171129
401762483,2025,7,Army,Charlotte,20.700229142779612,17.5,3.2002291427796123,home,17.0,away_cover,-1.0,loss,45.5,31.0,under,-17.90909090909092,-0.10473152578415743
401762483,2025,7,Army,Charlotte,20.700229142779612,17.5,3.2002291427796123,home,17.0,away_cover,-1.0,loss,45.5,31.0,under,-18.90909090909092,-0.10993657505285419
401761625,2025,7,James Madison,Louisiana,12.341781424067005,18.5,-6.158218575932995,away,10.0,away_cover,0.9090909090909091,win,45.0,38.0,under,-18.00000000000001,-0.10404624277456653
401756917,2025,7,Cincinnati,UCF,4.197359829731808,10.5,-6.302640170268192,away,9.0,away_cover,0.9090909090909091,win,55.5,31.0,under,-17.0909090909091,-0.09822361546499483
401752865,2025,7,Illinois,Ohio State,-21.004607532189105,-15.0,-6.004607532189105,away,-18.0,away_cover,0.9090909090909091,win,51.0,50.0,under,-16.18181818181819,-0.09246753246753252
401756920,2025,7,Oklahoma State,Houston,-10.725136537361587,-14.5,3.7748634626384128,home,-22.0,away_cover,-1.0,loss,48.0,56.0,over,-17.18181818181819,-0.09762396694214881
401752863,2025,7,Michigan State,UCLA,12.115628057698878,7.0,5.115628057698878,home,-25.0,away_cover,-1.0,loss,52.0,51.0,under,-18.18181818181819,-0.10272213662044176
401762833,2025,7,Akron,Miami (OH),-16.544164649158148,-12.0,-4.544164649158148,away,-13.0,away_cover,0.9090909090909091,win,47.5,27.0,under,-17.27272727272728,-0.0970377936670072
401762836,2025,7,Eastern Michigan,Northern Illinois,-5.316912645251826,-1.5,-3.8169126452518256,away,6.0,home_cover,-1.0,loss,48.0,26.0,under,-18.27272727272728,-0.10208227526663285
401762837,2025,7,Kent State,Massachusetts,-5.3055222940089894,1.0,-6.3055222940089894,away,36.0,home_cover,-1.0,loss,50.0,48.0,under,-19.27272727272728,-0.10707070707070711
401754562,2025,7,Notre Dame,NC State,27.886572678487457,23.5,4.3865726784874575,home,29.0,home_cover,0.9090909090909091,win,59.5,43.0,under,-18.36363636363637,-0.10145655449522857
401762834,2025,7,Western Michigan,Ball State,6.02425509943902,9.5,-3.47574490056098,away,42.0,home_cover,-1.0,loss,43.0,42.0,under,-19.36363636363637,-0.10639360639360643
401756919,2025,7,Kansas State,TCU,2.4015065161079696,-3.0,5.40150651610797,home,13.0,home_cover,0.9090909090909091,win,54.5,69.0,over,-18.45454545454546,-0.10084451068057629
401752870,2025,7,Oregon,Indiana,9.6714109662355,6.5,3.1714109662355003,home,-10.0,away_cover,-1.0,loss,51.0,50.0,under,-19.45454545454546,-0.10573122529644272
401752866,2025,7,Penn State,Northwestern,25.547576842680108,20.5,5.047576842680108,home,-1.0,away_cover,-1.0,loss,46.5,43.0,under,-20.45454545454546,-0.11056511056511059
401752736,2025,7,Texas,Oklahoma,7.934068074693911,2.5,5.434068074693911,home,17.0,home_cover,0.9090909090909091,win,44.5,29.0,under,-19.54545454545455,-0.10508308895405673
401761624,2025,7,Georgia State,App State,-6.688892540153016,-3.0,-3.6888925401530157,away,-21.0,away_cover,0.9090909090909091,win,55.5,61.0,over,-17.72727272727273,-0.09429400386847196
401754560,2025,7,Georgia Tech,Virginia Tech,10.137877262404151,14.0,-3.8621227375958487,away,15.0,home_cover,-1.0,loss,55.5,55.0,under,-18.72727272727273,-0.0990860990860991
401762484,2025,7,Temple,Navy,-5.216017406359072,-10.0,4.783982593640928,home,-1.0,home_cover,0.9090909090909091,win,52.5,63.0,over,-16.90909090909091,-0.08852927177534507
401762482,2025,7,Florida Atlantic,UAB,-0.7230465107420683,4.5,-5.223046510742068,away,20.0,home_cover,-1.0,loss,66.0,86.0,over,-17.90909090909091,-0.09327651515151515
401761623,2025,7,Coastal Carolina,UL Monroe,3.847081498976495,-3.0,6.847081498976495,home,15.0,home_cover,0.9090909090909091,win,46.5,31.0,under,-17.0,-0.08808290155440414
401760391,2025,7,Wyoming,San José State,-5.479674769788159,-1.5,-3.9796747697881587,away,7.0,home_cover,-1.0,loss,49.5,63.0,over,-18.0,-0.09278350515463918
401754558,2025,7,Boston College,Clemson,-9.6719406822102,-14.0,4.3280593177897995,home,-31.0,away_cover,-1.0,loss,54.0,51.0,under,-19.0,-0.09743589743589744
401756921,2025,7,Texas Tech,Kansas,8.806869443426699,13.5,-4.693130556573301,away,25.0,home_cover,-1.0,loss,58.5,59.0,over,-20.0,-0.10204081632653061
401752731,2025,7,Auburn,Georgia,-9.26022127117974,-4.5,-4.76022127117974,away,-10.0,away_cover,0.9090909090909091,win,46.5,30.0,under,-19.09090909090909,-0.09690816797415781
401752868,2025,7,USC,Michigan,-1.259532685803986,3.0,-4.259532685803986,away,18.0,home_cover,-1.0,loss,58.0,44.0,under,-20.09090909090909,-0.10146923783287419
401752732,2025,7,LSU,South Carolina,11.843569416014429,8.0,3.8435694160144287,home,10.0,home_cover,0.9090909090909091,win,44.5,30.0,under,-19.18181818181818,-0.09639104613978985
401760387,2025,7,Boise State,New Mexico,20.96938403751473,14.5,6.469384037514729,home,16.0,home_cover,0.9090909090909091,win,58.5,66.0,over,-18.27272727272727,-0.09136363636363636
401760390,2025,7,Nevada,San Diego State,-10.942822658882704,-6.5,-4.4428226588827044,away,-34.0,away_cover,0.9090909090909091,win,42.5,54.0,over,-17.36363636363636,-0.08638625056535502
401761628,2025,8,South Alabama,Arkansas State,4.307015621876537,8.5,-4.192984378123463,away,-1.0,away_cover,0.9090909090909091,win,57.0,29.0,under,-16.45454545454545,-0.08145814581458144
401757281,2025,8,Western Kentucky,Florida International,14.86785682630639,10.0,4.86785682630639,home,-19.0,away_cover,-1.0,loss,55.5,31.0,under,-17.45454545454545,-0.08598298253470665
401752872,2025,8,Minnesota,Nebraska,-0.7121513348188078,-7.0,6.287848665181192,home,18.0,home_cover,0.9090909090909091,win,47.5,30.0,under,-16.54545454545454,-0.08110516934046343
401756925,2025,8,Houston,Arizona,3.720406892349795,-2.0,5.720406892349795,home,3.0,home_cover,0.9090909090909091,win,47.0,59.0,over,-14.727272727272723,-0.07149161518093555
401752744,2025,8,South Carolina,Oklahoma,-0.606429340115195,-4.0,3.393570659884805,home,-19.0,away_cover,-1.0,loss,43.0,33.0,under,-15.727272727272723,-0.07597716293368466
401761633,2025,8,UL Monroe,Troy,-8.734005291001674,-4.5,-4.234005291001674,away,-23.0,away_cover,0.9090909090909091,win,46.0,51.0,over,-14.818181818181815,-0.07124125874125872
401761632,2025,8,Marshall,Texas State,0.1639704092874083,-3.0,3.1639704092874084,home,3.0,home_cover,0.9090909090909091,win,66.0,77.0,over,-13.909090909090907,-0.06655067420617658
401761629,2025,8,App State,Coastal Carolina,3.9778836469448384,10.5,-6.522116353055162,away,-8.0,away_cover,0.9090909090909091,win,48.0,82.0,over,-12.999999999999998,-0.06190476190476189
401760393,2025,8,Boise State,UNLV,9.21695102605727,13.0,-3.78304897394273,away,25.0,home_cover,-1.0,loss,61.0,87.0,over,-13.999999999999998,-0.06635071090047392
401752878,2025,8,Indiana,Michigan State,22.51182616555655,26.5,-3.988173834443451,away,25.0,away_cover,0.9090909090909091,win,49.5,51.0,over,-13.09090909090909,-0.06174957118353344
401760392,2025,8,Air Force,Wyoming,-1.618179758961111,4.0,-5.618179758961111,away,3.0,away_cover,0.9090909090909091,win,56.5,45.0,under,-12.181818181818182,-0.057191634656423386
401762838,2025,8,Ball State,Akron,1.197786055574307,-2.0,3.1977860555743067,home,14.0,home_cover,0.9090909090909091,win,44.0,70.0,over,-11.272727272727273,-0.052676295666949875
401754565,2025,8,Clemson,SMU,7.79528900237265,3.5,4.29528900237265,home,-11.0,away_cover,-1.0,loss,50.0,59.0,over,-12.272727272727273,-0.05708245243128964
401752741,2025,8,Florida,Mississippi State,5.8233745969300434,9.5,-3.6766254030699566,away,2.0,away_cover,0.9090909090909091,win,51.0,44.0,under,-11.363636363636365,-0.05260942760942761
401761668,2025,8,Louisiana,Southern Miss,2.655520890374312,-4.0,6.655520890374312,home,-12.0,away_cover,-1.0,loss,54.5,32.0,under,-12.363636363636365,-0.0569752827817344
401752879,2025,8,UCLA,Maryland,-1.5309393702858998,3.5,-5.0309393702859,away,3.0,away_cover,0.9090909090909091,win,52.5,37.0,under,-11.454545454545457,-0.052543786488740626
401752875,2025,8,Iowa,Penn State,-0.2569676503788178,3.0,-3.256967650378818,away,1.0,away_cover,0.9090909090909091,win,41.0,49.0,over,-10.545454545454549,-0.04815276048152762
401752871,2025,8,Notre Dame,USC,17.39016479956365,11.0,6.3901647995636495,home,10.0,away_cover,-1.0,loss,60.5,58.0,under,-12.545454545454549,-0.05676676264911561
401754568,2025,8,Syracuse,Pittsburgh,-6.16564643574721,-9.5,3.3343535642527904,home,-17.0,away_cover,-1.0,loss,54.5,43.0,under,-13.545454545454549,-0.06101556101556103
401762490,2025,8,South Florida,Florida Atlantic,15.9901210461736,20.5,-4.5098789538264,away,35.0,home_cover,-1.0,loss,72.5,61.0,under,-14.545454545454549,-0.06522625356706076
401752740,2025,8,Auburn,Missouri,3.3872696844532175,-1.5,4.8872696844532175,home,-6.0,away_cover,-1.0,loss,44.0,40.0,under,-15.545454545454549,-0.06939935064935067
401756924,2025,8,BYU,Utah,-0.0696475573658634,-4.0,3.9303524426341365,home,3.0,home_cover,0.9090909090909091,win,49.5,45.0,under,-14.63636363636364,-0.06505050505050507
401760395,2025,8,New Mexico,Nevada,9.344278319878606,14.0,-4.655721680121394,away,2.0,away_cover,0.9090909090909091,win,49.5,46.0,under,-14.727272727272732,-0.06487785342410896
401757285,2025,9,Florida International,Kennesaw State,3.318073366267642,-3.0,6.318073366267642,home,-19.0,away_cover,-1.0,loss,48.5,71.0,over,-15.727272727272732,-0.06897926634768742
401757286,2025,9,Louisiana Tech,Western Kentucky,-1.464713729813731,5.0,-6.464713729813731,away,-1.0,away_cover,0.9090909090909091,win,50.0,55.0,over,-14.818181818181824,-0.06470821754664552
401752884,2025,9,Purdue,Rutgers,-2.2357716792784244,2.5,-4.735771679278424,away,-3.0,away_cover,0.9090909090909091,win,60.0,51.0,under,-13.000000000000007,-0.05627705627705631
401761635,2025,9,Old Dominion,App State,6.791454228669515,13.5,-6.708545771330485,away,3.0,away_cover,0.9090909090909091,win,62.5,45.0,under,-12.090909090909099,-0.05211598746081508
401762846,2025,9,Kent State,Bowling Green,-13.624153121420736,-7.5,-6.124153121420736,away,3.0,home_cover,-1.0,loss,48.0,45.0,under,-13.090909090909099,-0.056184159188451065
401752883,2025,9,Nebraska,Northwestern,3.7550419111003057,7.0,-3.2449580888996943,away,7.0,push,0.0,push,44.5,49.0,over,-13.090909090909099,-0.05594405594405598
401752882,2025,9,Iowa,Minnesota,12.036825083722944,7.0,5.036825083722944,home,38.0,home_cover,0.9090909090909091,win,38.5,44.0,over,-11.272727272727282,-0.047765793528505435
401761637,2025,9,Southern Miss,UL Monroe,18.49802544272689,14.0,4.498025442726892,home,28.0,home_cover,0.9090909090909091,win,49.0,70.0,over,-10.363636363636374,-0.04372842347525896
401762845,2025,9,Northern Illinois,Ball State,11.206796638477012,6.5,4.706796638477012,home,14.0,home_cover,0.9090909090909091,win,42.0,28.0,under,-9.454545454545466,-0.03972498090145154
401752751,2025,9,South Carolina,Alabama,-16.885032893695875,-11.5,-5.385032893695875,away,-7.0,home_cover,-1.0,loss,48.0,51.0,over,-10.454545454545466,-0.043742868010650485
401752952,2025,9,Washington State,Toledo,-6.19808752620058,-2.0,-4.19808752620058,away,21.0,home_cover,-1.0,loss,44.5,35.0,under,-11.454545454545466,-0.04772727272727277
401752749,2025,9,Mississippi State,Texas,-14.084554127899953,-8.0,-6.084554127899953,away,-7.0,home_cover,-1.0,loss,48.5,83.0,over,-13.454545454545466,-0.0555972952667168
401756935,2025,9,West Virginia,TCU,-13.03016325936544,-16.5,3.4698367406345607,home,-6.0,home_cover,0.9090909090909091,win,55.5,40.0,under,-12.545454545454557,-0.051627384960718344
401761638,2025,9,Troy,Louisiana,2.90078013194631,7.0,-4.09921986805369,away,12.0,home_cover,-1.0,loss,47.0,58.0,over,-13.545454545454557,-0.05551415797317442
401752748,2025,9,LSU,Texas A&M,1.6301720451950512,-1.5,3.130172045195051,home,-24.0,away_cover,-1.0,loss,50.5,74.0,over,-14.545454545454557,-0.05936920222634513
401754570,2025,9,Louisville,Boston College,19.887859748491607,25.5,-5.612140251508393,away,14.0,away_cover,0.9090909090909091,win,54.5,62.0,over,-13.63636363636365,-0.05543237250554329
401760398,2025,9,Wyoming,Colorado State,2.960487167190939,6.0,-3.039512832809061,away,28.0,home_cover,-1.0,loss,46.5,28.0,under,-14.63636363636365,-0.05925653294074352
401756929,2025,9,Arizona State,Houston,4.463998156325819,7.5,-3.036001843674181,away,-8.0,away_cover,0.9090909090909091,win,47.0,40.0,under,-13.72727272727274,-0.055351906158357826
401757289,2025,10,Kennesaw State,UTEP,4.991780627503051,11.5,-6.508219372496949,away,13.0,home_cover,-1.0,loss,53.0,53.0,push,-14.72727272727274,-0.059145673603504985
401762497,2025,10,Rice,Memphis,-20.58849039952239,-14.0,-6.588490399522389,away,-24.0,away_cover,0.9090909090909091,win,48.0,52.0,over,-14.818181818181833,-0.059036580948931605
401757290,2025,10,Louisiana Tech,Sam Houston,10.15290653923132,16.5,-6.347093460768679,away,41.0,home_cover,-1.0,loss,48.0,69.0,over,-14.909090909090924,-0.05892921307941077
401752891,2025,10,Illinois,Rutgers,9.986922984658724,13.0,-3.013077015341276,away,22.0,home_cover,-1.0,loss,63.5,48.0,under,-15.909090909090924,-0.06263421617752332
401752758,2025,10,Texas,Vanderbilt,9.82186210853871,3.5,6.32186210853871,home,3.0,away_cover,-1.0,loss,48.5,65.0,over,-16.909090909090924,-0.06631016042780755
401762499,2025,10,North Texas,Navy,10.291948498967564,6.5,3.791948498967564,home,14.0,home_cover,0.9090909090909091,win,68.5,48.0,under,-16.000000000000014,-0.06250000000000006
401756936,2025,10,Baylor,UCF,-2.854831199058606,3.0,-5.854831199058606,away,27.0,home_cover,-1.0,loss,58.5,33.0,under,-17.000000000000014,-0.06614785992217904
401756938,2025,10,Houston,West Virginia,8.292730047114038,13.0,-4.707269952885962,away,-10.0,away_cover,0.9090909090909091,win,48.5,80.0,over,-16.090909090909104,-0.06236786469344614
401754581,2025,10,SMU,Miami,-3.461108047728504,-8.5,5.038891952271496,home,6.0,home_cover,0.9090909090909091,win,50.5,46.0,under,-15.181818181818196,-0.058617058617058675
401752889,2025,10,Ohio State,Penn State,12.452861898133628,18.0,-5.547138101866372,away,24.0,home_cover,-1.0,loss,45.5,52.0,over,-16.181818181818194,-0.062237762237762284
401754577,2025,10,Clemson,Duke,8.767002041561089,4.0,4.7670020415610885,home,-1.0,away_cover,-1.0,loss,55.0,91.0,over,-17.181818181818194,-0.06583072100313485
401762498,2025,10,Temple,East Carolina,-1.2366966066439256,-5.0,3.7633033933560744,home,-31.0,away_cover,-1.0,loss,58.0,59.0,over,-18.181818181818194,-0.06939625260235951
401760404,2025,10,UNLV,New Mexico,7.266045018278799,3.5,3.766045018278799,home,-5.0,away_cover,-1.0,loss,61.5,75.0,over,-19.181818181818194,-0.07293466989284485
401752887,2025,10,Maryland,Indiana,-17.49654812952038,-21.0,3.503451870479619,home,-45.0,away_cover,-1.0,loss,51.0,65.0,over,-20.181818181818194,-0.07644628099173559
401757294,2025,10,Western Kentucky,New Mexico State,10.532443569100522,7.5,3.032443569100522,home,19.0,home_cover,0.9090909090909091,win,53.5,51.0,under,-19.272727272727284,-0.07272727272727277
401756941,2025,10,Kansas State,Texas Tech,-0.3384970764507198,-7.0,6.66150292354928,home,-23.0,away_cover,-1.0,loss,52.0,63.0,over,-20.272727272727284,-0.07621326042378679
401761641,2025,10,UL Monroe,Old Dominion,-11.555838799943448,-17.0,5.444161200056552,home,-25.0,away_cover,-1.0,loss,55.5,37.0,under,-21.272727272727284,-0.07967313585291118
401760402,2025,10,Boise State,Fresno State,23.095734177000946,17.5,5.595734177000946,home,-23.0,away_cover,-1.0,loss,48.0,37.0,under,-22.272727272727284,-0.08310719131614658
401754582,2025,10,Stanford,Pittsburgh,-9.851050577444898,-13.5,3.648949422555102,home,-15.0,away_cover,-1.0,loss,51.5,55.0,over,-23.272727272727284,-0.08651571476850292
401761643,2025,10,Troy,Arkansas State,3.0091807123700685,8.0,-4.9908192876299315,away,-13.0,away_cover,0.9090909090909091,win,52.5,33.0,under,-23.363636363636374,-0.08621268030862131
401752896,2025,11,USC,Northwestern,17.6566341501214,14.5,3.1566341501213984,home,21.0,home_cover,0.9090909090909091,win,54.0,55.0,over,-22.454545454545464,-0.08255347593582892
401762501,2025,11,Memphis,Tulane,8.146796486132285,3.0,5.146796486132285,home,-6.0,away_cover,-1.0,loss,54.0,70.0,over,-23.454545454545464,-0.08591408591408595
401762503,2025,11,Army,Temple,3.810029285315625,7.0,-3.189970714684375,away,1.0,away_cover,0.9090909090909091,win,45.0,27.0,under,-22.545454545454554,-0.08228268082282685
401761647,2025,11,Arkansas State,Southern Miss,-0.6546401194644549,-6.5,5.845359880535545,home,-6.0,home_cover,0.9090909090909091,win,55.0,48.0,under,-21.636363636363644,-0.07867768595041325
401754584,2025,11,Boston College,SMU,-15.701736714873288,-10.5,-5.201736714873288,away,-32.0,away_cover,0.9090909090909091,win,54.5,58.0,over,-20.727272727272734,-0.07509881422924904
401752762,2025,11,Mississippi State,Georgia,-15.4939487806721,-9.5,-5.993948780672101,away,-20.0,away_cover,0.9090909090909091,win,56.5,62.0,over,-19.818181818181824,-0.0715457827371185
401761646,2025,11,Marshall,James Madison,-7.457563847590185,-13.5,6.042436152409815,home,-12.0,home_cover,0.9090909090909091,win,53.5,58.0,over,-18.909090909090914,-0.06801831262262918
401762502,2025,11,Rice,UAB,-3.7677138520725775,1.0,-4.7677138520725775,away,7.0,home_cover,-1.0,loss,51.5,41.0,under,-20.000000000000004,-0.0711743772241993
401752894,2025,11,Rutgers,Maryland,-2.5571995892343917,1.5,-4.057199589234392,away,15.0,home_cover,-1.0,loss,57.0,55.0,under,-21.000000000000004,-0.07446808510638299
401757296,2025,11,Middle Tennessee,Florida International,-2.838366457871756,2.0,-4.838366457871755,away,-26.0,away_cover,0.9090909090909091,win,51.0,86.0,over,-20.090909090909093,-0.07099261162865404
401757297,2025,11,UTEP,Jacksonville State,-5.553844527125003,-1.5,-4.053844527125003,away,-3.0,away_cover,0.9090909090909091,win,46.5,57.0,over,-19.181818181818183,-0.06754161331626121
401752763,2025,11,Missouri,Texas A&M,-3.739444903978387,-7.0,3.260555096021613,home,-21.0,away_cover,-1.0,loss,48.0,55.0,over,-20.181818181818183,-0.0708133971291866
401754587,2025,11,Miami,Syracuse,25.48223306657056,28.5,-3.0177669334294386,away,28.0,away_cover,0.9090909090909091,win,46.5,48.0,over,-19.272727272727273,-0.06738715829624921
401754590,2025,11,UConn,Duke,-2.0727987250265167,-8.0,5.927201274973483,home,3.0,home_cover,0.9090909090909091,win,63.0,71.0,over,-18.363636363636363,-0.06398479569211277
401752764,2025,11,Vanderbilt,Auburn,1.8055349497002495,6.0,-4.19446505029975,away,7.0,home_cover,-1.0,loss,46.0,83.0,over,-19.363636363636363,-0.06723484848484848
401752759,2025,11,Alabama,LSU,15.59972923166616,10.0,5.59972923166616,home,11.0,home_cover,0.9090909090909091,win,49.5,29.0,under,-18.454545454545453,-0.06385655866624725
401752895,2025,11,UCLA,Nebraska,-3.3163701755538826,2.0,-5.316370175553883,away,-7.0,away_cover,0.9090909090909091,win,46.0,49.0,over,-17.545454545454543,-0.06050156739811911
401760408,2025,11,Hawai'i,San Diego State,-10.574422308715445,-6.5,-4.0744223087154445,away,32.0,home_cover,-1.0,loss,48.0,44.0,under,-17.636363636363633,-0.06039850560398505
401762858,2025,12,Central Michigan,Buffalo,-1.094388489862788,2.0,-3.094388489862788,away,19.0,home_cover,-1.0,loss,45.0,57.0,over,-18.636363636363633,-0.06360533664287929
401761649,2025,12,Old Dominion,Troy,4.776933821531785,10.0,-5.223066178468215,away,33.0,home_cover,-1.0,loss,53.0,33.0,under,-19.636363636363633,-0.0667903525046382
401752904,2025,12,Oregon,Minnesota,31.27160884505561,27.0,4.27160884505561,home,29.0,home_cover,0.9090909090909091,win,46.0,55.0,over,-18.727272727272723,-0.06348228043143296
401752901,2025,12,Indiana,Wisconsin,24.949321437416486,28.0,-3.0506785625835136,away,24.0,away_cover,0.9090909090909091,win,43.5,38.0,under,-17.818181818181813,-0.06019656019656018
401754597,2025,12,Pittsburgh,Notre Dame,-18.08774111909052,-13.0,-5.08774111909052,away,-22.0,away_cover,0.9090909090909091,win,55.0,52.0,under,-16.909090909090903,-0.05693296602387509
401756951,2025,12,Cincinnati,Arizona,2.466499997972218,6.0,-3.533500002027782,away,-6.0,away_cover,0.9090909090909091,win,56.0,54.0,under,-15.999999999999995,-0.05369127516778522
401752945,2025,12,Tulsa,Oregon State,-4.426986302034363,1.0,-5.426986302034363,away,17.0,home_cover,-1.0,loss,50.5,45.0,under,-16.999999999999993,-0.056856187290969876
401756948,2025,12,Arizona State,West Virginia,6.143148489219815,10.0,-3.856851510780185,away,2.0,away_cover,0.9090909090909091,win,46.5,48.0,over,-16.090909090909083,-0.05363636363636361
401752907,2025,12,USC,Iowa,1.4161779265104384,6.5,-5.083822073489562,away,5.0,away_cover,0.9090909090909091,win,48.5,47.0,under,-15.181818181818175,-0.05043793415886437
401752903,2025,12,Michigan State,Penn State,-12.596519599795164,-7.0,-5.596519599795164,away,-18.0,away_cover,0.9090909090909091,win,49.0,38.0,under,-14.272727272727266,-0.047260686333533995
401752765,2025,12,Alabama,Oklahoma,10.675711918411311,6.5,4.175711918411311,home,-2.0,away_cover,-1.0,loss,45.5,44.0,under,-14.363636363636358,-0.04724880382775118
401752906,2025,12,Illinois,Maryland,11.90793268623136,16.5,-4.59206731376864,away,18.0,home_cover,-1.0,loss,52.0,30.0,under,-15.363636363636358,-0.05037257824143068
401756953,2025,12,Texas Tech,UCF,19.826538697746496,24.0,-4.173461302253504,away,39.0,home_cover,-1.0,loss,48.5,57.0,over,-16.36363636363636,-0.05347593582887699
401752771,2025,12,Tennessee,New Mexico State,36.591746104508104,41.5,-4.908253895491896,away,33.0,away_cover,0.9090909090909091,win,60.0,51.0,under,-15.454545454545451,-0.050340538939887464
401754596,2025,12,Wake Forest,North Carolina,-1.242379489955188,3.5,-4.742379489955188,away,16.0,home_cover,-1.0,loss,38.0,40.0,over,-16.454545454545453,-0.053423848878394326
401752900,2025,12,Ohio State,UCLA,38.10597552710637,33.0,5.1059755271063665,home,38.0,home_cover,0.9090909090909091,win,46.5,58.0,over,-16.545454545454543,-0.053372434017595304
401752770,2025,12,Missouri,Mississippi State,1.98939257730898,7.0,-5.01060742269102,away,22.0,home_cover,-1.0,loss,50.0,76.0,over,-16.636363636363633,-0.05332167832167831
401752953,2025,12,Washington State,Louisiana Tech,4.56213455879165,10.0,-5.43786544120835,away,25.0,home_cover,-1.0,loss,43.5,31.0,under,-16.727272727272727,-0.05327156919513607
401756950,2025,12,BYU,TCU,-0.7381251918059641,3.0,-3.738125191805964,away,31.0,home_cover,-1.0,loss,52.0,57.0,over,-17.727272727272727,-0.05627705627705627
401760412,2025,12,Fresno State,Wyoming,7.529721511709731,3.0,4.529721511709731,home,21.0,home_cover,0.9090909090909091,win,40.5,27.0,under,-16.818181818181817,-0.05322209436133486
401762864,2025,13,Northern Illinois,Western Michigan,-3.885133316836106,-7.0,3.114866683163894,home,-16.0,away_cover,-1.0,loss,39.5,54.0,over,-17.818181818181817,-0.056208775451677656
401762865,2025,13,Buffalo,Miami (OH),-8.843041736054946,-2.5,-6.343041736054946,away,-17.0,away_cover,0.9090909090909091,win,38.5,57.0,over,-16.909090909090907,-0.053173241852487126
401761655,2025,13,Arkansas State,Louisiana,-3.6831692592084617,2.5,-6.183169259208462,away,-4.0,away_cover,0.9090909090909091,win,54.0,64.0,over,-15.999999999999998,-0.05015673981191222
401760418,2025,13,UNLV,Hawai'i,5.53191769952519,2.5,3.0319176995251897,home,28.0,home_cover,0.9090909090909091,win,64.5,48.0,under,-15.09090909090909,-0.04715909090909091
401756958,2025,13,Iowa State,Kansas,-0.2760457566158241,3.5,-3.776045756615824,away,24.0,home_cover,-1.0,loss,55.5,52.0,under,-16.09090909090909,-0.05012744265080713
401752912,2025,13,Ohio State,Rutgers,32.44404221417288,29.0,3.4440422141728817,home,33.0,home_cover,0.9090909090909091,win,54.0,51.0,under,-15.181818181818182,-0.0471485036702428
401752909,2025,13,Northwestern,Minnesota,-0.1027211420573603,4.0,-4.10272114205736,away,3.0,away_cover,0.9090909090909091,win,41.0,73.0,over,-14.272727272727273,-0.04418801013228258
401754602,2025,13,SMU,Louisville,7.61499151245824,4.0,3.61499151245824,home,32.0,home_cover,0.9090909090909091,win,49.5,44.0,under,-13.363636363636365,-0.04124579124579125
401760419,2025,13,Wyoming,Nevada,3.053796878825014,6.5,-3.446203121174986,away,-6.0,away_cover,0.9090909090909091,win,39.5,20.0,under,-15.454545454545459,-0.04711751662971177
401757309,2025,13,UTEP,New Mexico State,0.7688819915942564,4.0,-3.2311180084057436,away,-3.0,away_cover,0.9090909090909091,win,44.5,65.0,over,-14.54545454545455,-0.04421110804089529
401757308,2025,13,Middle Tennessee,Sam Houston,1.6515307818004352,7.0,-5.348469218199565,away,14.0,home_cover,-1.0,loss,53.5,48.0,under,-15.54545454545455,-0.04710743801652894
401757175,2025,13,Florida Atlantic,UConn,-10.845728093806294,-6.0,-4.845728093806294,away,-3.0,home_cover,-1.0,loss,64.0,93.0,over,-16.54545454545455,-0.04998626750892613
401762511,2025,13,UAB,South Florida,-15.454787376480615,-21.0,5.545212623519385,home,-30.0,away_cover,-1.0,loss,69.0,66.0,under,-17.54545454545455,-0.052847754654983585
401754604,2025,13,Notre Dame,Syracuse,40.49548193203155,37.0,3.495481932031552,home,63.0,home_cover,0.9090909090909091,win,51.0,77.0,over,-16.63636363636364,-0.04995904995904997
401762513,2025,13,UTSA,East Carolina,-6.513159094588166,-2.0,-4.513159094588166,away,34.0,home_cover,-1.0,loss,62.5,82.0,over,-17.63636363636364,-0.052803483941208505
401752782,2025,13,Vanderbilt,Kentucky,3.3599600015631266,7.0,-3.6400399984368734,away,28.0,home_cover,-1.0,loss,53.5,62.0,over,-18.63636363636364,-0.055630936227951164
401752911,2025,13,Oregon,USC,14.04364431034544,11.0,3.0436443103454405,home,15.0,home_cover,0.9090909090909091,win,59.0,69.0,over,-17.72727272727273,-0.05275974025974027
401761660,2025,13,Troy,Georgia State,2.940591184700565,9.5,-6.5594088152994345,away,12.0,home_cover,-1.0,loss,51.0,50.0,under,-18.72727272727273,-0.0555705422174265
401756959,2025,13,UCF,Oklahoma State,10.308957246624423,13.5,-3.1910427533755765,away,3.0,away_cover,0.9090909090909091,win,47.5,31.0,under,-17.81818181818182,-0.052716514254975796
401754599,2025,13,Stanford,California,-8.191591905825693,-4.5,-3.6915919058256925,away,21.0,home_cover,-1.0,loss,47.5,41.0,under,-19.81818181818182,-0.05828877005347594
401752775,2025,13,Florida,Tennessee,-7.585317124495116,-3.0,-4.585317124495116,away,-20.0,away_cover,0.9090909090909091,win,58.0,42.0,under,-18.90909090909091,-0.05545187949880032
401752915,2025,13,Wisconsin,Illinois,-6.390739451800317,-9.5,3.109260548199683,home,17.0,home_cover,0.9090909090909091,win,42.0,37.0,under,-18.0,-0.05263157894736842
401752777,2025,13,LSU,Western Kentucky,19.291571914835025,24.5,-5.208428085164975,away,3.0,away_cover,0.9090909090909091,win,52.0,23.0,under,-17.09090909090909,-0.04982772329711105
401762868,2025,14,Massachusetts,Bowling Green,-17.160924260388853,-14.0,-3.160924260388853,away,-31.0,away_cover,0.9090909090909091,win,44.5,59.0,over,-16.18181818181818,-0.04704016913319238
401752916,2025,14,Nebraska,Iowa,-11.96209442577753,-6.0,-5.962094425777529,away,-24.0,away_cover,0.9090909090909091,win,39.5,56.0,over,-16.27272727272727,-0.047031003678402516
401762870,2025,14,Buffalo,Ohio,-3.032867923568894,-7.0,3.967132076431106,home,-5.0,home_cover,0.9090909090909091,win,44.5,57.0,over,-15.363636363636362,-0.04427560911710767
401760421,2025,14,Colorado State,Air Force,-6.6161902968099495,-2.5,-4.1161902968099495,away,-21.0,away_cover,0.9090909090909091,win,47.5,63.0,over,-13.545454545454545,-0.038812190674654856
401760426,2025,14,New Mexico,San Diego State,-7.594611578713313,-1.0,-6.594611578713313,away,6.0,home_cover,-1.0,loss,41.5,40.0,under,-14.545454545454545,-0.04155844155844156
401752786,2025,14,Georgia Tech,Georgia,-21.744839217623596,-16.5,-5.244839217623596,away,-7.0,home_cover,-1.0,loss,59.5,25.0,under,-15.545454545454545,-0.04428904428904429
401752792,2025,14,Texas,Texas A&M,2.133895923663065,-2.5,4.633895923663065,home,10.0,home_cover,0.9090909090909091,win,54.5,44.0,under,-14.636363636363637,-0.041580578512396695
401752924,2025,14,Purdue,Indiana,-25.07157837260756,-28.5,3.4284216273924386,home,-53.0,away_cover,-1.0,loss,54.5,59.0,over,-15.636363636363637,-0.044295647695081125
401752787,2025,14,Louisville,Kentucky,-2.689863012309509,1.0,-3.689863012309509,away,41.0,home_cover,-1.0,loss,45.5,41.0,under,-16.636363636363637,-0.04699537750385208
401756968,2025,14,West Virginia,Texas Tech,-17.63256212692579,-24.0,6.367437873074209,home,-49.0,away_cover,-1.0,loss,53.0,49.0,under,-17.636363636363637,-0.04967989756722151
401762872,2025,14,Central Michigan,Toledo,-15.824082628694509,-11.5,-4.324082628694509,away,-18.0,away_cover,0.9090909090909091,win,46.5,24.0,under,-16.727272727272727,-0.04698672114402451
401752790,2025,14,South Carolina,Clemson,6.68599057758337,2.5,4.18599057758337,home,-14.0,away_cover,-1.0,loss,46.0,42.0,under,-17.727272727272727,-0.04965622612681436
401757311,2025,14,Sam Houston,Florida International,-17.45455353722704,-10.5,-6.954553537227039,away,-40.0,away_cover,0.9090909090909091,win,51.0,72.0,over,-16.818181818181817,-0.04697816150330116
401761661,2025,14,App State,Arkansas State,-2.7005188404204654,1.0,-3.7005188404204654,away,-1.0,away_cover,0.9090909090909091,win,54.5,59.0,over,-15.0,-0.041666666666666664
401757315,2025,14,New Mexico State,Middle Tennessee,-0.8179547140205718,3.5,-4.317954714020572,away,-7.0,away_cover,0.9090909090909091,win,52.0,55.0,over,-14.090909090909092,-0.03903298917149333
401762517,2025,14,Tulsa,UAB,2.960796793977914,9.0,-6.039203206022086,away,-7.0,away_cover,0.9090909090909091,win,56.5,55.0,under,-13.181818181818183,-0.036413862380713216
401754608,2025,14,Syracuse,Boston College,-7.133228181033564,-3.0,-4.133228181033564,away,-22.0,away_cover,0.9090909090909091,win,54.0,46.0,under,-12.272727272727275,-0.033809166040571006
401754610,2025,14,Duke,Wake Forest,-1.136090877495688,2.5,-3.636090877495688,away,17.0,home_cover,-1.0,loss,54.0,81.0,over,-13.272727272727275,-0.03646353646353647
401752920,2025,14,Rutgers,Penn State,-17.290745164962303,-14.0,-3.2907451649623027,away,-4.0,home_cover,-1.0,loss,55.5,76.0,over,-14.272727272727275,-0.03910336239103363
401752785,2025,14,Florida,Florida State,-4.0948229502227225,-1.0,-3.0948229502227225,away,19.0,home_cover,-1.0,loss,49.0,61.0,over,-16.363636363636367,-0.0443458980044346
401752946,2025,14,Washington State,Oregon State,8.88406222993193,14.0,-5.11593777006807,away,24.0,home_cover,-1.0,loss,42.5,40.0,under,-17.363636363636367,-0.04692874692874694
401754613,2025,14,Virginia,Virginia Tech,12.872700117379244,8.0,4.872700117379244,home,20.0,home_cover,0.9090909090909091,win,52.5,34.0,under,-16.454545454545457,-0.04435187454055379
401754612,2025,14,NC State,North Carolina,2.041332211293314,7.0,-4.958667788706686,away,23.0,home_cover,-1.0,loss,49.0,61.0,over,-17.454545454545457,-0.04692082111436951
401752784,2025,14,Auburn,Alabama,-11.645381250147366,-7.0,-4.645381250147366,away,-7.0,push,0.0,push,48.0,47.0,under,-17.454545454545457,-0.046795028028272005
401754609,2025,14,California,SMU,-17.933632212336065,-13.5,-4.4336322123360645,away,3.0,home_cover,-1.0,loss,53.5,73.0,over,-18.454545454545457,-0.04934370442391833
401760425,2025,14,Nevada,UNLV,-11.57902826667276,-7.5,-4.0790282666727595,away,-25.0,away_cover,0.9090909090909091,win,53.0,59.0,over,-17.545454545454547,-0.04678787878787879
401760423,2025,14,San José State,Fresno State,-9.158674812867542,-3.5,-5.658674812867542,away,-27.0,away_cover,0.9090909090909091,win,46.0,55.0,over,-16.636363636363637,-0.044245647969052226
401760424,2025,14,Hawai'i,Wyoming,4.294932378734117,8.5,-4.205067621265883,away,20.0,home_cover,-1.0,loss,45.0,34.0,under,-17.636363636363637,-0.046780805401495054
401777326,2025,15,Boise State,UNLV,0.0551988112661732,6.0,-5.944801188733827,away,17.0,home_cover,-1.0,loss,60.0,59.0,under,-19.636363636363637,-0.051810985847925164
401777324,2025,15,Tulane,North Texas,-4.059503723842668,-1.0,-3.059503723842668,away,13.0,home_cover,-1.0,loss,66.5,55.0,under,-20.636363636363637,-0.05430622009569378
401777329,2025,15,Western Michigan,Miami (OH),-2.317945258248802,2.0,-4.317945258248802,away,10.0,home_cover,-1.0,loss,44.0,36.0,under,-21.636363636363637,-0.05678835600095443
401777353,2025,15,Ohio State,Indiana,9.293827425025029,3.5,5.793827425025029,home,-3.0,away_cover,-1.0,loss,46.0,23.0,under,-22.636363636363637,-0.0592574964302713
401762521,2025,16,Navy,Army,2.3380182809571206,6.0,-3.6619817190428794,away,1.0,away_cover,0.9090909090909091,win,38.0,33.0,under,-21.727272727272727,-0.05672917161167814
