game_id,season,week,home_team,away_team,predicted_spread,vegas_spread,edge,bet_side,actual_margin,ats_result,pnl,result,over_under,total_points,ou_result,cumulative_pnl,running_roi
401640998,2024,1,Jacksonville State,Coastal Carolina,-0.9733139498170482,3.5,-4.473313949817048,away,-28.0,away_cover,0.9090909090909091,win,54.5,82.0,over,1.8181818181818181,0.9090909090909091
401628453,2024,1,Michigan State,Florida Atlantic,7.473957609037496,12.0,-4.526042390962504,away,6.0,away_cover,0.9090909090909091,win,45.0,26.0,under,1.727272727272727,0.43181818181818177
401628461,2024,1,Wisconsin,Western Michigan,17.64564683401258,24.0,-6.354353165987419,away,14.0,away_cover,0.9090909090909091,win,57.0,42.0,under,2.6363636363636362,0.5272727272727272
401634300,2024,1,Stanford,TCU,-4.236881237528099,-8.0,3.763118762471901,home,-7.0,home_cover,0.9090909090909091,win,58.5,61.0,over,3.5454545454545454,0.5909090909090909
401628333,2024,1,Vanderbilt,Virginia Tech,-6.768525143212393,-13.0,6.231474856787607,home,7.0,home_cover,0.9090909090909091,win,49.0,61.0,over,4.454545454545454,0.6363636363636364
401628451,2024,1,Maryland,UConn,23.577061347699495,19.0,4.577061347699495,home,43.0,home_cover,0.9090909090909091,win,45.5,57.0,over,5.363636363636363,0.6704545454545454
401628322,2024,1,Florida,Miami,3.7243655964954856,-2.5,6.224365596495486,home,-24.0,away_cover,-1.0,loss,54.5,58.0,over,3.3636363636363633,0.3363636363636363
401628331,2024,1,Texas,Colorado State,29.11806861541125,35.0,-5.88193138458875,away,52.0,home_cover,-1.0,loss,62.5,52.0,under,2.3636363636363633,0.21487603305785122
401629039,2024,1,Massachusetts,Eastern Michigan,-3.6034973234999086,2.5,-6.103497323499909,away,-14.0,away_cover,0.9090909090909091,win,51.0,42.0,under,5.090909090909091,0.36363636363636365
401643700,2024,1,Georgia Southern,Boise State,-6.485695942431253,-13.0,6.514304057568747,home,-11.0,home_cover,0.9090909090909091,win,57.5,101.0,over,5.909090909090909,0.34759358288770054
401628329,2024,1,South Carolina,Old Dominion,15.845037999393815,20.5,-4.654962000606185,away,4.0,away_cover,0.9090909090909091,win,49.5,42.0,under,6.818181818181818,0.3787878787878788
401643775,2024,1,South Alabama,North Texas,12.10436662915938,6.0,6.104366629159379,home,-14.0,away_cover,-1.0,loss,61.5,90.0,over,5.818181818181818,0.3062200956937799
401636611,2024,1,Houston,UNLV,7.213307592322844,3.0,4.213307592322844,home,-20.0,away_cover,-1.0,loss,56.0,34.0,under,4.818181818181818,0.2409090909090909
401641039,2024,1,Rice,Sam Houston,4.134757627789718,9.5,-5.365242372210282,away,-20.0,away_cover,0.9090909090909091,win,49.0,48.0,under,5.7272727272727275,0.27272727272727276
401628452,2024,1,Michigan,Fresno State,25.01929609868536,21.0,4.019296098685359,home,20.0,away_cover,-1.0,loss,45.0,40.0,under,3.7272727272727275,0.16205533596837945
401628332,2024,1,Texas A&M,Notre Dame,-0.6936167820515697,3.0,-3.6936167820515697,away,-10.0,away_cover,0.9090909090909091,win,47.0,36.0,under,4.636363636363637,0.1931818181818182
401636609,2024,1,Arizona State,Wyoming,3.1058614083839173,6.5,-3.3941385916160827,away,41.0,home_cover,-1.0,loss,47.0,55.0,over,1.6363636363636367,0.060606060606060615
401628334,2024,1,LSU,USC,8.976072544155741,4.0,4.976072544155741,home,-7.0,away_cover,-1.0,loss,67.0,47.0,under,0.6363636363636367,0.02272727272727274
401634306,2024,1,Florida State,Boston College,10.985603727856423,16.5,-5.514396272143577,away,-15.0,away_cover,0.9090909090909091,win,51.5,41.0,under,1.5454545454545459,0.053291536050156754
401677077,2024,1,Western Michigan,South Alabama,-14.145983638935256,-9.0,-5.145983638935256,away,-7.0,home_cover,-1.0,loss,57.5,53.0,under,0.5454545454545459,0.018181818181818195
401677079,2024,1,James Madison,Western Kentucky,13.131969433309283,7.0,6.131969433309283,home,10.0,home_cover,0.9090909090909091,win,50.5,44.0,under,1.454545454545455,0.04545454545454547
401677082,2024,1,Sam Houston,Georgia Southern,0.6110018625014342,-4.5,5.111001862501434,home,5.0,home_cover,0.9090909090909091,win,48.5,57.0,over,2.363636363636364,0.0716253443526171
401677178,2024,1,Penn State,SMU,12.325978616121194,7.5,4.825978616121194,home,28.0,home_cover,0.9090909090909091,win,53.0,48.0,under,3.1818181818181825,0.0883838383838384
401677085,2024,1,UTSA,Coastal Carolina,7.21049628090581,12.5,-5.28950371909419,away,29.0,home_cover,-1.0,loss,57.0,59.0,over,4.000000000000001,0.10256410256410259
401677087,2024,1,San José State,South Florida,-5.382810251411099,-2.0,-3.382810251411099,away,-2.0,push,0.0,push,66.5,80.0,over,4.000000000000001,0.10000000000000002
401677180,2024,1,Toledo,Pittsburgh,-3.105606935117688,-7.0,3.894393064882312,home,2.0,home_cover,0.9090909090909091,win,50.0,94.0,over,4.90909090909091,0.11973392461197342
401677092,2024,1,Arkansas,Texas Tech,2.7572827958988064,-3.0,5.757282795898806,home,13.0,home_cover,0.9090909090909091,win,52.5,65.0,over,4.818181818181819,0.11205073995771672
401677093,2024,1,USC,Texas A&M,-0.1609091151806012,-3.5,3.3390908848193988,home,4.0,home_cover,0.9090909090909091,win,55.5,66.0,over,6.636363636363638,0.1474747474747475
401677096,2024,1,TCU,Louisiana,4.2996959732866,10.0,-5.7003040267134,away,31.0,home_cover,-1.0,loss,59.0,37.0,under,4.636363636363638,0.0986460348162476
401677100,2024,1,Army,Louisiana Tech,7.182194895455321,14.0,-6.817805104544679,away,21.0,home_cover,-1.0,loss,44.0,33.0,under,2.6363636363636376,0.053803339517625254
401677101,2024,1,Missouri,Iowa,-3.386622310250739,2.5,-5.886622310250739,away,3.0,home_cover,-1.0,loss,40.0,51.0,over,1.6363636363636376,0.03272727272727275
401677190,2024,1,Washington,Louisville,-4.5847299871822536,1.0,-5.5847299871822536,away,-1.0,away_cover,0.9090909090909091,win,49.5,69.0,over,2.5454545454545467,0.04991087344028523
401677103,2024,1,Illinois,South Carolina,-4.532396686169006,-9.5,4.967603313830994,home,4.0,home_cover,0.9090909090909091,win,50.0,38.0,under,3.454545454545456,0.06643356643356646
401677182,2024,1,Arizona State,Texas,-9.471938722388185,-13.0,3.5280612776118154,home,-8.0,home_cover,0.9090909090909091,win,51.5,70.0,over,5.272727272727274,0.09764309764309767
401677105,2024,1,Ole Miss,Duke,21.779655550627034,17.0,4.779655550627034,home,32.0,home_cover,0.9090909090909091,win,50.5,72.0,over,6.181818181818183,0.11239669421487607
401677106,2024,1,Texas State,North Texas,9.222589436663258,14.0,-4.777410563336742,away,2.0,away_cover,0.9090909090909091,win,63.5,58.0,under,7.090909090909093,0.12662337662337667
401677108,2024,1,Liberty,Buffalo,2.358582413298076,-4.0,6.358582413298076,home,-19.0,away_cover,-1.0,loss,50.5,33.0,under,5.090909090909093,0.08777429467084642
401677192,2024,1,Notre Dame,Ohio State,-1.759643495727956,-8.5,6.740356504272044,home,-11.0,away_cover,-1.0,loss,45.5,57.0,over,4.090909090909093,0.06933744221879817
401635533,2024,2,Northwestern,Duke,-2.4878501061691862,2.5,-4.987850106169186,away,-6.0,away_cover,0.9090909090909091,win,37.5,46.0,over,5.000000000000002,0.08333333333333336
401628470,2024,2,Penn State,Bowling Green,27.31357032081004,34.0,-6.68642967918996,away,7.0,away_cover,0.9090909090909091,win,51.5,61.0,over,5.909090909090911,0.09687034277198214
401636616,2024,2,Tulane,Kansas State,-3.432934199549507,-9.0,5.567065800450493,home,-7.0,home_cover,0.9090909090909091,win,47.5,61.0,over,5.727272727272729,0.08811188811188814
401628337,2024,2,Auburn,California,18.23734912602275,12.5,5.73734912602275,home,-7.0,away_cover,-1.0,loss,52.5,35.0,under,4.727272727272729,0.07162534435261711
401628977,2024,2,Notre Dame,Northern Illinois,22.874188531838715,28.0,-5.1258114681612845,away,-2.0,away_cover,0.9090909090909091,win,47.5,30.0,under,5.6363636363636385,0.08412483039348714
401636618,2024,2,Utah,Baylor,10.364280636941494,15.0,-4.635719363058506,away,11.0,away_cover,0.9090909090909091,win,54.0,35.0,under,6.545454545454548,0.09625668449197865
401635535,2024,2,Louisville,Jacksonville State,25.192415007550157,29.0,-3.8075849924498435,away,35.0,home_cover,-1.0,loss,56.0,63.0,over,4.545454545454548,0.06493506493506497
401643781,2024,2,Ohio,South Alabama,-2.151687728479547,1.0,-3.151687728479547,away,7.0,home_cover,-1.0,loss,55.0,47.0,under,2.454545454545457,0.0331695331695332
401643778,2024,2,Old Dominion,East Carolina,-1.1619542153508418,2.0,-3.1619542153508418,away,-6.0,away_cover,0.9090909090909091,win,54.0,34.0,under,2.363636363636366,0.031100478468899552
401636617,2024,2,UCF,Sam Houston,15.910712812576609,21.5,-5.589287187423391,away,31.0,home_cover,-1.0,loss,54.0,59.0,over,1.363636363636366,0.017709563164108648
401628335,2024,2,Alabama,South Florida,34.293450131394664,30.5,3.793450131394664,home,26.0,away_cover,-1.0,loss,64.5,58.0,under,0.363636363636366,0.004662004662004692
401643705,2024,2,Air Force,San José State,-2.0481775418033523,3.0,-5.048177541803352,away,-10.0,away_cover,0.9090909090909091,win,44.5,24.0,under,0.27272727272727504,0.003409090909090938
401628462,2024,2,Illinois,Kansas,-0.3245851182454453,-5.5,5.175414881754555,home,6.0,home_cover,0.9090909090909091,win,58.5,40.0,under,1.181818181818184,0.014590347923681286
401643780,2024,2,UL Monroe,UAB,-7.086893976777052,-11.0,3.913106023222948,home,26.0,home_cover,0.9090909090909091,win,55.0,38.0,under,2.090909090909093,0.025498891352549916
401635639,2024,2,Wake Forest,Virginia,5.778876900096742,-1.0,6.778876900096742,home,-1.0,push,0.0,push,55.5,61.0,over,2.090909090909093,0.025191675794085457
401635532,2024,2,Clemson,App State,10.644600013117447,17.0,-6.355399986882553,away,46.0,home_cover,-1.0,loss,52.0,86.0,over,2.000000000000002,0.02352941176470591
401636859,2024,2,Washington State,Texas Tech,2.3482742280432367,-2.5,4.848274228043237,home,21.0,home_cover,0.9090909090909091,win,66.0,53.0,under,2.9090909090909114,0.0338266384778013
401643709,2024,2,San Diego State,Oregon State,-2.312263122887729,-5.5,3.187736877112271,home,-21.0,away_cover,-1.0,loss,53.5,21.0,under,2.8181818181818206,0.03202479338842978
401628343,2024,2,Arizona State,Mississippi State,2.457368592116306,6.5,-4.042631407883694,away,7.0,home_cover,-1.0,loss,58.5,53.0,under,1.8181818181818206,0.020429009193054164
401628472,2024,2,USC,Utah State,22.92506971700748,29.5,-6.5749302829925185,away,48.0,home_cover,-1.0,loss,64.0,48.0,under,0.8181818181818206,0.009090909090909118
401636863,2024,3,Kansas,UNLV,5.947331474835345,9.5,-3.5526685251646546,away,-3.0,away_cover,0.9090909090909091,win,57.5,43.0,under,1.7272727272727297,0.018981018981019008
401635546,2024,3,NC State,Louisiana Tech,16.311362032867294,20.5,-4.188637967132706,away,10.0,away_cover,0.9090909090909091,win,48.0,50.0,over,2.636363636363639,0.028656126482213468
401628479,2024,3,Michigan,Arkansas State,24.98553247286211,21.5,3.4855324728621113,home,10.0,away_cover,-1.0,loss,47.5,46.0,under,1.636363636363639,0.01759530791788859
401628350,2024,3,Wisconsin,Alabama,-19.749001312048808,-14.5,-5.249001312048808,away,-32.0,away_cover,0.9090909090909091,win,47.0,52.0,over,1.545454545454548,0.016267942583732084
401628475,2024,3,Illinois,Central Michigan,17.00982349707382,21.0,-3.990176502926179,away,21.0,push,0.0,push,50.0,39.0,under,1.545454545454548,0.016098484848484876
401636865,2024,3,Miami (OH),Cincinnati,3.032529418927409,-3.0,6.032529418927409,home,-11.0,away_cover,-1.0,loss,47.5,43.0,under,0.5454545454545481,0.0056232427366448255
401628358,2024,3,Oklahoma,Tulane,19.040973459300183,13.0,6.040973459300183,home,15.0,home_cover,0.9090909090909091,win,49.0,53.0,over,2.3636363636363664,0.02387511478420572
401635547,2024,3,Pittsburgh,West Virginia,3.2227530132735267,-2.0,5.222753013273527,home,4.0,home_cover,0.9090909090909091,win,61.5,72.0,over,3.2727272727272756,0.03272727272727276
401636870,2024,3,Utah State,Utah,-16.490249324222912,-20.0,3.509750675777088,home,-17.0,home_cover,0.9090909090909091,win,43.0,59.0,over,3.000000000000003,0.02830188679245286
401635548,2024,3,Old Dominion,Virginia Tech,-10.541382894391656,-16.5,5.958617105608344,home,-20.0,away_cover,-1.0,loss,47.5,54.0,over,2.000000000000003,0.01869158878504676
401643789,2024,3,Southern Miss,South Florida,-5.302360530409924,-10.5,5.197639469590076,home,-25.0,away_cover,-1.0,loss,58.5,73.0,over,0.9090909090909123,0.008264462809917385
401640999,2024,3,Eastern Michigan,Jacksonville State,3.633740604502808,-2.5,6.133740604502808,home,3.0,home_cover,0.9090909090909091,win,53.5,71.0,over,1.8181818181818215,0.016380016380016408
401628362,2024,3,Georgia State,Vanderbilt,-3.1906287734883296,-9.0,5.80937122651167,home,4.0,home_cover,0.9090909090909091,win,45.0,68.0,over,2.7272727272727306,0.02435064935064938
401628361,2024,3,Texas,UTSA,29.616693927028415,35.5,-5.883306072971585,away,49.0,home_cover,-1.0,loss,56.5,63.0,over,1.7272727272727306,0.015285599356395846
401628356,2024,3,Mississippi State,Toledo,6.033540563312927,10.5,-4.466459436687073,away,-24.0,away_cover,0.9090909090909091,win,57.5,58.0,over,1.6363636363636398,0.014229249011857738
401628476,2024,3,UCLA,Indiana,2.9282139425609244,-3.5,6.428213942560925,home,-29.0,away_cover,-1.0,loss,46.5,55.0,over,0.6363636363636398,0.005485893416927929
401636862,2024,3,Houston,Rice,8.21211393606178,4.5,3.7121139360617796,home,26.0,home_cover,0.9090909090909091,win,45.0,40.0,under,-1.454545454545451,-0.012121212121212092
401636871,2024,3,Wyoming,BYU,-5.240622253902098,-9.5,4.259377746097902,home,-20.0,away_cover,-1.0,loss,39.5,48.0,over,-1.5454545454545419,-0.012667660208643785
401634766,2024,4,Syracuse,Stanford,1.299392567099383,7.5,-6.200607432900617,away,-2.0,away_cover,0.9090909090909091,win,57.0,50.0,under,-1.7272727272727235,-0.013708513708513679
401643791,2024,4,Louisiana,Tulane,5.4692942144273715,-1.5,6.9692942144273715,home,-8.0,away_cover,-1.0,loss,53.5,74.0,over,-1.8181818181818143,-0.014204545454545425
401628486,2024,4,Indiana,Charlotte,21.949167411106043,28.5,-6.550832588893957,away,38.0,home_cover,-1.0,loss,50.0,66.0,over,-2.8181818181818143,-0.021846370683579957
401645328,2024,4,Army,Rice,11.49920080560237,7.0,4.499200805602371,home,23.0,home_cover,0.9090909090909091,win,44.0,51.0,over,-1.9090909090909052,-0.014685314685314655
401628364,2024,4,Kentucky,Ohio,13.090147541813264,19.0,-5.9098524581867355,away,35.0,home_cover,-1.0,loss,42.0,47.0,over,-2.909090909090905,-0.022206800832755003
401636875,2024,4,Iowa State,Arkansas State,14.134218947583086,20.5,-6.365781052416914,away,45.0,home_cover,-1.0,loss,52.0,59.0,over,-4.909090909090905,-0.03691045796308951
401643715,2024,4,Temple,Utah State,-1.2772518349349653,-6.5,5.222748165065035,home,16.0,home_cover,0.9090909090909091,win,53.5,74.0,over,-3.9999999999999956,-0.029850746268656685
401641000,2024,4,Jacksonville State,Southern Miss,0.0795866477202351,6.0,-5.920413352279765,away,37.0,home_cover,-1.0,loss,59.5,51.0,under,-4.999999999999996,-0.03703703703703701
401628363,2024,4,Auburn,Arkansas,9.326876886925897,2.5,6.826876886925897,home,-10.0,away_cover,-1.0,loss,54.0,38.0,under,-5.999999999999996,-0.0441176470588235
401628979,2024,4,Notre Dame,Miami (OH),33.47760775087485,27.0,6.477607750874853,home,25.0,away_cover,-1.0,loss,44.0,31.0,under,-6.999999999999996,-0.05109489051094887
401628493,2024,4,Penn State,Kent State,43.54083111656848,48.5,-4.9591688834315235,away,56.0,home_cover,-1.0,loss,57.5,56.0,under,-7.999999999999996,-0.05797101449275359
401636877,2024,4,Texas Tech,Arizona State,9.684815429480016,4.5,5.184815429480016,home,8.0,home_cover,0.9090909090909091,win,58.5,52.0,under,-5.272727272727268,-0.037395228884590556
401641028,2024,4,Colorado State,UTEP,4.641476315090102,8.5,-3.8585236849098976,away,10.0,home_cover,-1.0,loss,49.0,44.0,under,-6.272727272727268,-0.044174135723431464
401635557,2024,4,SMU,TCU,1.8915154429723875,-2.5,4.391515442972388,home,24.0,home_cover,0.9090909090909091,win,59.0,108.0,over,-5.363636363636359,-0.03750794659885566
401629031,2024,4,UConn,Florida Atlantic,-5.513529453119178,1.0,-6.513529453119178,away,34.0,home_cover,-1.0,loss,46.0,62.0,over,-7.363636363636359,-0.050783699059561094
401635551,2024,4,Florida State,California,6.698670502097581,3.0,3.698670502097581,home,5.0,home_cover,0.9090909090909091,win,44.5,23.0,under,-6.45454545454545,-0.04420921544209212
401641037,2024,4,Western Kentucky,Toledo,-9.122499328230589,-2.5,-6.622499328230589,away,5.0,home_cover,-1.0,loss,61.0,47.0,under,-7.45454545454545,-0.05071119356833639
401628487,2024,4,Minnesota,Iowa,1.7535859379392718,-3.0,4.753585937939272,home,-17.0,away_cover,-1.0,loss,35.0,45.0,over,-8.45454545454545,-0.05712530712530709
401628366,2024,4,Ole Miss,Georgia Southern,29.972332551812713,35.0,-5.027667448187287,away,39.0,home_cover,-1.0,loss,68.5,65.0,under,-9.45454545454545,-0.06345332519829161
401636874,2024,4,Colorado,Baylor,-2.8040406386373355,2.0,-4.8040406386373355,away,7.0,home_cover,-1.0,loss,51.5,69.0,over,-10.45454545454545,-0.06969696969696966
401628490,2024,4,Boston College,Michigan State,-0.2866049649395812,4.5,-4.786604964939581,away,4.0,away_cover,0.9090909090909091,win,45.5,42.0,under,-9.545454545454541,-0.06321493076459961
401643711,2024,4,New Mexico,Fresno State,-18.879288260988897,-13.5,-5.379288260988897,away,-17.0,away_cover,0.9090909090909091,win,60.0,59.0,under,-8.636363636363633,-0.056818181818181795
401643717,2024,4,Oregon State,Purdue,7.658452657495946,2.5,5.158452657495946,home,17.0,home_cover,0.9090909090909091,win,50.5,59.0,over,-7.727272727272724,-0.05050505050505048
401645331,2024,5,Temple,Army,-5.720887939410204,-11.0,5.279112060589796,home,-28.0,away_cover,-1.0,loss,47.0,56.0,over,-8.727272727272723,-0.05667060212514755
401645332,2024,5,UAB,Navy,-0.1529631583090296,-4.5,4.34703684169097,home,-23.0,away_cover,-1.0,loss,56.5,59.0,over,-11.727272727272723,-0.07469600463231034
401629032,2024,5,UConn,Buffalo,0.3482602258468024,6.0,-5.651739774153198,away,44.0,home_cover,-1.0,loss,44.5,50.0,over,-12.727272727272723,-0.08055235903337167
401645337,2024,5,Tulane,South Florida,7.7663803969479,4.0,3.7663803969479,home,35.0,home_cover,0.9090909090909091,win,60.5,55.0,under,-11.818181818181815,-0.07432818753573468
401628496,2024,5,Indiana,Maryland,0.7571438668418851,7.5,-6.742856133158115,away,14.0,home_cover,-1.0,loss,49.5,70.0,over,-12.818181818181815,-0.08011363636363635
401636880,2024,5,Baylor,BYU,-1.7825367220489738,3.0,-4.782536722048974,away,-6.0,away_cover,0.9090909090909091,win,46.5,62.0,over,-11.909090909090907,-0.07396950875211743
401643793,2024,5,James Madison,Ball State,17.775737108835422,22.0,-4.224262891164578,away,56.0,home_cover,-1.0,loss,56.5,70.0,over,-12.909090909090907,-0.079685746352413
401641041,2024,5,Sam Houston,Texas State,-7.223001377589384,-11.0,3.7769986224106162,home,1.0,home_cover,0.9090909090909091,win,55.5,79.0,over,-11.999999999999998,-0.07361963190184048
401628373,2024,5,Texas A&M,Arkansas,11.91810289627836,6.5,5.418102896278359,home,4.0,away_cover,-1.0,loss,50.5,38.0,under,-12.09090909090909,-0.07327823691460054
401644738,2024,5,Ohio,Akron,11.686878237686912,8.0,3.686878237686912,home,20.0,home_cover,0.9090909090909091,win,46.5,40.0,under,-11.181818181818182,-0.06736035049288061
401636882,2024,5,Kansas,TCU,-1.5897294602517027,1.5,-3.0897294602517027,away,-11.0,away_cover,0.9090909090909091,win,58.5,65.0,over,-10.363636363636365,-0.06132329209252287
401628502,2024,5,USC,Wisconsin,10.058482937689456,13.5,-3.4415170623105436,away,17.0,home_cover,-1.0,loss,50.0,59.0,over,-11.363636363636365,-0.06684491978609626
401643721,2024,5,Central Michigan,San Diego State,-3.83538939004366,2.5,-6.335389390043661,away,1.0,away_cover,0.9090909090909091,win,47.0,43.0,under,-10.454545454545457,-0.061137692716640095
401643795,2024,5,Bowling Green,Old Dominion,7.21872196701665,11.0,-3.7812780329833497,away,-3.0,away_cover,0.9090909090909091,win,51.5,57.0,over,-9.545454545454549,-0.055496828752642724
401640981,2024,5,Florida International,Louisiana Tech,2.5175009968862936,-2.0,4.517500996886294,home,7.0,home_cover,0.9090909090909091,win,48.5,27.0,under,-8.63636363636364,-0.04992117708880717
401645336,2024,5,North Texas,Tulsa,11.46582431807997,7.0,4.465824318079971,home,32.0,home_cover,0.9090909090909091,win,65.5,72.0,over,-8.727272727272732,-0.0498701298701299
401628376,2024,5,LSU,South Alabama,16.511274961784462,21.0,-4.488725038215538,away,32.0,home_cover,-1.0,loss,64.5,52.0,under,-8.818181818181824,-0.04982023626091426
401636884,2024,5,Texas Tech,Cincinnati,7.350361991094477,3.0,4.350361991094477,home,3.0,push,0.0,push,60.0,85.0,over,-8.818181818181824,-0.04954034729315631
401635563,2024,5,SMU,Florida State,0.0629412885527158,6.0,-5.937058711447285,away,26.0,home_cover,-1.0,loss,46.5,58.0,over,-10.818181818181824,-0.060101010101010134
401641029,2024,6,UTEP,Sam Houston,-5.333534289617152,-10.0,4.666465710382848,home,-20.0,away_cover,-1.0,loss,49.5,62.0,over,-11.909090909090915,-0.06507699950322905
401636891,2024,6,TCU,Houston,11.9653888636865,16.5,-4.534611136313501,away,-11.0,away_cover,0.9090909090909091,win,52.0,49.0,under,-11.000000000000007,-0.05978260869565221
401634779,2024,6,UNLV,Syracuse,11.761455240303944,5.5,6.261455240303944,home,-3.0,away_cover,-1.0,loss,55.5,85.0,over,-12.000000000000007,-0.06486486486486491
401643722,2024,6,Air Force,Navy,-3.178860532601229,-10.0,6.821139467398771,home,-27.0,away_cover,-1.0,loss,37.0,41.0,over,-13.000000000000007,-0.0698924731182796
401635567,2024,6,Virginia,Boston College,-1.4848090177324125,2.0,-3.4848090177324123,away,10.0,home_cover,-1.0,loss,52.5,38.0,under,-14.000000000000007,-0.07486631016042784
401628382,2024,6,South Carolina,Ole Miss,-3.6806594887978257,-10.0,6.319340511202174,home,-24.0,away_cover,-1.0,loss,53.5,30.0,under,-16.000000000000007,-0.08465608465608469
401628503,2024,6,Northwestern,Indiana,-9.059193017828996,-12.5,3.4408069821710043,home,-17.0,away_cover,-1.0,loss,40.5,65.0,over,-17.000000000000007,-0.08947368421052636
401645340,2024,6,Charlotte,East Carolina,-14.655464431017258,-9.5,-5.155464431017258,away,31.0,home_cover,-1.0,loss,47.5,79.0,over,-17.090909090909097,-0.08901515151515155
401628384,2024,6,Vanderbilt,Alabama,-27.26421815428573,-23.0,-4.264218154285729,away,5.0,home_cover,-1.0,loss,53.5,75.0,over,-18.090909090909097,-0.0937352802637777
401643724,2024,6,Oregon State,Colorado State,14.916740553703878,10.5,4.416740553703878,home,8.0,away_cover,-1.0,loss,47.0,70.0,over,-19.090909090909097,-0.09840674789128401
401643802,2024,6,Southern Miss,Louisiana,-13.539490328068432,-17.5,3.960509671931568,home,-10.0,home_cover,0.9090909090909091,win,57.5,36.0,under,-18.181818181818187,-0.09324009324009326
401643800,2024,6,Arkansas State,South Alabama,-7.39203375514651,-2.5,-4.89203375514651,away,2.0,home_cover,-1.0,loss,62.5,34.0,under,-19.181818181818187,-0.09786641929499075
401643798,2024,6,Coastal Carolina,Old Dominion,8.896056897009938,4.0,4.896056897009938,home,8.0,home_cover,0.9090909090909091,win,51.5,82.0,over,-18.272727272727277,-0.09275496077526536
401628379,2024,6,Arkansas,Tennessee,-17.102972804647784,-14.0,-3.1029728046477842,away,5.0,home_cover,-1.0,loss,57.0,33.0,under,-19.272727272727277,-0.09733700642791554
401643725,2024,6,San Diego State,Hawai'i,6.6902438179210995,1.5,5.1902438179210995,home,3.0,home_cover,0.9090909090909091,win,47.5,51.0,over,-19.454545454545457,-0.09630963096309632
401636888,2024,6,Arizona State,Kansas,5.568001880735438,2.5,3.068001880735438,home,4.0,home_cover,0.9090909090909091,win,50.0,66.0,over,-18.545454545454547,-0.09135691894312585
401635568,2024,6,California,Miami,-14.602417528845546,-10.0,-4.602417528845546,away,-1.0,home_cover,-1.0,loss,54.0,77.0,over,-19.545454545454547,-0.09534368070953438
401636887,2024,6,Arizona,Texas Tech,2.9304015210308823,6.0,-3.0695984789691177,away,-6.0,away_cover,0.9090909090909091,win,63.5,50.0,under,-18.636363636363637,-0.09046778464254193
401640982,2024,7,Liberty,Florida International,9.877263665823673,16.0,-6.122736334176327,away,7.0,away_cover,0.9090909090909091,win,55.5,55.0,under,-17.727272727272727,-0.08563899868247694
401628513,2024,7,Maryland,Northwestern,14.55505720661664,11.0,3.55505720661664,home,-27.0,away_cover,-1.0,loss,45.5,47.0,over,-20.727272727272727,-0.09870129870129869
401636892,2024,7,Arizona State,Utah,-0.431467171606541,-5.5,5.068532828393459,home,8.0,home_cover,0.9090909090909091,win,46.0,46.0,push,-19.818181818181817,-0.0939250323136579
401628517,2024,7,Rutgers,Wisconsin,-5.458251778472267,1.0,-6.458251778472267,away,-35.0,away_cover,0.9090909090909091,win,43.5,49.0,over,-19.909090909090907,-0.09346991037131881
401635577,2024,7,North Carolina,Georgia Tech,2.553981662758487,-3.5,6.053981662758487,home,-7.0,away_cover,-1.0,loss,61.5,75.0,over,-20.909090909090907,-0.09770603228547152
401628512,2024,7,Iowa,Washington,-1.370730601270573,3.0,-4.370730601270573,away,24.0,home_cover,-1.0,loss,41.5,56.0,over,-21.909090909090907,-0.10190274841437631
401628385,2024,7,Alabama,South Carolina,24.68913303176213,21.5,3.189133031762129,home,2.0,away_cover,-1.0,loss,50.0,52.0,over,-22.909090909090907,-0.10606060606060605
401644744,2024,7,Bowling Green,Northern Illinois,-1.080449847013714,3.0,-4.080449847013714,away,-10.0,away_cover,0.9090909090909091,win,46.5,24.0,under,-21.999999999999996,-0.10138248847926265
401636895,2024,7,UCF,Cincinnati,-0.969839076150941,2.5,-3.469839076150941,away,-6.0,away_cover,0.9090909090909091,win,58.0,32.0,under,-21.090909090909086,-0.09674728940783985
401643732,2024,7,Wyoming,San Diego State,-3.074498043438605,2.0,-5.074498043438605,away,-3.0,away_cover,0.9090909090909091,win,43.0,51.0,over,-19.272727272727266,-0.08760330578512394
401645341,2024,7,South Florida,Memphis,-13.786757414138872,-10.0,-3.7867574141388722,away,-18.0,away_cover,0.9090909090909091,win,61.0,24.0,under,-19.363636363636356,-0.0872235872235872
401628511,2024,7,Illinois,Purdue,18.1970034694406,23.0,-4.802996530559401,away,1.0,away_cover,0.9090909090909091,win,47.0,99.0,over,-18.454545454545446,-0.08275580921320828
401643727,2024,7,New Mexico,Air Force,1.9576492844157936,7.0,-5.042350715584206,away,15.0,home_cover,-1.0,loss,56.0,89.0,over,-19.454545454545446,-0.08685064935064932
401645343,2024,7,Florida Atlantic,North Texas,-1.7967799445171702,-5.5,3.70322005548283,home,-4.0,home_cover,0.9090909090909091,win,58.5,78.0,over,-18.545454545454536,-0.08242424242424239
401628391,2024,7,Tennessee,Florida,18.29147903077328,14.0,4.2914790307732815,home,6.0,away_cover,-1.0,loss,55.5,40.0,under,-19.545454545454536,-0.08648431214802892
401643730,2024,7,Fresno State,Washington State,2.2500326868304574,-3.5,5.750032686830457,home,-8.0,away_cover,-1.0,loss,60.0,42.0,under,-20.545454545454536,-0.09050861033239883
401643808,2024,7,Texas State,Arkansas State,8.65063770913344,13.5,-4.84936229086656,away,32.0,home_cover,-1.0,loss,66.0,50.0,under,-21.545454545454536,-0.09449760765550236
401643731,2024,7,Nevada,Oregon State,-7.2426438739738686,-3.0,-4.2426438739738686,away,5.0,home_cover,-1.0,loss,47.0,79.0,over,-22.545454545454536,-0.09845176657403727
401635574,2024,7,NC State,Syracuse,5.539366453430756,-1.0,6.539366453430756,home,-7.0,away_cover,-1.0,loss,51.5,41.0,under,-22.636363636363626,-0.09799291617473431
401643804,2024,7,Georgia Southern,Marshall,3.1813471140510554,-1.0,4.181347114051055,home,1.0,home_cover,0.9090909090909091,win,58.0,47.0,under,-21.727272727272716,-0.0936520376175548
401643809,2024,8,South Alabama,Troy,6.079690313082553,10.0,-3.920309686917447,away,16.0,home_cover,-1.0,loss,53.5,34.0,under,-22.727272727272716,-0.09754194303550522
401641038,2024,8,Sam Houston,Western Kentucky,4.467303819476877,1.0,3.467303819476877,home,-17.0,away_cover,-1.0,loss,54.5,45.0,under,-23.727272727272716,-0.10139860139860135
401640983,2024,8,UTEP,Florida International,-10.991139911969332,-7.0,-3.9911399119693325,away,9.0,home_cover,-1.0,loss,47.0,51.0,over,-24.727272727272716,-0.1052224371373307
401643810,2024,8,Marshall,Georgia State,5.866018093728785,9.5,-3.633981906271215,away,15.0,home_cover,-1.0,loss,51.5,55.0,over,-25.727272727272716,-0.10901386748844372
401634768,2024,8,Virginia Tech,Boston College,11.323580720872776,8.0,3.3235807208727763,home,21.0,home_cover,0.9090909090909091,win,47.5,63.0,over,-24.818181818181806,-0.10471806674338315
401628522,2024,8,Northwestern,Wisconsin,-12.947358535937044,-9.5,-3.4473585359370436,away,-20.0,away_cover,0.9090909090909091,win,42.5,26.0,under,-23.909090909090896,-0.10045836516424746
401635589,2024,8,Louisville,Miami,-7.514526063438515,-4.0,-3.514526063438515,away,-7.0,away_cover,0.9090909090909091,win,61.0,97.0,over,-22.999999999999986,-0.09623430962343091
401629034,2024,8,UConn,Wake Forest,2.192022225653196,-2.5,4.692022225653195,home,-3.0,away_cover,-1.0,loss,55.5,43.0,under,-23.999999999999986,-0.09999999999999994
401635588,2024,8,Clemson,Virginia,25.49811383126549,20.0,5.4981138312654885,home,17.0,away_cover,-1.0,loss,57.5,79.0,over,-24.999999999999986,-0.10373443983402483
401645346,2024,8,Army,East Carolina,12.295357823876296,17.5,-5.204642176123704,away,17.0,away_cover,0.9090909090909091,win,54.5,73.0,over,-24.090909090909076,-0.099549211119459
401628524,2024,8,Rutgers,UCLA,-0.0891459539936612,4.0,-4.089145953993661,away,-3.0,away_cover,0.9090909090909091,win,42.5,67.0,over,-23.181818181818166,-0.095398428731762
401628519,2024,8,Indiana,Nebraska,3.1023462756572275,6.5,-3.3976537243427725,away,49.0,home_cover,-1.0,loss,48.5,63.0,over,-24.181818181818166,-0.09910581222056625
401635587,2024,8,California,NC State,4.711758215854791,9.5,-4.788241784145209,away,-1.0,away_cover,0.9090909090909091,win,46.0,47.0,over,-24.272727272727256,-0.09866962305986689
401644749,2024,8,Buffalo,Western Michigan,1.5713860647831708,-1.5,3.0713860647831708,home,-7.0,away_cover,-1.0,loss,49.5,89.0,over,-25.272727272727256,-0.1023187338976812
401644748,2024,8,Bowling Green,Kent State,18.956346122814843,24.0,-5.043653877185157,away,21.0,away_cover,0.9090909090909091,win,54.5,33.0,under,-25.363636363636346,-0.10186199342825841
401644686,2024,8,Miami (OH),Ohio,6.617304397589313,3.5,3.1173043975893133,home,10.0,home_cover,0.9090909090909091,win,43.5,50.0,over,-24.454545454545435,-0.09781818181818175
401643813,2024,8,Old Dominion,Texas State,-4.855980056252847,-10.5,5.644019943747153,home,10.0,home_cover,0.9090909090909091,win,60.5,38.0,under,-23.545454545454525,-0.09380659181455986
401645347,2024,8,Navy,Charlotte,12.44842042030658,16.5,-4.051579579693421,away,34.0,home_cover,-1.0,loss,57.5,68.0,over,-24.545454545454525,-0.09740259740259732
401645350,2024,8,Tulane,Rice,26.68606375700415,21.5,5.186063757004149,home,14.0,away_cover,-1.0,loss,53.0,34.0,under,-24.636363636363615,-0.0969935576234788
401636902,2024,8,Texas Tech,Baylor,8.175917581794792,4.5,3.675917581794792,home,-24.0,away_cover,-1.0,loss,56.0,94.0,over,-25.636363636363615,-0.10053475935828869
401643814,2024,8,Southern Miss,Arkansas State,-3.844619844148605,-7.0,3.155380155851395,home,-16.0,away_cover,-1.0,loss,56.5,72.0,over,-24.818181818181795,-0.09619450317124727
401628398,2024,8,Texas,Georgia,8.851371441028558,4.0,4.851371441028558,home,-15.0,away_cover,-1.0,loss,57.0,45.0,under,-25.818181818181795,-0.0996840996840996
401643734,2024,8,Air Force,Colorado State,-2.471413864601403,-6.0,3.528586135398597,home,-8.0,away_cover,-1.0,loss,44.0,34.0,under,-26.818181818181795,-0.10314685314685305
401634770,2024,9,Pittsburgh,Syracuse,10.465355574639158,5.0,5.465355574639158,home,28.0,home_cover,0.9090909090909091,win,62.5,54.0,under,-26.909090909090885,-0.10270645385149192
401628530,2024,9,Ohio State,Nebraska,31.624305259651653,25.0,6.624305259651653,home,4.0,away_cover,-1.0,loss,49.0,38.0,under,-26.999999999999975,-0.10227272727272718
401645353,2024,9,Memphis,Charlotte,20.891812753306,17.0,3.8918127533059987,home,5.0,away_cover,-1.0,loss,56.5,61.0,over,-27.090909090909065,-0.10184552289815438
401628403,2024,9,Mississippi State,Arkansas,-2.134904958789021,-7.5,5.365095041210979,home,-33.0,away_cover,-1.0,loss,55.0,83.0,over,-27.181818181818155,-0.1014246947082767
401628400,2024,9,Alabama,Missouri,21.204599137832584,15.5,5.704599137832584,home,34.0,home_cover,0.9090909090909091,win,51.5,34.0,under,-26.272727272727245,-0.09766813112538009
401636910,2024,9,TCU,Texas Tech,1.6605365040687006,5.0,-3.3394634959312994,away,1.0,away_cover,0.9090909090909091,win,66.0,69.0,over,-25.363636363636335,-0.09393939393939384
401644752,2024,9,Akron,Eastern Michigan,-6.012281922023437,-2.5,-3.512281922023437,away,4.0,home_cover,-1.0,loss,50.5,46.0,under,-26.363636363636335,-0.09728279100972817
401645355,2024,9,Tulsa,UTSA,-16.064283874599862,-9.5,-6.564283874599862,away,1.0,home_cover,-1.0,loss,52.5,91.0,over,-27.363636363636335,-0.10060160427807475
401644754,2024,9,Toledo,Bowling Green,5.638773286383422,2.5,3.1387732863834223,home,-15.0,away_cover,-1.0,loss,48.0,67.0,over,-28.363636363636335,-0.10389610389610379
401644756,2024,9,Western Michigan,Kent State,14.041624285285842,19.0,-4.958375714714158,away,31.0,home_cover,-1.0,loss,61.0,73.0,over,-29.363636363636335,-0.10716655607166546
401643817,2024,9,James Madison,Southern Miss,20.38521928315983,24.0,-3.614780716840169,away,17.0,away_cover,0.9090909090909091,win,54.0,47.0,under,-29.454545454545425,-0.1067193675889327
401635594,2024,9,California,Oregon State,6.881486398776751,13.0,-6.118513601223249,away,37.0,home_cover,-1.0,loss,51.0,51.0,push,-30.454545454545425,-0.1099442074171315
401636908,2024,9,Houston,Utah,-7.685458395789876,-4.5,-3.185458395789876,away,3.0,home_cover,-1.0,loss,36.0,31.0,under,-31.545454545454515,-0.11266233766233755
401636905,2024,9,Arizona,West Virginia,0.5243111189527623,5.5,-4.975688881047238,away,-5.0,away_cover,0.9090909090909091,win,51.5,57.0,over,-30.636363636363605,-0.10902620511161425
401643745,2024,9,Wyoming,Utah State,2.5010417233327704,-2.5,5.00104172333277,home,-2.0,home_cover,0.9090909090909091,win,57.0,52.0,under,-29.727272727272695,-0.10541586073500955
401643742,2024,9,Fresno State,San José State,0.4067493751701385,6.5,-6.093250624829862,away,23.0,home_cover,-1.0,loss,55.0,43.0,under,-27.999999999999964,-0.09790209790209778
401643743,2024,9,Hawai'i,Nevada,-1.7348294516467613,2.5,-4.234829451646761,away,21.0,home_cover,-1.0,loss,42.0,47.0,over,-28.090909090909054,-0.09753787878787866
401640985,2024,10,Florida International,New Mexico State,3.784841316507763,7.0,-3.215158683492237,away,21.0,home_cover,-1.0,loss,43.5,47.0,over,-29.090909090909054,-0.1006605850896507
401641012,2024,10,Sam Houston,Louisiana Tech,3.900739845432714,10.5,-6.599260154567286,away,6.0,away_cover,0.9090909090909091,win,45.5,12.0,under,-28.181818181818144,-0.0971786833855798
401640994,2024,10,Liberty,Jacksonville State,8.057577000828143,2.5,5.557577000828143,home,-10.0,away_cover,-1.0,loss,64.5,52.0,under,-29.181818181818144,-0.10028116213683211
401645356,2024,10,Charlotte,Tulane,-18.657966849179317,-14.5,-4.157966849179317,away,-31.0,away_cover,0.9090909090909091,win,55.0,37.0,under,-28.272727272727234,-0.09682440846824396
401628406,2024,10,Arkansas,Ole Miss,-12.601407751302876,-8.5,-4.101407751302876,away,-32.0,away_cover,0.9090909090909091,win,54.0,94.0,over,-27.545454545454504,-0.09274563820018351
401645360,2024,10,Rice,Navy,-7.679929618750181,-12.5,4.820070381249819,home,14.0,home_cover,0.9090909090909091,win,48.5,34.0,under,-27.636363636363594,-0.09242930982061402
401643749,2024,10,Fresno State,Hawai'i,17.82877545934523,12.5,5.328775459345231,home,-1.0,away_cover,-1.0,loss,46.0,41.0,under,-27.727272727272684,-0.09211718514044082
401643823,2024,10,South Alabama,Georgia Southern,12.48811621084393,5.5,6.9881162108439305,home,-4.0,away_cover,-1.0,loss,60.0,64.0,over,-29.727272727272684,-0.09810981098109797
401628412,2024,10,Tennessee,Kentucky,23.800633299147034,17.5,6.300633299147034,home,10.0,away_cover,-1.0,loss,45.5,46.0,over,-30.727272727272684,-0.1010765550239233
401636912,2024,10,Baylor,TCU,6.266178574997837,2.5,3.766178574997837,home,3.0,home_cover,0.9090909090909091,win,64.5,71.0,over,-29.818181818181774,-0.09776453055141565
401644760,2024,11,Central Michigan,Bowling Green,-9.848102221096491,-16.0,6.151897778903509,home,-10.0,home_cover,0.9090909090909091,win,48.5,36.0,under,-28.909090909090864,-0.09447415329768256
401644688,2024,11,Ball State,Miami (OH),-17.72381863361036,-13.0,-4.72381863361036,away,-6.0,home_cover,-1.0,loss,48.0,48.0,push,-29.909090909090864,-0.09742374888954679
401628542,2024,11,UCLA,Iowa,-12.659792330054737,-6.5,-6.159792330054737,away,3.0,home_cover,-1.0,loss,45.5,37.0,under,-30.909090909090864,-0.10035419126328203
401645362,2024,11,Memphis,Rice,13.372332692036268,7.0,6.372332692036268,home,7.0,push,0.0,push,50.5,47.0,under,-30.909090909090864,-0.10002942041776978
401635609,2024,11,Georgia Tech,Miami,-13.970786514511223,-9.5,-4.470786514511223,away,5.0,home_cover,-1.0,loss,65.0,51.0,under,-33.909090909090864,-0.10868298368298354
401640995,2024,11,Middle Tennessee,Liberty,-16.20379769838854,-13.0,-3.2037976983885414,away,-20.0,away_cover,0.9090909090909091,win,55.0,54.0,under,-32.99999999999996,-0.10543130990415323
401629037,2024,11,UAB,UConn,-4.173292803302456,-7.5,3.3267071966975443,home,-8.0,away_cover,-1.0,loss,54.0,54.0,push,-33.99999999999996,-0.10828025477706993
401628414,2024,11,Ole Miss,Georgia,-5.514653992047609,-2.0,-3.5146539920476094,away,18.0,home_cover,-1.0,loss,55.5,38.0,under,-35.09090909090905,-0.11069687410381404
401636921,2024,11,Texas Tech,Colorado,0.9152646859020366,-5.0,5.915264685902036,home,-14.0,away_cover,-1.0,loss,62.0,68.0,over,-37.09090909090905,-0.11627244229125094
401628418,2024,11,Vanderbilt,South Carolina,-12.314841645360731,-6.0,-6.3148416453607314,away,-21.0,away_cover,0.9090909090909091,win,44.5,35.0,under,-36.181818181818144,-0.1130681818181817
401641004,2024,11,Louisiana Tech,Jacksonville State,-3.942406908811688,-10.0,6.057593091188312,home,-7.0,home_cover,0.9090909090909091,win,55.5,81.0,over,-35.27272727272724,-0.10988388558482005
401641036,2024,11,New Mexico State,Western Kentucky,-11.110506699339458,-18.0,6.889493300660542,home,-13.0,home_cover,0.9090909090909091,win,53.5,69.0,over,-34.36363636363633,-0.1067193675889327
401628543,2024,11,Oregon,Maryland,28.33794789630663,24.0,4.3379478963066305,home,21.0,away_cover,-1.0,loss,58.0,57.0,under,-35.36363636363633,-0.10948494230227966
401636920,2024,11,TCU,Oklahoma State,4.979209013130088,10.5,-5.520790986869912,away,25.0,home_cover,-1.0,loss,68.5,51.0,under,-36.36363636363633,-0.1122334455667788
401628413,2024,11,LSU,Alabama,-7.2370048199749935,-3.0,-4.2370048199749935,away,-29.0,away_cover,0.9090909090909091,win,58.5,55.0,under,-35.454545454545425,-0.109090909090909
401635610,2024,11,Pittsburgh,Virginia,10.543289233795496,7.0,3.5432892337954964,home,-5.0,away_cover,-1.0,loss,58.0,43.0,under,-35.54545454545452,-0.10870169585765908
401636922,2024,11,Utah,BYU,0.6481336508032429,-3.0,3.648133650803243,home,-1.0,home_cover,0.9090909090909091,win,40.5,43.0,over,-34.63636363636361,-0.10559866962305979
401644764,2024,12,Bowling Green,Western Michigan,5.857096093765475,9.5,-3.642903906234525,away,18.0,home_cover,-1.0,loss,57.5,44.0,under,-35.63636363636361,-0.10831721470019334
401644689,2024,12,Miami (OH),Kent State,26.334277790587777,30.5,-4.165722209412223,away,27.0,away_cover,0.9090909090909091,win,47.5,41.0,under,-34.727272727272705,-0.10523415977961426
401645365,2024,12,Tulsa,East Carolina,-21.75405330210046,-16.5,-5.254053302100459,away,-7.0,home_cover,-1.0,loss,64.0,69.0,over,-35.727272727272705,-0.10793737984070303
401628419,2024,12,Arkansas,Texas,-16.37403191516074,-12.0,-4.374031915160739,away,-10.0,home_cover,-1.0,loss,57.5,30.0,under,-36.727272727272705,-0.11062431544359248
401635582,2024,12,Pittsburgh,Clemson,-16.095370367749425,-11.5,-4.595370367749425,away,-4.0,home_cover,-1.0,loss,53.0,44.0,under,-38.727272727272705,-0.11594991834512786
401641013,2024,12,Western Kentucky,Louisiana Tech,7.152810780923573,12.5,-5.347189219076427,away,-5.0,away_cover,0.9090909090909091,win,52.5,19.0,under,-36.90909090909089,-0.10984848484848479
401645369,2024,12,Temple,Florida Atlantic,-1.2809584855034757,2.0,-3.2809584855034757,away,3.0,home_cover,-1.0,loss,50.5,33.0,under,-36.999999999999986,-0.10946745562130174
401635581,2024,12,California,Syracuse,14.8058208071668,10.0,4.8058208071668,home,-8.0,away_cover,-1.0,loss,57.0,58.0,over,-37.999999999999986,-0.11209439528023595
401645368,2024,12,Charlotte,South Florida,-4.299319223592658,1.5,-5.799319223592658,away,-35.0,away_cover,0.9090909090909091,win,53.5,83.0,over,-37.09090909090908,-0.10909090909090906
401635517,2024,12,Stanford,Louisville,-16.414417434656926,-21.0,4.585582565343074,home,3.0,home_cover,0.9090909090909091,win,58.5,73.0,over,-36.18181818181817,-0.10610503865635827
401628552,2024,12,Purdue,Penn State,-33.32149579709677,-30.0,-3.321495797096773,away,-39.0,away_cover,0.9090909090909091,win,51.5,59.0,over,-36.272727272727266,-0.10575139146567716
401643830,2024,12,Georgia Southern,Troy,2.0530637094618474,7.0,-4.946936290538153,away,-8.0,away_cover,0.9090909090909091,win,53.5,48.0,under,-35.36363636363636,-0.1028012684989429
401643833,2024,12,Old Dominion,James Madison,1.3558445494976077,-2.5,3.8558445494976077,home,-3.0,away_cover,-1.0,loss,50.5,67.0,over,-36.36363636363636,-0.1054018445322793
401643834,2024,12,Louisiana,South Alabama,2.086923553193477,6.5,-4.413076446806523,away,-2.0,away_cover,0.9090909090909091,win,60.0,46.0,under,-36.54545454545455,-0.10471476947121647
401643762,2024,12,UNLV,San Diego State,15.1616500202519,21.5,-6.3383499797481,away,21.0,away_cover,0.9090909090909091,win,55.0,61.0,over,-36.63636363636364,-0.10437710437710439
401644772,2024,13,Eastern Michigan,Buffalo,-3.253557979968467,1.0,-4.253557979968467,away,-17.0,away_cover,0.9090909090909091,win,51.0,57.0,over,-35.727272727272734,-0.10149793388429754
401634772,2024,13,Georgia Tech,NC State,2.8096415806113546,8.5,-5.690358419388645,away,1.0,away_cover,0.9090909090909091,win,51.0,59.0,over,-34.81818181818183,-0.09863507597218647
401643767,2024,13,San José State,UNLV,-2.001821887059159,-7.5,5.498178112940841,home,-11.0,away_cover,-1.0,loss,60.0,43.0,under,-35.81818181818183,-0.10118130457113511
401628554,2024,13,Rutgers,Illinois,-1.6581110178025869,2.0,-3.658111017802587,away,-7.0,away_cover,0.9090909090909091,win,48.0,69.0,over,-34.90909090909092,-0.09833546734955188
401635518,2024,13,Syracuse,UConn,5.334039530345521,10.0,-4.665960469654479,away,7.0,away_cover,0.9090909090909091,win,54.5,55.0,over,-32.1818181818182,-0.08989334687658715
401635612,2024,13,Boston College,North Carolina,-7.0090044468754105,-3.0,-4.0090044468754105,away,20.0,home_cover,-1.0,loss,51.0,62.0,over,-33.1818181818182,-0.09242846290200056
401635618,2024,13,Miami,Wake Forest,29.48583469981061,23.5,5.98583469981061,home,28.0,home_cover,0.9090909090909091,win,67.5,56.0,under,-32.272727272727295,-0.08964646464646471
401628435,2024,13,Tennessee,UTEP,38.337260129164214,41.5,-3.162739870835786,away,56.0,home_cover,-1.0,loss,53.0,56.0,over,-34.272727272727295,-0.09467604218985441
401640996,2024,13,Liberty,Western Kentucky,7.992013313931242,1.0,6.992013313931242,home,17.0,home_cover,0.9090909090909091,win,55.5,59.0,over,-33.36363636363639,-0.09191084397695974
401645373,2024,13,UAB,Rice,-3.023847369115291,-7.0,3.976152630884709,home,26.0,home_cover,0.9090909090909091,win,52.0,54.0,over,-32.45454545454548,-0.08916083916083924
401643836,2024,13,App State,James Madison,-3.2661435249923487,-7.0,3.7338564750076513,home,14.0,home_cover,0.9090909090909091,win,57.5,54.0,under,-31.54545454545457,-0.0864259028642591
401645371,2024,13,Florida Atlantic,Charlotte,3.779105109134691,-3.0,6.779105109134691,home,-12.0,away_cover,-1.0,loss,49.5,66.0,over,-32.545454545454575,-0.08892200695479392
401643839,2024,13,Arkansas State,UL Monroe,9.250283806664738,3.0,6.250283806664738,home,7.0,home_cover,0.9090909090909091,win,51.5,49.0,under,-31.636363636363665,-0.08620262571216257
401643766,2024,13,Utah State,San Diego State,1.0531395149284468,5.0,-3.946860485071553,away,21.0,home_cover,-1.0,loss,60.0,61.0,over,-32.63636363636367,-0.08868577075098823
401628436,2024,13,Texas,Kentucky,23.53064000996857,19.0,4.530640009968572,home,17.0,away_cover,-1.0,loss,47.0,45.0,under,-33.63636363636367,-0.09115545700911563
401628557,2024,13,Michigan,Northwestern,15.611382259596658,10.5,5.111382259596658,home,44.0,home_cover,0.9090909090909091,win,35.0,56.0,over,-32.72727272727276,-0.08845208845208855
401628560,2024,13,Nebraska,Wisconsin,-4.731395354024693,1.0,-5.731395354024693,away,19.0,home_cover,-1.0,loss,40.5,69.0,over,-33.72727272727276,-0.09090909090909101
401645372,2024,13,North Texas,East Carolina,-1.8912731576078388,2.5,-4.391273157607839,away,-12.0,away_cover,0.9090909090909091,win,73.5,68.0,under,-32.818181818181856,-0.08822091886608026
401645375,2024,13,South Florida,Tulsa,21.147402375532412,17.0,4.147402375532412,home,33.0,home_cover,0.9090909090909091,win,60.0,93.0,over,-31.909090909090946,-0.08554716061418484
401628427,2024,13,Arkansas,Louisiana Tech,20.343592505048555,23.5,-3.156407494951445,away,21.0,away_cover,0.9090909090909091,win,48.5,49.0,over,-31.000000000000036,-0.08288770053475945
401635617,2024,13,Louisville,Pittsburgh,11.06432886897621,7.5,3.56432886897621,home,28.0,home_cover,0.9090909090909091,win,57.5,46.0,under,-30.090909090909125,-0.08024242424242434
401636931,2024,13,Houston,Baylor,-12.264569100031393,-7.0,-5.264569100031393,away,-10.0,away_cover,0.9090909090909091,win,51.0,30.0,under,-29.181818181818215,-0.07761121856866547
401628431,2024,13,LSU,Vanderbilt,16.448513929207586,9.5,6.948513929207586,home,7.0,away_cover,-1.0,loss,52.5,41.0,under,-29.272727272727305,-0.07744107744107753
401643765,2024,13,Fresno State,Colorado State,6.866107747402037,3.0,3.8661077474020367,home,6.0,home_cover,0.9090909090909091,win,43.5,50.0,over,-28.363636363636395,-0.07483809066922532
401628561,2024,13,UCLA,USC,-10.900165515958058,-4.5,-6.400165515958058,away,-6.0,away_cover,0.9090909090909091,win,52.5,32.0,under,-27.454545454545485,-0.07224880382775127
401644775,2024,14,Akron,Toledo,-14.57433604945884,-9.5,-5.074336049458839,away,7.0,home_cover,-1.0,loss,49.0,35.0,under,-27.545454545454575,-0.07210851975249889
401644691,2024,14,Bowling Green,Miami (OH),-1.0303280900410332,2.5,-3.530328090041033,away,-16.0,away_cover,0.9090909090909091,win,39.0,40.0,over,-26.636363636363665,-0.069546641348208
401644777,2024,14,Ohio,Ball State,21.66007798910162,17.5,4.1600779891016195,home,21.0,home_cover,0.9090909090909091,win,52.5,63.0,over,-25.727272727272755,-0.06699810606060613
401636938,2024,14,Colorado,Oklahoma State,13.301056358105996,16.5,-3.1989436418940045,away,52.0,home_cover,-1.0,loss,66.0,52.0,under,-27.727272727272755,-0.07183231276495533
401643843,2024,14,South Alabama,Texas State,4.3932786369018935,-1.5,5.8932786369018935,home,-7.0,away_cover,-1.0,loss,61.0,83.0,over,-28.727272727272755,-0.07423067888184175
401640997,2024,14,Sam Houston,Liberty,-5.990386310688251,-2.0,-3.990386310688251,away,2.0,home_cover,-1.0,loss,47.5,38.0,under,-29.727272727272755,-0.07661668228678545
401635625,2024,14,San José State,Stanford,7.01376743466643,2.5,4.51376743466643,home,3.0,home_cover,0.9090909090909091,win,54.5,65.0,over,-28.818181818181845,-0.07408272960972197
401628562,2024,14,Iowa,Nebraska,8.14601291882811,3.0,5.146012918828109,home,3.0,push,0.0,push,41.0,23.0,under,-28.818181818181845,-0.07389277389277396
401636939,2024,14,UCF,Utah,6.588893542468261,10.0,-3.411106457531739,away,-14.0,away_cover,0.9090909090909091,win,46.5,42.0,under,-28.909090909090935,-0.0737476808905381
401628444,2024,14,Clemson,South Carolina,7.757594679608789,2.5,5.257594679608789,home,-3.0,away_cover,-1.0,loss,49.0,31.0,under,-29.909090909090935,-0.07610455702058762
401628563,2024,14,Northwestern,Illinois,-13.813398796040076,-9.0,-4.813398796040076,away,-10.0,away_cover,0.9090909090909091,win,43.5,66.0,over,-28.090909090909115,-0.07111622554660535
401635622,2024,14,Wake Forest,Duke,-9.106946952021902,-3.5,-5.606946952021902,away,-6.0,away_cover,0.9090909090909091,win,53.0,40.0,under,-27.181818181818205,-0.06864095500459143
401636941,2024,14,Baylor,Kansas,4.392497607503041,1.0,3.3924976075030413,home,28.0,home_cover,0.9090909090909091,win,62.0,62.0,push,-26.272727272727295,-0.06617815433936346
401635624,2024,14,North Carolina,NC State,5.315488113466947,2.0,3.315488113466947,home,-5.0,away_cover,-1.0,loss,53.5,65.0,over,-26.545454545454565,-0.06586961425671108
401628570,2024,14,UCLA,Fresno State,2.2068158633197807,7.5,-5.293184136680219,away,7.0,away_cover,0.9090909090909091,win,46.5,33.0,under,-25.636363636363654,-0.0634563456345635
401628571,2024,14,USC,Notre Dame,-12.270762937410192,-7.0,-5.270762937410192,away,-14.0,away_cover,0.9090909090909091,win,52.5,84.0,over,-24.727272727272744,-0.06105499438832777
401635621,2024,14,SMU,California,8.065493052378155,12.5,-4.434506947621845,away,32.0,home_cover,-1.0,loss,54.5,44.0,under,-25.727272727272744,-0.06336766681594272
401628441,2024,14,LSU,Oklahoma,1.935243993721865,6.0,-4.0647560062781345,away,20.0,home_cover,-1.0,loss,48.0,54.0,over,-27.727272727272744,-0.06795900178253124
401628438,2024,14,Florida State,Florida,-12.320147309078898,-17.0,4.679852690921102,home,-20.0,away_cover,-1.0,loss,46.0,42.0,under,-28.727272727272744,-0.07023783062902872
401628569,2024,14,Oregon,Washington,24.22646262872974,17.5,6.726462628729742,home,28.0,home_cover,0.9090909090909091,win,51.0,70.0,over,-27.818181818181834,-0.06784922394678496
401635640,2024,14,Virginia Tech,Virginia,11.10987558262433,4.5,6.60987558262433,home,20.0,home_cover,0.9090909090909091,win,44.5,54.0,over,-26.909090909090924,-0.06547224065472244
401636942,2024,14,BYU,Houston,16.591104701542513,12.0,4.591104701542513,home,12.0,push,0.0,push,40.5,48.0,over,-26.909090909090924,-0.06531332744924982
401643768,2024,14,San Diego State,Air Force,0.785129481169125,-5.5,6.285129481169125,home,-11.0,away_cover,-1.0,loss,43.5,51.0,over,-27.909090909090924,-0.0675764913053049
401673468,2024,15,Boise State,UNLV,8.622520528605628,4.0,4.622520528605628,home,14.0,home_cover,0.9090909090909091,win,57.5,28.0,under,-27.000000000000014,-0.06521739130434787
401673467,2024,15,Miami (OH),Ohio,-0.5301389868369144,2.5,-3.0301389868369144,away,-35.0,away_cover,0.9090909090909091,win,44.0,41.0,under,-27.090909090909104,-0.06512237762237766
401673469,2024,15,Texas,Georgia,-1.3196304261692635,3.0,-4.3196304261692635,away,-3.0,away_cover,0.9090909090909091,win,51.0,41.0,under,-26.181818181818194,-0.0627861347285808
401673470,2024,15,Louisiana,Marshall,9.737615639096155,5.0,4.7376156390961555,home,-28.0,away_cover,-1.0,loss,57.0,34.0,under,-27.181818181818194,-0.06502827316224448
401645383,2024,16,Army,Navy,1.6969982087338198,6.0,-4.30300179126618,away,-18.0,away_cover,0.9090909090909091,win,39.0,44.0,over,-25.363636363636374,-0.06038961038961042
401756846,2025,1,Kansas State,Iowa State,-3.611221775274646,3.0,-6.611221775274646,away,-3.0,away_cover,0.9090909090909091,win,51.0,45.0,under,-24.454545454545464,-0.058086806305333645
401756847,2025,1,Kansas,Fresno State,7.609779665340556,14.0,-6.390220334659444,away,24.0,home_cover,-1.0,loss,50.0,38.0,under,-25.454545454545464,-0.06031882809133996
401757218,2025,1,Western Kentucky,Sam Houston,4.5504247557420126,9.5,-4.9495752442579874,away,17.0,home_cover,-1.0,loss,60.0,65.0,over,-26.454545454545464,-0.06254029658284979
401752794,2025,1,Rutgers,Ohio,9.176121857099066,15.5,-6.323878142900934,away,3.0,away_cover,0.9090909090909091,win,52.0,65.0,over,-26.545454545454554,-0.062459893048128365
401762789,2025,1,Akron,Wyoming,-1.2477191545054298,-5.0,3.75228084549457,home,-10.0,away_cover,-1.0,loss,48.0,10.0,under,-26.636363636363644,-0.06238024270811158
401754373,2025,1,NC State,East Carolina,8.513395768940306,14.0,-5.486604231059694,away,7.0,away_cover,0.9090909090909091,win,61.0,41.0,under,-25.727272727272734,-0.0601104502973662
401752793,2025,1,Minnesota,Buffalo,14.275218476109217,18.5,-4.224781523890783,away,13.0,away_cover,0.9090909090909091,win,43.0,33.0,under,-24.818181818181824,-0.0578512396694215
401761589,2025,1,Charlotte,App State,-8.421713125167615,-3.0,-5.421713125167615,away,-23.0,away_cover,0.9090909090909091,win,49.0,45.0,under,-22.090909090909093,-0.05113636363636364
401761589,2025,1,Charlotte,App State,-8.421713125167615,-3.0,-5.421713125167615,away,-23.0,away_cover,0.9090909090909091,win,49.0,45.0,under,-21.181818181818183,-0.04891874868780181
401752677,2025,1,Ohio State,Texas,8.699311182525111,2.0,6.699311182525111,home,7.0,home_cover,0.9090909090909091,win,46.5,21.0,under,-21.272727272727273,-0.04890282131661442
401752673,2025,1,Southern Miss,Mississippi State,-10.0540735913042,-14.5,4.445926408695801,home,-17.0,away_cover,-1.0,loss,60.0,51.0,under,-23.272727272727273,-0.05325566881630955
401752806,2025,1,Indiana,Old Dominion,19.993387143351413,23.0,-3.0066128566485872,away,13.0,away_cover,0.9090909090909091,win,53.0,41.0,under,-22.363636363636363,-0.0510585305105853
401752669,2025,1,Georgia,Marshall,32.872825307364934,38.5,-5.627174692635066,away,38.0,away_cover,0.9090909090909091,win,51.5,52.0,over,-21.454545454545453,-0.04887140194657279
401752678,2025,1,Texas A&M,UTSA,20.01177506233234,24.0,-3.9882249376676597,away,18.0,away_cover,0.9090909090909091,win,58.5,66.0,over,-21.545454545454543,-0.04885590599876314
401757225,2025,1,Utah State,UTEP,10.039827346616775,5.5,4.539827346616775,home,12.0,home_cover,0.9090909090909091,win,58.5,44.0,under,-20.636363636363633,-0.04668860551213492
401761592,2025,1,Louisiana,Rice,5.574366007727782,9.5,-3.9256339922722177,away,-2.0,away_cover,0.9090909090909091,win,48.0,26.0,under,-20.727272727272723,-0.046683046683046674
401752800,2025,1,UCLA,Utah,-2.2510974537234496,-6.5,4.24890254627655,home,-33.0,away_cover,-1.0,loss,49.0,53.0,over,-20.818181818181813,-0.04667753770892783
401752680,2025,1,South Carolina,Virginia Tech,3.866734899323546,7.0,-3.133265100676454,away,13.0,home_cover,-1.0,loss,52.0,35.0,under,-21.818181818181813,-0.04881025015253202
401778303,2025,1,Jacksonville State,Troy,-2.2243359970934113,3.0,-5.224335997093411,away,4.0,home_cover,-1.0,loss,47.5,30.0,under,-23.818181818181813,-0.0530471755416076
401779840,2025,1,Oklahoma,Alabama,7.505159864583414,1.5,6.005159864583414,home,-10.0,away_cover,-1.0,loss,42.0,58.0,over,-26.818181818181813,-0.059332260659694276
401779842,2025,1,Ole Miss,Tulane,22.94355508451397,17.5,5.443555084513971,home,31.0,home_cover,0.9090909090909091,win,57.5,51.0,under,-25.909090909090903,-0.05719446116797109
401778310,2025,1,Southern Miss,Western Kentucky,-2.259084601655287,3.0,-5.259084601655287,away,-11.0,away_cover,0.9090909090909091,win,59.0,43.0,under,-24.090909090909083,-0.05294705294705293
401778313,2025,1,Northwestern,Central Michigan,8.39517684790379,12.0,-3.604823152096211,away,27.0,home_cover,-1.0,loss,43.0,41.0,under,-25.090909090909083,-0.05502392344497606
401778315,2025,1,UTSA,Florida International,2.620682868213926,7.0,-4.379317131786074,away,37.0,home_cover,-1.0,loss,62.5,77.0,over,-25.181818181818173,-0.05498213576816195
401778322,2025,1,Missouri,Virginia,8.83061048395774,4.0,4.83061048395774,home,-6.0,away_cover,-1.0,loss,43.5,20.0,under,-25.363636363636353,-0.05489964580873669
401778324,2025,1,App State,Georgia Southern,-3.648762751988011,-10.0,6.351237248011989,home,-19.0,away_cover,-1.0,loss,58.0,39.0,under,-27.363636363636353,-0.058973354231974896
401778326,2025,1,Illinois,Tennessee,-7.293819503236572,-2.5,-4.793819503236572,away,2.0,home_cover,-1.0,loss,62.0,58.0,under,-28.363636363636353,-0.06099706744868033
401778327,2025,1,TCU,USC,-10.053404121121345,-4.5,-5.5534041211213445,away,3.0,home_cover,-1.0,loss,56.5,57.0,over,-29.363636363636353,-0.06301209520093638
401778330,2025,1,Texas,Michigan,1.79511955298673,7.0,-5.20488044701327,away,14.0,home_cover,-1.0,loss,50.0,68.0,over,-30.363636363636353,-0.06501849328401789
401769070,2025,1,Ohio State,Miami,11.162994420053543,8.0,3.1629944200535434,home,-10.0,away_cover,-1.0,loss,40.0,38.0,under,-31.363636363636353,-0.067016317016317
401769071,2025,1,Texas Tech,Oregon,4.220581509267079,1.0,3.2205815092670793,home,-23.0,away_cover,-1.0,loss,51.0,23.0,under,-32.36363636363635,-0.06900562124442719
401769073,2025,1,Georgia,Ole Miss,9.873599370567533,6.0,3.8735993705675327,home,-5.0,away_cover,-1.0,loss,54.0,73.0,over,-33.36363636363635,-0.07098646034816246
401831583,2025,1,SMU,Arizona,5.565269989647504,2.5,3.065269989647504,home,5.0,home_cover,0.9090909090909091,win,55.0,43.0,under,-33.454545454545446,-0.07087827426810477
401769075,2025,1,Ole Miss,Miami,1.0576268170217098,-3.0,4.05762681702171,home,-4.0,away_cover,-1.0,loss,53.0,58.0,over,-34.454545454545446,-0.07284259081299249
401769074,2025,1,Indiana,Oregon,-0.8388533505161337,3.0,-3.8388533505161337,away,34.0,home_cover,-1.0,loss,50.0,78.0,over,-35.454545454545446,-0.07479861910241656
401769076,2025,1,Indiana,Miami,10.41799626326149,7.0,3.4179962632614895,home,6.0,away_cover,-1.0,loss,47.0,48.0,over,-36.454545454545446,-0.07674641148325358
401752825,2025,2,Duke,Illinois,1.6333626427826395,-2.5,4.1333626427826395,home,-26.0,away_cover,-1.0,loss,49.0,64.0,over,-35.63636363636363,-0.07455306200076074
401752811,2025,2,Penn State,Florida International,37.34479671061496,42.0,-4.655203289385042,away,34.0,away_cover,0.9090909090909091,win,53.5,34.0,under,-32.909090909090914,-0.06841806841806843
401754525,2025,2,SMU,Baylor,6.2208785045923065,3.0,3.2208785045923065,home,-3.0,away_cover,-1.0,loss,65.5,93.0,over,-34.909090909090914,-0.07227555053642011
401752818,2025,2,Rutgers,Miami (OH),12.053093132589622,15.5,-3.4469068674103784,away,28.0,home_cover,-1.0,loss,45.5,62.0,over,-35.00000000000001,-0.07216494845360827
401752824,2025,2,Oregon,Oklahoma State,24.558575993854163,28.5,-3.941424006145837,away,66.0,home_cover,-1.0,loss,55.5,72.0,over,-32.363636363636374,-0.06604823747680892
401752686,2025,2,Kentucky,Ole Miss,-11.183877824227912,-8.0,-3.1838778242279115,away,-7.0,home_cover,-1.0,loss,51.5,53.0,over,-33.363636363636374,-0.06795037955934088
401752820,2025,2,Wisconsin,Middle Tennessee,25.468145661603057,28.5,-3.0318543383969434,away,32.0,home_cover,-1.0,loss,45.5,52.0,over,-34.363636363636374,-0.0698447893569845
401757232,2025,2,Toledo,Western Kentucky,5.074537351661499,8.5,-3.4254626483385007,away,24.0,home_cover,-1.0,loss,57.5,66.0,over,-36.363636363636374,-0.07361059992638942
401752690,2025,2,Oklahoma,Michigan,-1.034305726043872,4.0,-5.034305726043872,away,11.0,home_cover,-1.0,loss,44.0,37.0,under,-37.54545454545456,-0.07524139187465843
401752816,2025,2,Michigan State,Boston College,-2.1721531763407764,3.5,-5.672153176340776,away,2.0,away_cover,0.9090909090909091,win,45.5,82.0,over,-36.636363636363654,-0.07327272727272731
401752681,2025,2,Alabama,UL Monroe,28.254875958876017,34.0,-5.745124041123983,away,73.0,home_cover,-1.0,loss,50.0,73.0,over,-36.72727272727275,-0.07316189786309313
401757229,2025,2,New Mexico State,Tulsa,2.5052064174052635,-3.0,5.5052064174052635,home,7.0,home_cover,0.9090909090909091,win,52.5,35.0,under,-34.909090909090935,-0.06926406926406932
401754531,2025,3,Wake Forest,NC State,-3.197252379037254,-7.0,3.802747620962746,home,-10.0,away_cover,-1.0,loss,53.0,58.0,over,-36.00000000000003,-0.07100591715976337
401752839,2025,3,Michigan,Central Michigan,31.57870017069789,28.0,3.578700170697889,home,60.0,home_cover,0.9090909090909091,win,43.0,66.0,over,-35.181818181818215,-0.06898395721925141
401752831,2025,3,Northwestern,Oregon,-22.49386935448284,-26.5,4.00613064551716,home,-20.0,home_cover,0.9090909090909091,win,50.5,48.0,under,-34.27272727272731,-0.06706991638498495
401752703,2025,3,Temple,Oklahoma,-17.64157045341609,-23.5,5.85842954658391,home,-39.0,away_cover,-1.0,loss,51.0,45.0,under,-35.27272727272731,-0.06889204545454553
401752705,2025,3,Tennessee,Georgia,-6.979226696340637,-3.5,-3.4792266963406373,away,-3.0,home_cover,-1.0,loss,50.5,85.0,over,-36.3636363636364,-0.07060900264783768
401754638,2025,3,West Virginia,Pittsburgh,-0.0029889959397078,-7.0,6.997011004060292,home,7.0,home_cover,0.9090909090909091,win,55.0,55.0,push,-35.454545454545496,-0.06871035940803391
401752938,2025,3,Texas Tech,Oregon State,17.01150513637502,24.0,-6.988494863624979,away,31.0,home_cover,-1.0,loss,61.5,59.0,under,-36.454545454545496,-0.07051169333567794
401752706,2025,3,Texas,UTEP,34.49405834364784,39.5,-5.005941656352157,away,17.0,away_cover,0.9090909090909091,win,52.0,37.0,under,-35.63636363636368,-0.06853146853146862
401757256,2025,3,Bowling Green,Liberty,-0.9590698063170748,-5.5,4.540930193682925,home,10.0,home_cover,0.9090909090909091,win,51.5,36.0,under,-34.727272727272776,-0.06665503402547558
401757233,2025,3,Florida International,Florida Atlantic,7.500384905048639,2.0,5.500384905048639,home,10.0,home_cover,0.9090909090909091,win,56.5,66.0,over,-33.81818181818187,-0.06478578892372006
401757234,2025,3,Georgia Southern,Jacksonville State,-1.83007119526596,3.0,-4.83007119526596,away,7.0,home_cover,-1.0,loss,59.0,75.0,over,-34.81818181818187,-0.06657396141143761
401752829,2025,3,Illinois,Western Michigan,21.9886496303683,27.5,-5.5113503696317,away,38.0,home_cover,-1.0,loss,51.0,38.0,under,-35.81818181818187,-0.06835530881332418
401752700,2025,3,Ole Miss,Arkansas,7.0156822374465,3.5,3.5156822374464998,home,6.0,home_cover,0.9090909090909091,win,60.5,76.0,over,-35.90909090909096,-0.06826823366747331
401752698,2025,3,Kentucky,Eastern Michigan,20.71289928760603,27.0,-6.287100712393968,away,25.0,away_cover,0.9090909090909091,win,49.5,71.0,over,-36.00000000000006,-0.06818181818181829
401752704,2025,3,South Carolina,Vanderbilt,6.613614941620073,3.0,3.6136149416200727,home,-24.0,away_cover,-1.0,loss,48.5,38.0,under,-37.00000000000006,-0.06994328922495285
401754534,2025,3,Tulane,Duke,6.097326036288803,1.5,4.597326036288803,home,7.0,home_cover,0.9090909090909091,win,52.5,61.0,over,-36.09090909090915,-0.06809605488850783
401762465,2025,3,Tulsa,Navy,-10.111874346929282,-13.5,3.388125653070718,home,-19.0,away_cover,-1.0,loss,52.0,65.0,over,-38.09090909090915,-0.07159945317840066
401762463,2025,3,UAB,Akron,17.561561385995866,12.0,5.561561385995866,home,3.0,away_cover,-1.0,loss,59.0,59.0,push,-39.09090909090915,-0.07334129285348809
401760368,2025,3,Utah State,Air Force,-0.9661298650768506,-4.5,3.5338701349231494,home,19.0,home_cover,0.9090909090909091,win,51.5,79.0,over,-38.181818181818244,-0.0715015321756896
401756889,2025,3,Arizona State,Texas State,11.543763111244678,18.5,-6.956236888755322,away,19.0,home_cover,-1.0,loss,61.5,49.0,under,-39.181818181818244,-0.07323704333050139
401754533,2025,3,Stanford,Boston College,-10.376258562513827,-14.0,3.6237414374861725,home,10.0,home_cover,0.9090909090909091,win,44.5,50.0,over,-38.27272727272734,-0.0714043419267301
401754636,2025,4,TCU,SMU,10.498409936288253,6.5,3.998409936288253,home,11.0,home_cover,0.9090909090909091,win,63.5,59.0,under,-37.36363636363643,-0.06957846622651104
401752845,2025,4,Wisconsin,Maryland,5.257303904399792,10.5,-5.242696095600208,away,-17.0,away_cover,0.9090909090909091,win,44.5,37.0,under,-36.454545454545524,-0.06775937816830023
401752708,2025,4,Memphis,Arkansas,-1.4813507012971885,-7.0,5.518649298702812,home,1.0,home_cover,0.9090909090909091,win,60.0,63.0,over,-34.63636363636371,-0.06414141414141428
401757169,2025,4,UConn,Ball State,16.188019656595557,21.5,-5.311980343404443,away,6.0,away_cover,0.9090909090909091,win,54.0,56.0,over,-33.000000000000085,-0.06043956043956059
401754538,2025,4,Duke,NC State,-0.9950506386310058,3.0,-3.995050638631006,away,12.0,home_cover,-1.0,loss,57.0,78.0,over,-34.000000000000085,-0.06215722120658151
401754542,2025,4,Georgia Tech,Temple,17.638283475103556,24.5,-6.861716524896444,away,21.0,away_cover,0.9090909090909091,win,53.5,69.0,over,-34.09090909090918,-0.06209637357178357
401757264,2025,4,Middle Tennessee,Marshall,-7.747291960636437,-2.5,-5.247291960636437,away,-14.0,away_cover,0.9090909090909091,win,46.5,70.0,over,-34.18181818181827,-0.06203596766210213
401752713,2025,4,Missouri,South Carolina,5.638283059684184,10.0,-4.361716940315816,away,9.0,away_cover,0.9090909090909091,win,48.5,49.0,over,-33.272727272727366,-0.0602766798418974
401752843,2025,4,Indiana,Illinois,10.703476975138514,6.5,4.203476975138514,home,53.0,home_cover,0.9090909090909091,win,51.0,73.0,over,-32.36363636363646,-0.05852375472628654
401752716,2025,4,Vanderbilt,Georgia State,24.31550179202374,28.0,-3.6844982079762616,away,49.0,home_cover,-1.0,loss,53.5,91.0,over,-34.36363636363646,-0.061916461916462086
401754539,2025,4,Virginia,Stanford,8.69719731438665,15.5,-6.802802685613351,away,28.0,home_cover,-1.0,loss,48.5,68.0,over,-34.45454545454555,-0.06185735270115898
401752723,2025,4,Texas,Sam Houston,32.79320935408863,39.5,-6.706790645911369,away,55.0,home_cover,-1.0,loss,51.5,55.0,over,-35.45454545454555,-0.06353861192570888
401757267,2025,4,UTEP,UL Monroe,11.103823608160264,5.0,6.103823608160264,home,-6.0,away_cover,-1.0,loss,47.0,56.0,over,-36.45454545454555,-0.0652138559115305
401760373,2025,4,Colorado State,UTSA,-0.1271460343468859,-5.0,4.872853965653114,home,-1.0,home_cover,0.9090909090909091,win,58.5,33.0,under,-35.545454545454646,-0.06347402597402615
401752847,2025,4,USC,Michigan State,22.67766477360128,18.5,4.177664773601279,home,14.0,away_cover,-1.0,loss,55.5,76.0,over,-35.63636363636374,-0.06340989970883228
401752939,2025,5,Oregon State,Houston,-7.505732233224524,-12.5,4.994267766775476,home,-3.0,home_cover,0.9090909090909091,win,47.5,51.0,over,-35.72727272727283,-0.06334622823984545
401752717,2025,5,Arkansas,Notre Dame,-11.340409329821211,-5.0,-6.340409329821211,away,-43.0,away_cover,0.9090909090909091,win,63.5,69.0,over,-34.90909090909102,-0.061568061568061765
401752850,2025,5,Illinois,USC,-12.78271540402984,-6.5,-6.28271540402984,away,2.0,home_cover,-1.0,loss,62.0,66.0,over,-35.90909090909102,-0.06322023047375179
401752849,2025,5,Minnesota,Rutgers,0.952066782814858,4.0,-3.047933217185142,away,3.0,away_cover,0.9090909090909091,win,51.5,59.0,over,-35.000000000000114,-0.061511423550088075
401761614,2025,5,James Madison,Georgia Southern,8.261432778164512,15.0,-6.738567221835488,away,25.0,home_cover,-1.0,loss,54.5,45.0,under,-37.000000000000114,-0.06479859894921211
401756908,2025,5,West Virginia,Utah,-10.35206059511844,-13.5,3.1479394048815603,home,-34.0,away_cover,-1.0,loss,47.0,62.0,over,-39.000000000000114,-0.06806282722513109
401756907,2025,5,Oklahoma State,Baylor,-14.392703606412264,-21.0,6.6072963935877365,home,-18.0,home_cover,0.9090909090909091,win,59.0,72.0,over,-37.1818181818183,-0.06455176767676789
401752719,2025,5,Ole Miss,LSU,8.831098673400302,2.5,6.331098673400302,home,5.0,home_cover,0.9090909090909091,win,58.0,43.0,under,-36.272727272727394,-0.06286434536001281
401752852,2025,5,Washington,Ohio State,-12.6138919594469,-9.0,-3.6138919594468994,away,-18.0,away_cover,0.9090909090909091,win,53.5,30.0,under,-35.36363636363649,-0.061182761874803614
401757271,2025,5,Old Dominion,Liberty,8.803454814158414,14.5,-5.696545185841586,away,14.0,away_cover,0.9090909090909091,win,53.5,28.0,under,-35.45454545454558,-0.06112852664576824
401754548,2025,5,NC State,Virginia Tech,4.304880572404428,10.0,-5.695119427595572,away,-2.0,away_cover,0.9090909090909091,win,57.5,44.0,under,-36.545454545454675,-0.06268517074692054
401760379,2025,5,Boise State,App State,13.361421079905718,16.5,-3.1385789200942824,away,33.0,home_cover,-1.0,loss,59.5,61.0,over,-37.545454545454675,-0.06429016189290183
401752854,2025,5,Penn State,Oregon,7.388084744999648,4.0,3.388084744999648,home,-6.0,away_cover,-1.0,loss,53.0,54.0,over,-38.545454545454675,-0.0658896658896661
401752721,2025,5,Missouri,Massachusetts,41.10082946328742,44.5,-3.3991705367125817,away,36.0,away_cover,0.9090909090909091,win,57.0,48.0,under,-37.63636363636377,-0.06422587651256616
401752718,2025,5,Georgia,Alabama,5.875961925874222,2.0,3.875961925874222,home,-3.0,away_cover,-1.0,loss,54.0,45.0,under,-38.63636363636377,-0.0658200402663778
401757272,2025,5,UTEP,Louisiana Tech,-7.569507676328886,-3.5,-4.069507676328886,away,-19.0,away_cover,0.9090909090909091,win,48.0,41.0,under,-37.72727272727286,-0.06416202844774296
401760384,2025,6,San José State,New Mexico,7.012852405892847,2.0,5.012852405892847,home,7.0,home_cover,0.9090909090909091,win,59.5,63.0,over,-35.90909090909105,-0.06065724815724839
401760381,2025,6,Navy,Air Force,9.500791152658302,13.5,-3.9992088473416985,away,3.0,away_cover,0.9090909090909091,win,51.0,65.0,over,-35.00000000000014,-0.059021922428330764
401756911,2025,6,Baylor,Kansas State,1.731233981510011,5.0,-3.268766018489989,away,1.0,away_cover,0.9090909090909091,win,60.0,69.0,over,-33.18181818181833,-0.055767761650114836
401754552,2025,6,North Carolina,Clemson,-7.810916661024185,-14.5,6.689083338975815,home,-28.0,away_cover,-1.0,loss,48.0,48.0,push,-34.18181818181833,-0.05735204392922538
401756912,2025,6,Cincinnati,Iowa State,-1.2820849920306203,2.0,-3.2820849920306205,away,8.0,home_cover,-1.0,loss,55.5,68.0,over,-36.18181818181833,-0.06050471267862597
401756910,2025,6,Arizona,Oklahoma State,15.962369683058968,21.5,-5.537630316941032,away,28.0,home_cover,-1.0,loss,56.5,54.0,under,-37.18181818181833,-0.062073152223402886
401752726,2025,6,Alabama,Vanderbilt,19.01481876470551,13.5,5.51481876470551,home,16.0,home_cover,0.9090909090909091,win,57.5,44.0,under,-36.27272727272742,-0.060454545454545705
401752858,2025,6,Northwestern,UL Monroe,18.471132874880695,12.5,5.971132874880695,home,35.0,home_cover,0.9090909090909091,win,43.0,49.0,over,-35.363636363636516,-0.05884132506428705
401752857,2025,6,Maryland,Washington,0.7984055301387376,-5.5,6.298405530138737,home,-4.0,home_cover,0.9090909090909091,win,52.0,44.0,under,-34.45454545454561,-0.057233464210208654
401754555,2025,6,SMU,Syracuse,12.066619163899215,17.5,-5.433380836100785,away,13.0,away_cover,0.9090909090909091,win,57.0,49.0,under,-33.5454545454547,-0.055630936227951414
401757171,2025,6,UConn,Florida International,3.242418457059707,7.0,-3.757581542940293,away,41.0,home_cover,-1.0,loss,52.0,61.0,over,-34.5454545454547,-0.05719446116797136
401752855,2025,6,UCLA,Penn State,-27.93601554990027,-24.5,-3.4360155499002687,away,5.0,home_cover,-1.0,loss,48.0,79.0,over,-37.5454545454547,-0.06185412610453823
401752860,2025,6,Nebraska,Michigan State,17.660305448366472,13.5,4.160305448366472,home,11.0,away_cover,-1.0,loss,48.5,65.0,over,-37.6363636363638,-0.06180026869682068
401761620,2025,6,Arkansas State,Texas State,-10.60429278685297,-14.0,3.3957072131470305,home,1.0,home_cover,0.9090909090909091,win,63.5,61.0,under,-36.72727272727289,-0.06020864381520146
401761621,2025,6,Troy,South Alabama,0.8783641269830937,-2.5,3.3783641269830937,home,7.0,home_cover,0.9090909090909091,win,47.0,55.0,over,-36.81818181818198,-0.0601604278074869
401756914,2025,6,TCU,Colorado,9.565997960245603,13.5,-3.9340020397543967,away,14.0,home_cover,-1.0,loss,57.0,56.0,under,-38.81818181818198,-0.06322179449215307
401754551,2025,6,California,Duke,-6.836623657284591,-3.5,-3.3366236572845906,away,-24.0,away_cover,0.9090909090909091,win,54.5,66.0,over,-37.00000000000017,-0.06006493506493534
401762480,2025,7,Tulane,East Carolina,2.712328829752618,7.0,-4.287671170247382,away,7.0,push,0.0,push,53.5,45.0,under,-38.00000000000017,-0.06148867313915885
401757279,2025,7,Sam Houston,Jacksonville State,-12.874503020722363,-7.0,-5.874503020722363,away,-2.0,home_cover,-1.0,loss,54.0,56.0,over,-39.00000000000017,-0.06300484652665617
401761622,2025,7,Georgia Southern,Southern Miss,1.2053759751400674,-3.0,4.2053759751400674,home,-3.0,push,0.0,push,60.0,73.0,over,-39.00000000000017,-0.06290322580645188
401762481,2025,7,North Texas,South Florida,6.843067517911743,2.5,4.343067517911743,home,-27.0,away_cover,-1.0,loss,68.5,99.0,over,-40.00000000000017,-0.06441223832528208
401752862,2025,7,Washington,Rutgers,4.3348306360814695,9.5,-5.1651693639185305,away,19.0,home_cover,-1.0,loss,62.0,57.0,under,-41.00000000000017,-0.06591639871382664
401754561,2025,7,SMU,Stanford,14.445973546932349,19.5,-5.054026453067651,away,24.0,home_cover,-1.0,loss,55.5,44.0,under,-41.090909090909264,-0.06585081585081613
401756917,2025,7,Cincinnati,UCF,4.593287390815948,10.5,-5.906712609184052,away,9.0,away_cover,0.9090909090909091,win,55.5,31.0,under,-39.27272727272745,-0.06273598605867005
401762483,2025,7,Army,Charlotte,13.553293331619695,17.5,-3.9467066683803047,away,17.0,away_cover,0.9090909090909091,win,45.5,31.0,under,-38.363636363636545,-0.06118602290851124
401762483,2025,7,Army,Charlotte,13.553293331619695,17.5,-3.9467066683803047,away,17.0,away_cover,0.9090909090909091,win,45.5,31.0,under,-37.45454545454564,-0.059640995946728725
401762836,2025,7,Eastern Michigan,Northern Illinois,-5.9667140117579365,-1.5,-4.4667140117579365,away,6.0,home_cover,-1.0,loss,48.0,26.0,under,-37.54545454545473,-0.05959595959595989
401762837,2025,7,Kent State,Massachusetts,-2.7824362582389695,1.0,-3.7824362582389695,away,36.0,home_cover,-1.0,loss,50.0,48.0,under,-38.54545454545473,-0.061086298804207184
401752866,2025,7,Penn State,Northwestern,26.376268110697513,20.5,5.876268110697513,home,-1.0,away_cover,-1.0,loss,46.5,43.0,under,-39.54545454545473,-0.06257192174913723
401760386,2025,7,UNLV,Air Force,13.114729075046176,7.0,6.114729075046176,home,3.0,away_cover,-1.0,loss,65.5,99.0,over,-40.54545454545473,-0.06405285078270889
401756918,2025,7,Colorado,Iowa State,1.0720043937691623,-3.0,4.072004393769163,home,7.0,home_cover,0.9090909090909091,win,52.5,41.0,under,-39.636363636363825,-0.06251792371666219
401752736,2025,7,Texas,Oklahoma,6.35044443996345,2.5,3.85044443996345,home,17.0,home_cover,0.9090909090909091,win,44.5,29.0,under,-38.72727272727292,-0.060987831066571525
401754560,2025,7,Georgia Tech,Virginia Tech,7.958969244148797,14.0,-6.041030755851203,away,15.0,home_cover,-1.0,loss,55.5,55.0,under,-39.72727272727292,-0.06246426529445427
401752735,2025,7,Tennessee,Arkansas,13.418382874842347,10.0,3.4183828748423473,home,3.0,away_cover,-1.0,loss,68.5,65.0,under,-38.909090909091105,-0.060890596101864015
401762482,2025,7,Florida Atlantic,UAB,0.7249607184756384,4.5,-3.7750392815243616,away,20.0,home_cover,-1.0,loss,66.0,86.0,over,-39.909090909091105,-0.062357954545454855
401756921,2025,7,Texas Tech,Kansas,10.20294156831092,13.5,-3.2970584316890807,away,25.0,home_cover,-1.0,loss,58.5,59.0,over,-40.0000000000002,-0.062305295950156075
401752731,2025,7,Auburn,Georgia,-10.642438449401595,-4.5,-6.142438449401595,away,-10.0,away_cover,0.9090909090909091,win,46.5,30.0,under,-39.09090909090929,-0.060794570903435916
401761627,2025,7,Texas State,Troy,3.0431509962474,7.5,-4.4568490037526,away,-7.0,away_cover,0.9090909090909091,win,53.5,89.0,over,-38.181818181818386,-0.05928853754940743
401756916,2025,7,Arizona,BYU,-6.3696083886727894,-2.5,-3.8696083886727894,away,-6.0,away_cover,0.9090909090909091,win,47.0,60.0,over,-37.27272727272748,-0.05778717406624415
401760387,2025,7,Boise State,New Mexico,17.683140330053078,14.5,3.183140330053078,home,16.0,home_cover,0.9090909090909091,win,58.5,66.0,over,-36.36363636363657,-0.056290458767239274
401760390,2025,7,Nevada,San Diego State,-11.487230706061126,-6.5,-4.987230706061126,away,-34.0,away_cover,0.9090909090909091,win,42.5,54.0,over,-35.454545454545666,-0.05479837009976146
401760389,2025,7,Hawai'i,Utah State,-6.993793990477913,-2.0,-4.993793990477913,away,18.0,home_cover,-1.0,loss,56.5,70.0,over,-36.454545454545666,-0.05625701459034825
401757284,2025,8,Sam Houston,UTEP,-7.189855805401365,-3.5,-3.689855805401365,away,-18.0,away_cover,0.9090909090909091,win,46.5,52.0,over,-35.54545454545476,-0.05476957557080857
401762486,2025,8,East Carolina,Tulsa,20.51805822520621,16.5,4.018058225206211,home,14.0,away_cover,-1.0,loss,55.0,68.0,over,-36.54545454545476,-0.056223776223776556
401754566,2025,8,Duke,Georgia Tech,6.769411562160796,3.5,3.269411562160796,home,-9.0,away_cover,-1.0,loss,60.5,45.0,under,-36.63636363636385,-0.056190741773564194
401756927,2025,8,TCU,Baylor,8.498994282805723,3.5,4.998994282805723,home,6.0,home_cover,0.9090909090909091,win,66.5,78.0,over,-35.72727272727295,-0.05471251566198001
401752873,2025,8,Michigan,Washington,10.113919134548029,4.0,6.113919134548029,home,17.0,home_cover,0.9090909090909091,win,50.5,31.0,under,-34.81818181818204,-0.05323881011954441
401756928,2025,8,UCF,West Virginia,9.989004137824418,6.5,3.489004137824418,home,32.0,home_cover,0.9090909090909091,win,46.0,58.0,over,-33.909090909091134,-0.05176960444136051
401762491,2025,8,North Texas,UTSA,-1.4758904023555113,4.0,-5.475890402355511,away,38.0,home_cover,-1.0,loss,64.0,72.0,over,-34.09090909090932,-0.05173127327907332
401762489,2025,8,Charlotte,Temple,-5.831293656678273,-9.5,3.668706343321727,home,-35.0,away_cover,-1.0,loss,48.0,63.0,over,-35.09090909090932,-0.05316804407713534
401762489,2025,8,Charlotte,Temple,-5.831293656678273,-9.5,3.668706343321727,home,-35.0,away_cover,-1.0,loss,48.0,63.0,over,-36.09090909090932,-0.054600467611057975
401761632,2025,8,Marshall,Texas State,3.055524941716625,-3.0,6.055524941716625,home,3.0,home_cover,0.9090909090909091,win,66.0,77.0,over,-35.181818181818414,-0.053144740455919055
401760392,2025,8,Air Force,Wyoming,-0.7628407521672109,4.0,-4.762840752167211,away,3.0,away_cover,0.9090909090909091,win,56.5,45.0,under,-34.27272727272751,-0.05169340463458146
401754565,2025,8,Clemson,SMU,8.423636679698117,3.5,4.923636679698117,home,-11.0,away_cover,-1.0,loss,50.0,59.0,over,-35.27272727272751,-0.053121577217963116
401760393,2025,8,Boise State,UNLV,9.616914921351285,13.0,-3.3830850786487154,away,25.0,home_cover,-1.0,loss,61.0,87.0,over,-36.27272727272751,-0.0545454545454549
401752742,2025,8,Georgia,Ole Miss,10.675705949262651,7.5,3.1757059492626514,home,8.0,home_cover,0.9090909090909091,win,56.5,78.0,over,-35.3636363636366,-0.05309855309855346
401761668,2025,8,Louisiana,Southern Miss,2.3008969156752896,-4.0,6.30089691567529,home,-12.0,away_cover,-1.0,loss,54.5,32.0,under,-36.3636363636366,-0.05451819544773104
401752951,2025,8,Virginia,Washington State,13.105177659858937,16.5,-3.3948223401410633,away,2.0,away_cover,0.9090909090909091,win,56.5,42.0,under,-35.454545454545695,-0.053075666848122295
401760394,2025,8,Colorado State,Hawai'i,9.593597694422296,3.0,6.5935976944222965,home,-12.0,away_cover,-1.0,loss,53.5,50.0,under,-36.454545454545695,-0.05449109933414902
401761630,2025,8,Georgia Southern,Georgia State,9.6418788896672,6.5,3.1418788896672005,home,17.0,home_cover,0.9090909090909091,win,59.0,65.0,over,-34.63636363636388,-0.051619021812762865
401752743,2025,8,Kentucky,Texas,-18.403170357112614,-12.0,-6.403170357112614,away,-3.0,home_cover,-1.0,loss,45.0,29.0,under,-34.727272727272975,-0.05160070241793904
401762490,2025,8,South Florida,Florida Atlantic,15.466646956844066,20.5,-5.033353043155934,away,35.0,home_cover,-1.0,loss,72.5,61.0,under,-35.727272727272975,-0.053007823037496994
401752738,2025,8,Alabama,Tennessee,12.778986783361136,9.0,3.7789867833611357,home,17.0,home_cover,0.9090909090909091,win,60.5,57.0,under,-34.81818181818207,-0.05158249158249195
401754568,2025,8,Syracuse,Pittsburgh,-4.856967170102314,-9.5,4.643032829897686,home,-17.0,away_cover,-1.0,loss,54.5,43.0,under,-35.81818181818207,-0.05298547606239951
401756926,2025,8,Oklahoma State,Cincinnati,-18.514700879544883,-24.0,5.485299120455117,home,-32.0,away_cover,-1.0,loss,58.0,66.0,over,-37.81818181818207,-0.05577902923035703
401754567,2025,8,Stanford,Florida State,-13.832791350726726,-17.5,3.667208649273274,home,7.0,home_cover,0.9090909090909091,win,55.0,33.0,under,-36.000000000000256,-0.05294117647058861
401754573,2025,9,North Carolina,Virginia,-6.530029313967841,-11.0,4.469970686032159,home,-1.0,home_cover,0.9090909090909091,win,50.5,33.0,under,-36.09090909090935,-0.0529192215409228
401754571,2025,9,Georgia Tech,Syracuse,13.604446545120055,17.5,-3.895553454879945,away,25.0,home_cover,-1.0,loss,52.5,57.0,over,-37.09090909090935,-0.05430586982563594
401756932,2025,9,Kansas,Kansas State,0.3397686907253048,3.5,-3.160231309274695,away,-25.0,away_cover,0.9090909090909091,win,56.0,59.0,over,-35.272727272727536,-0.05149303251493071
401762846,2025,9,Kent State,Bowling Green,-11.328599883587996,-7.5,-3.828599883587996,away,3.0,home_cover,-1.0,loss,48.0,45.0,under,-36.272727272727536,-0.05287569573283898
401752750,2025,9,Oklahoma,Ole Miss,0.3643441296204313,5.5,-5.135655870379569,away,-8.0,away_cover,0.9090909090909091,win,52.5,60.0,over,-35.36363636363663,-0.0514754532221785
401760400,2025,9,New Mexico,Utah State,-1.836247528075571,3.0,-4.836247528075571,away,19.0,home_cover,-1.0,loss,61.0,47.0,under,-36.45454545454572,-0.0528326745718054
401752952,2025,9,Washington State,Toledo,-6.703830168996641,-2.0,-4.703830168996641,away,21.0,home_cover,-1.0,loss,44.5,35.0,under,-37.45454545454572,-0.05420339429022536
401760399,2025,9,Fresno State,San Diego State,-6.354338526744057,-3.0,-3.3543385267440566,away,-23.0,away_cover,0.9090909090909091,win,46.0,23.0,under,-36.54545454545482,-0.052811350499212165
401762495,2025,9,Tulsa,Temple,-10.194855775073409,-5.0,-5.194855775073409,away,-1.0,home_cover,-1.0,loss,52.5,75.0,over,-37.54545454545482,-0.05417814508723639
401762493,2025,9,Navy,Florida Atlantic,8.740400849904013,14.5,-5.759599150095987,away,10.0,away_cover,0.9090909090909091,win,63.5,74.0,over,-36.63636363636391,-0.05279014933193647
401752882,2025,9,Iowa,Minnesota,11.845231692479135,7.0,4.845231692479135,home,38.0,home_cover,0.9090909090909091,win,38.5,44.0,over,-35.727272727273004,-0.05140614780902591
401761637,2025,9,Southern Miss,UL Monroe,17.911653145434933,14.0,3.911653145434933,home,28.0,home_cover,0.9090909090909091,win,49.0,70.0,over,-34.8181818181821,-0.05002612330198577
401762845,2025,9,Northern Illinois,Ball State,13.464743522400829,6.5,6.964743522400829,home,14.0,home_cover,0.9090909090909091,win,42.0,28.0,under,-33.90909090909119,-0.048650058693100705
401756933,2025,9,Texas Tech,Oklahoma State,33.44585719464385,38.0,-4.55414280535615,away,42.0,home_cover,-1.0,loss,56.0,42.0,under,-34.90909090909119,-0.05001302422505901
401754572,2025,9,Miami,Stanford,26.20302669233624,30.0,-3.796973307663759,away,35.0,home_cover,-1.0,loss,46.0,49.0,over,-36.90909090909119,-0.05272727272727313
401754570,2025,9,Louisville,Boston College,18.76717067611149,25.5,-6.7328293238885095,away,14.0,away_cover,0.9090909090909091,win,54.5,62.0,over,-36.000000000000284,-0.05135520684736132
401760398,2025,9,Wyoming,Colorado State,1.131767887173512,6.0,-4.8682321128264885,away,28.0,home_cover,-1.0,loss,46.5,28.0,under,-37.000000000000284,-0.05270655270655311
401752881,2025,9,Michigan State,Michigan,-17.70010171566989,-13.5,-4.200101715669891,away,-11.0,home_cover,-1.0,loss,47.5,51.0,over,-38.000000000000284,-0.05405405405405446
401756934,2025,9,Utah,Colorado,10.060456141171816,14.0,-3.939543858828184,away,46.0,home_cover,-1.0,loss,50.0,60.0,over,-39.000000000000284,-0.055397727272727675
401761639,2025,10,Texas State,James Madison,-2.0797818633205427,-7.5,5.420218136679457,home,-32.0,away_cover,-1.0,loss,55.0,72.0,over,-41.000000000000284,-0.058073654390935245
401762497,2025,10,Rice,Memphis,-18.917917296946385,-14.0,-4.917917296946385,away,-24.0,away_cover,0.9090909090909091,win,48.0,52.0,over,-40.09090909090938,-0.05670567056705711
401754575,2025,10,Syracuse,North Carolina,-1.9747588212053913,1.5,-3.4747588212053913,away,-17.0,away_cover,0.9090909090909091,win,45.5,37.0,under,-39.18181818181847,-0.05534155110426338
401757290,2025,10,Louisiana Tech,Sam Houston,11.258487938283867,16.5,-5.241512061716133,away,41.0,home_cover,-1.0,loss,48.0,69.0,over,-40.18181818181847,-0.05667393255545623
401756936,2025,10,Baylor,UCF,-1.820263719656096,3.0,-4.820263719656096,away,27.0,home_cover,-1.0,loss,58.5,33.0,under,-41.18181818181847,-0.05800256081946264
401756938,2025,10,Houston,West Virginia,8.14707375105852,13.0,-4.852926248941481,away,-10.0,away_cover,0.9090909090909091,win,48.5,80.0,over,-40.272727272727565,-0.05664237309806971
401754577,2025,10,Clemson,Duke,10.77152980434636,4.0,6.771529804346359,home,-1.0,away_cover,-1.0,loss,55.0,91.0,over,-42.36363636363666,-0.0592498410680233
401754580,2025,10,Virginia Tech,Louisville,-6.364024726357531,-10.5,4.135975273642469,home,-12.0,away_cover,-1.0,loss,52.5,44.0,under,-45.36363636363666,-0.06318055203849117
401754583,2025,10,Boston College,Notre Dame,-35.97753491421746,-31.0,-4.977534914217458,away,-15.0,home_cover,-1.0,loss,55.0,35.0,under,-47.36363636363666,-0.06578282828282869
401756941,2025,10,Kansas State,Texas Tech,-2.200094001176498,-7.0,4.799905998823502,home,-23.0,away_cover,-1.0,loss,52.0,63.0,over,-48.36363636363666,-0.06707855251544613
401756940,2025,10,Kansas,Oklahoma State,19.740650429318265,25.0,-5.259349570681735,away,17.0,away_cover,0.9090909090909091,win,54.5,59.0,over,-48.45454545454575,-0.06701873506852801
401752890,2025,10,Michigan,Purdue,26.5721749929088,21.0,5.572174992908799,home,5.0,away_cover,-1.0,loss,49.0,37.0,under,-49.45454545454575,-0.0683073832245107
401756942,2025,10,Utah,Cincinnati,15.848225942571874,11.0,4.848225942571874,home,31.0,home_cover,0.9090909090909091,win,57.5,59.0,over,-48.545454545454845,-0.06695924764890324
401760403,2025,10,San José State,Hawai'i,7.295589510629824,2.5,4.795589510629824,home,7.0,home_cover,0.9090909090909091,win,56.0,83.0,over,-47.63636363636394,-0.06561482594540488
401762852,2025,11,Ohio,Miami (OH),6.260225460829513,3.0,3.2602254608295134,home,4.0,home_cover,0.9090909090909091,win,51.0,44.0,under,-46.72727272727303,-0.06427410278854613
401762854,2025,11,Toledo,Northern Illinois,11.021794594878136,15.5,-4.478205405121864,away,39.0,home_cover,-1.0,loss,42.0,45.0,over,-47.72727272727303,-0.06555944055944098
401762501,2025,11,Memphis,Tulane,9.29267228256121,3.0,6.29267228256121,home,-6.0,away_cover,-1.0,loss,54.0,70.0,over,-48.72727272727303,-0.06684125202643763
401752896,2025,11,USC,Northwestern,19.06410437032833,14.5,4.56410437032833,home,21.0,home_cover,0.9090909090909091,win,54.0,55.0,over,-47.818181818182126,-0.065504358655044
401761647,2025,11,Arkansas State,Southern Miss,-2.12719838151496,-6.5,4.37280161848504,home,-6.0,home_cover,0.9090909090909091,win,55.0,48.0,under,-46.00000000000031,-0.06284153005464524
401762503,2025,11,Army,Temple,3.573688586564209,7.0,-3.426311413435791,away,1.0,away_cover,0.9090909090909091,win,45.0,27.0,under,-45.090909090909406,-0.06151556492620656
401756947,2025,11,West Virginia,Colorado,1.1621177508652014,6.5,-5.337882249134799,away,7.0,home_cover,-1.0,loss,51.5,51.0,under,-44.27272727272759,-0.060153162055336405
401752897,2025,11,Purdue,Ohio State,-35.06476990568379,-29.0,-6.064769905683789,away,-24.0,home_cover,-1.0,loss,50.0,44.0,under,-45.27272727272759,-0.06142839521401302
401762502,2025,11,Rice,UAB,-3.5222573304165756,1.0,-4.522257330416576,away,7.0,home_cover,-1.0,loss,51.5,41.0,under,-46.27272727272759,-0.06270017245627045
401752894,2025,11,Rutgers,Maryland,-2.5625550388108227,1.5,-4.062555038810823,away,15.0,home_cover,-1.0,loss,57.0,55.0,under,-47.27272727272759,-0.06396850781153937
401757297,2025,11,UTEP,Jacksonville State,-5.267785941698261,-1.5,-3.7677859416982606,away,-3.0,away_cover,0.9090909090909091,win,46.5,57.0,over,-46.36363636363669,-0.06265356265356309
401762505,2025,11,Florida Atlantic,Tulsa,7.745279311637272,4.5,3.2452793116372716,home,19.0,home_cover,0.9090909090909091,win,61.5,61.0,under,-45.45454545454578,-0.06134216660532494
401752763,2025,11,Missouri,Texas A&M,-3.1053735424415816,-7.0,3.8946264575584184,home,-21.0,away_cover,-1.0,loss,48.0,55.0,over,-46.45454545454578,-0.06260720411663852
401754590,2025,11,UConn,Duke,-4.654002397120781,-8.0,3.345997602879219,home,3.0,home_cover,0.9090909090909091,win,63.0,71.0,over,-45.545454545454874,-0.061299400464945995
401752764,2025,11,Vanderbilt,Auburn,1.4226638220408354,6.0,-4.577336177959165,away,7.0,home_cover,-1.0,loss,46.0,83.0,over,-46.545454545454874,-0.06256109481915978
401757298,2025,11,New Mexico State,Kennesaw State,-4.4534680899062735,-10.5,6.0465319100937265,home,-3.0,home_cover,0.9090909090909091,win,52.0,45.0,under,-45.63636363636397,-0.061256863941428145
401752759,2025,11,Alabama,LSU,16.53471705541142,10.0,6.53471705541142,home,11.0,home_cover,0.9090909090909091,win,49.5,29.0,under,-44.72727272727306,-0.05995612966122394
401760407,2025,11,Colorado State,UNLV,-1.144969391668707,-5.5,4.355030608331293,home,-32.0,away_cover,-1.0,loss,61.0,52.0,under,-43.90909090909125,-0.058623619371283374
401752944,2025,11,Oregon State,Sam Houston,14.823635768702273,21.0,-6.176364231297727,away,-4.0,away_cover,0.9090909090909091,win,51.5,38.0,under,-43.00000000000034,-0.05733333333333379
401760408,2025,11,Hawai'i,San Diego State,-12.7157043181982,-6.5,-6.215704318198201,away,32.0,home_cover,-1.0,loss,48.0,44.0,under,-44.00000000000034,-0.05858854860186464
401762858,2025,12,Central Michigan,Buffalo,-4.344420857129979,2.0,-6.344420857129979,away,19.0,home_cover,-1.0,loss,45.0,57.0,over,-44.090909090909435,-0.05855366413135383
401754591,2025,12,Louisville,Clemson,-3.6060402761301207,1.5,-5.106040276130121,away,-1.0,away_cover,0.9090909090909091,win,51.0,39.0,under,-44.18181818181853,-0.058518964479229836
401754597,2025,12,Pittsburgh,Notre Dame,-19.78758646162206,-13.0,-6.787586461622059,away,-22.0,away_cover,0.9090909090909091,win,55.0,52.0,under,-43.27272727272762,-0.0572390572390577
401756952,2025,12,Oklahoma State,Kansas State,-22.914745272436445,-19.5,-3.414745272436445,away,-8.0,home_cover,-1.0,loss,50.0,20.0,under,-45.27272727272762,-0.05972655313024752
401757174,2025,12,UConn,Air Force,10.810793871857534,7.5,3.310793871857534,home,10.0,home_cover,0.9090909090909091,win,64.5,42.0,under,-44.363636363636715,-0.05845011378608263
401762510,2025,12,Navy,South Florida,-14.078032611638124,-8.5,-5.578032611638124,away,3.0,home_cover,-1.0,loss,63.0,79.0,over,-45.363636363636715,-0.059688995215311465
401752945,2025,12,Tulsa,Oregon State,-5.874408721495163,1.0,-6.874408721495163,away,17.0,home_cover,-1.0,loss,50.5,45.0,under,-46.363636363636715,-0.060924620714371505
401761651,2025,12,Georgia State,Marshall,-13.682718853514714,-9.5,-4.182718853514714,away,-12.0,away_cover,0.9090909090909091,win,60.5,48.0,under,-45.45454545454581,-0.059651634454784525
401756953,2025,12,Texas Tech,UCF,19.204253506112167,24.0,-4.795746493887833,away,39.0,home_cover,-1.0,loss,48.5,57.0,over,-45.5454545454549,-0.05961446930033364
401752765,2025,12,Alabama,Oklahoma,11.171938033599757,6.5,4.671938033599757,home,-2.0,away_cover,-1.0,loss,45.5,44.0,under,-47.5454545454549,-0.06206978400189935
401761652,2025,12,James Madison,App State,15.662139627483622,21.5,-5.837860372516378,away,48.0,home_cover,-1.0,loss,53.5,68.0,over,-48.5454545454549,-0.06329263956382647
401754595,2025,12,Miami,NC State,18.613304279847736,15.5,3.1133042798477355,home,34.0,home_cover,0.9090909090909091,win,55.0,48.0,under,-47.636363636363996,-0.06202651515151562
401762509,2025,12,Tulane,Florida Atlantic,12.62609327991268,16.5,-3.8739067200873194,away,11.0,away_cover,0.9090909090909091,win,60.5,59.0,under,-44.909090909091276,-0.05824784813111709
401752769,2025,12,Ole Miss,Florida,14.760381036590086,10.5,4.260381036590086,home,10.0,away_cover,-1.0,loss,53.5,58.0,over,-46.909090909091276,-0.06068446430671575
401752770,2025,12,Missouri,Mississippi State,10.139944858103858,7.0,3.139944858103858,home,22.0,home_cover,0.9090909090909091,win,50.0,76.0,over,-45.09090909090946,-0.05818181818181866
401752953,2025,12,Washington State,Louisiana Tech,4.4599616974892955,10.0,-5.5400383025107045,away,25.0,home_cover,-1.0,loss,43.5,31.0,under,-45.18181818181856,-0.05814905814905863
401756950,2025,12,BYU,TCU,-2.2171983795291537,3.0,-5.217198379529154,away,31.0,home_cover,-1.0,loss,52.0,57.0,over,-46.18181818181856,-0.05935966347277449
401760410,2025,12,San Diego State,Boise State,-2.712327467262736,2.0,-4.712327467262736,away,10.0,home_cover,-1.0,loss,41.5,24.0,under,-47.18181818181856,-0.06056716069553088
401762864,2025,13,Northern Illinois,Western Michigan,-1.6500732077581368,-7.0,5.349926792241863,home,-16.0,away_cover,-1.0,loss,39.5,54.0,over,-48.18181818181856,-0.061771561771562254
401762865,2025,13,Buffalo,Miami (OH),-6.541168384686086,-2.5,-4.041168384686086,away,-17.0,away_cover,0.9090909090909091,win,38.5,57.0,over,-47.27272727272765,-0.06052846001629661
401762866,2025,13,Kent State,Central Michigan,-12.63346464351694,-7.5,-5.133464643516939,away,-12.0,away_cover,0.9090909090909091,win,50.5,44.0,under,-46.36363636363674,-0.0592885375494076
401754598,2025,13,NC State,Florida State,-9.984205911010624,-6.5,-3.4842059110106245,away,10.0,home_cover,-1.0,loss,58.5,32.0,under,-47.36363636363674,-0.06048995704168166
401760418,2025,13,UNLV,Hawai'i,7.806947745695605,2.5,5.306947745695605,home,28.0,home_cover,0.9090909090909091,win,64.5,48.0,under,-46.45454545454584,-0.05925324675324724
401752909,2025,13,Northwestern,Minnesota,-2.360604851988829,4.0,-6.360604851988829,away,3.0,away_cover,0.9090909090909091,win,41.0,73.0,over,-45.54545454545493,-0.05801968731905087
401754603,2025,13,Virginia Tech,Miami,-21.556353521818306,-18.5,-3.0563535218183056,away,-17.0,home_cover,-1.0,loss,49.0,51.0,over,-46.54545454545493,-0.05921813555401391
401761657,2025,13,Georgia Southern,Old Dominion,-6.680375729040252,-10.0,3.319624270959748,home,-35.0,away_cover,-1.0,loss,62.0,55.0,under,-49.54545454545493,-0.06279525290932184
401757307,2025,13,Louisiana Tech,Liberty,2.8201602134981765,-1.0,3.8201602134981765,home,6.0,home_cover,0.9090909090909091,win,45.0,62.0,over,-48.636363636364024,-0.06156501726122028
401752780,2025,13,Texas,Arkansas,13.651880374607536,8.5,5.151880374607536,home,15.0,home_cover,0.9090909090909091,win,58.0,89.0,over,-47.72727272727312,-0.06033789219629977
401752913,2025,13,Iowa,Michigan State,20.571319994331272,17.5,3.0713199943312723,home,3.0,away_cover,-1.0,loss,43.0,37.0,under,-47.81818181818221,-0.06030035538232309
401752782,2025,13,Vanderbilt,Kentucky,3.8291185710013775,7.0,-3.1708814289986225,away,28.0,home_cover,-1.0,loss,53.5,62.0,over,-48.81818181818221,-0.061483856194184144
401752914,2025,13,Maryland,Michigan,-17.159105908323394,-14.0,-3.1591059083233937,away,-25.0,away_cover,0.9090909090909091,win,46.5,65.0,over,-47.909090909091304,-0.06026300743281925
401752779,2025,13,South Carolina,Coastal Carolina,20.196815021851297,24.0,-3.8031849781487033,away,44.0,home_cover,-1.0,loss,50.0,58.0,over,-48.909090909091304,-0.06144358154408455
401752908,2025,13,Penn State,Nebraska,11.287342976345297,7.0,4.287342976345297,home,27.0,home_cover,0.9090909090909091,win,45.0,47.0,over,-48.0000000000004,-0.060225846925972895
401752775,2025,13,Florida,Tennessee,-8.304494526690094,-3.0,-5.304494526690094,away,-20.0,away_cover,0.9090909090909091,win,58.0,42.0,under,-47.09090909090949,-0.059011164274322674
401752915,2025,13,Wisconsin,Illinois,-5.8165883186574945,-9.5,3.6834116813425055,home,17.0,home_cover,0.9090909090909091,win,42.0,37.0,under,-46.181818181818585,-0.05779952212993565
401752910,2025,13,UCLA,Washington,-16.089582571010133,-11.0,-5.0895825710101334,away,-34.0,away_cover,0.9090909090909091,win,51.0,62.0,over,-45.27272727272768,-0.0565909090909096
401760420,2025,13,San Diego State,San José State,13.992910095206003,10.0,3.9929100952060033,home,22.0,home_cover,0.9090909090909091,win,51.5,28.0,under,-44.36363636363677,-0.055385313812280616
401762868,2025,14,Massachusetts,Bowling Green,-20.144840461252834,-14.0,-6.144840461252834,away,-31.0,away_cover,0.9090909090909091,win,44.5,59.0,over,-43.454545454545865,-0.05418272500566816
401762869,2025,14,Eastern Michigan,Western Michigan,-5.298372534623221,-10.0,4.701627465376779,home,-10.0,push,0.0,push,49.0,52.0,over,-43.454545454545865,-0.0541152496320621
401762871,2025,14,Northern Illinois,Kent State,10.096169471721424,5.0,5.096169471721424,home,-4.0,away_cover,-1.0,loss,45.0,66.0,over,-45.454545454545865,-0.056465273856578714
401756964,2025,14,Kansas,Utah,-16.23057237359859,-10.0,-6.230572373598591,away,-10.0,push,0.0,push,60.5,52.0,under,-45.454545454545865,-0.056395217685540774
401760426,2025,14,New Mexico,San Diego State,-5.139756698210251,-1.0,-4.139756698210251,away,6.0,home_cover,-1.0,loss,41.5,40.0,under,-45.54545454545496,-0.05636813681368188
401762442,2025,14,North Texas,Temple,24.264444268864025,20.0,4.264444268864025,home,27.0,home_cover,0.9090909090909091,win,65.5,77.0,over,-44.63636363636405,-0.0551747387346898
401752792,2025,14,Texas,Texas A&M,1.7817308656736643,-2.5,4.281730865673664,home,10.0,home_cover,0.9090909090909091,win,54.5,44.0,under,-44.727272727273146,-0.05515076785113828
401762872,2025,14,Central Michigan,Toledo,-15.887904463114996,-11.5,-4.387904463114996,away,-18.0,away_cover,0.9090909090909091,win,46.5,24.0,under,-43.81818181818224,-0.053963278101209655
401756966,2025,14,Oklahoma State,Iowa State,-20.155775893328084,-14.0,-6.155775893328084,away,-7.0,home_cover,-1.0,loss,46.5,33.0,under,-44.81818181818224,-0.05512691490551321
401752921,2025,14,Michigan,Ohio State,-12.686585307162222,-9.5,-3.186585307162222,away,-18.0,away_cover,0.9090909090909091,win,43.0,36.0,under,-43.90909090909133,-0.05394237212419083
401754611,2025,14,Pittsburgh,Miami,-10.589366205829029,-6.5,-4.0893662058290285,away,-31.0,away_cover,0.9090909090909091,win,49.0,45.0,under,-43.000000000000426,-0.05276073619631954
401756963,2025,14,BYU,UCF,13.826653950367294,17.5,-3.6733460496327055,away,20.0,home_cover,-1.0,loss,46.5,62.0,over,-43.09090909090952,-0.05274285078446698
401757312,2025,14,Jacksonville State,Western Kentucky,1.572861975313521,-1.5,3.072861975313521,home,3.0,home_cover,0.9090909090909091,win,56.5,71.0,over,-41.27272727272771,-0.05039405039405093
401761661,2025,14,App State,Arkansas State,-2.4824120272759824,1.0,-3.4824120272759824,away,-1.0,away_cover,0.9090909090909091,win,54.5,59.0,over,-40.3636363636368,-0.04922394678492293
401762517,2025,14,Tulsa,UAB,2.8325571081672423,9.0,-6.167442891832758,away,-7.0,away_cover,0.9090909090909091,win,56.5,55.0,under,-39.454545454545894,-0.04805669361089634
401757315,2025,14,New Mexico State,Middle Tennessee,-0.5963105999472349,3.5,-4.096310599947235,away,-7.0,away_cover,0.9090909090909091,win,52.0,55.0,over,-38.54545454545499,-0.04689228046892334
401752791,2025,14,Tennessee,Vanderbilt,5.888644194473811,2.0,3.8886441944738106,home,-21.0,away_cover,-1.0,loss,66.5,69.0,over,-39.54545454545499,-0.04805037004308018
401762441,2025,14,UTSA,Army,14.216923518625933,8.5,5.716923518625933,home,-3.0,away_cover,-1.0,loss,50.0,51.0,over,-41.54545454545499,-0.050358126721763624
401752789,2025,14,Oklahoma,LSU,7.803719087542587,11.5,-3.6962809124574134,away,4.0,away_cover,0.9090909090909091,win,36.0,30.0,under,-41.63636363636408,-0.050346268000440245
401752784,2025,14,Auburn,Alabama,-11.077222656535884,-7.0,-4.077222656535884,away,-7.0,push,0.0,push,48.0,47.0,under,-43.63636363636408,-0.052573932092004914
401752919,2025,14,USC,UCLA,26.236580779508778,21.0,5.2365807795087775,home,19.0,away_cover,-1.0,loss,59.0,39.0,under,-44.63636363636408,-0.05371403566349468
401762518,2025,14,Tulane,Charlotte,27.513487845099604,31.0,-3.486512154900396,away,27.0,away_cover,0.9090909090909091,win,52.5,27.0,under,-43.727272727273174,-0.05255681818181872
401762518,2025,14,Tulane,Charlotte,27.513487845099604,31.0,-3.486512154900396,away,27.0,away_cover,0.9090909090909091,win,52.5,27.0,under,-42.81818181818227,-0.05140237913347211
401754609,2025,14,California,SMU,-18.91407481273984,-13.5,-5.414074812739841,away,3.0,home_cover,-1.0,loss,53.5,73.0,over,-43.81818181818227,-0.05253978635273653
401760425,2025,14,Nevada,UNLV,-10.866704431451204,-7.5,-3.366704431451204,away,-25.0,away_cover,0.9090909090909091,win,53.0,59.0,over,-42.90909090909136,-0.051388132825259114
401760423,2025,14,San José State,Fresno State,-10.07151355707656,-3.5,-6.57151355707656,away,-27.0,away_cover,0.9090909090909091,win,46.0,55.0,over,-42.000000000000455,-0.05023923444976131
401760424,2025,14,Hawai'i,Wyoming,2.1507213343313483,8.5,-6.349278665668652,away,20.0,home_cover,-1.0,loss,45.0,34.0,under,-43.000000000000455,-0.051373954599761594
401777328,2025,15,Virginia,Duke,-2.968106753850019,3.5,-6.468106753850019,away,-7.0,away_cover,0.9090909090909091,win,58.5,47.0,under,-43.09090909090955,-0.05135984397009481
401777353,2025,15,Ohio State,Indiana,7.295855875488027,3.5,3.7958558754880274,home,-3.0,away_cover,-1.0,loss,46.0,23.0,under,-44.09090909090955,-0.052489177489178036
