game_id,season,week,home_team,away_team,pred_total,over_under,total_points,edge,bet_side,ou_result,pnl,result,wind_speed,temp_avg,is_dome,cumulative_pnl,running_roi
401635525,2024,1,Georgia Tech,Florida State,50.27656345799692,54.5,45.0,-4.223436542003078,under,under,0.9090909090909091,win,10.6,74.55,0,0.9090909090909091,0.9090909090909091
401628448,2024,1,Minnesota,North Carolina,56.86382082579483,52.5,36.0,4.363820825794832,over,under,-1.0,loss,10.3,69.7,0,-0.09090909090909094,-0.04545454545454547
401628453,2024,1,Michigan State,Florida Atlantic,50.41781883828762,45.0,26.0,5.417818838287623,over,under,-1.0,loss,9.1,76.25,0,-1.0909090909090908,-0.3636363636363636
401628461,2024,1,Wisconsin,Western Michigan,52.42147566731744,57.0,42.0,-4.578524332682562,under,under,0.9090909090909091,win,10.4,70.25,0,-0.18181818181818177,-0.04545454545454544
401634300,2024,1,Stanford,TCU,54.30843374674468,58.5,61.0,-4.191566253255317,under,over,-1.0,loss,6.9,69.44999999999999,0,-1.1818181818181817,-0.23636363636363633
401628457,2024,1,West Virginia,Penn State,54.85141419287598,48.0,46.0,6.851414192875978,over,under,-1.0,loss,9.5,78.5,0,-2.1818181818181817,-0.3636363636363636
401628323,2024,1,Georgia,Clemson,54.048152364461984,49.0,37.0,5.048152364461984,over,under,-1.0,loss,5.1,81.8,0,-3.1818181818181817,-0.45454545454545453
401628333,2024,1,Vanderbilt,Virginia Tech,54.18926894932477,49.0,61.0,5.18926894932477,over,over,0.9090909090909091,win,6.5,80.7,0,-2.2727272727272725,-0.28409090909090906
401628451,2024,1,Maryland,UConn,51.15027418493233,45.5,57.0,5.650274184932329,over,over,0.9090909090909091,win,7.2,75.55,0,-1.3636363636363633,-0.1515151515151515
401628331,2024,1,Texas,Colorado State,57.03722687113568,62.5,52.0,-5.46277312886432,under,under,0.9090909090909091,win,10.4,83.4,0,-0.45454545454545425,-0.04545454545454543
401628449,2024,1,Indiana,Florida International,55.48767675311259,51.0,38.0,4.487676753112588,over,under,-1.0,loss,5.3,74.05,0,-1.4545454545454541,-0.13223140495867766
401628455,2024,1,Ohio State,Akron,51.00161895235607,56.0,58.0,-4.998381047643932,under,over,-1.0,loss,9.7,78.1,0,-2.454545454545454,-0.2045454545454545
401644683,2024,1,Northwestern,Miami (OH),44.13969982538414,39.5,19.0,4.639699825384142,over,under,-1.0,loss,8.5,72.95,0,-3.454545454545454,-0.26573426573426573
401641039,2024,1,Rice,Sam Houston,53.92396278364147,49.0,48.0,4.923962783641471,over,under,-1.0,loss,11.0,80.19999999999999,0,-4.454545454545454,-0.3181818181818182
401643701,2024,1,Troy,Nevada,50.295749877376906,44.5,54.0,5.795749877376906,over,over,0.9090909090909091,win,6.3,83.05000000000001,0,-3.545454545454545,-0.23636363636363633
401628324,2024,1,Kentucky,Southern Miss,55.41062215452895,50.0,31.0,5.4106221545289515,over,under,-1.0,loss,8.2,80.1,0,-6.545454545454545,-0.3636363636363636
401677081,2024,1,UNLV,California,40.720798440726455,45.5,37.0,-4.779201559273545,under,under,0.9090909090909091,win,0.0,68.0,1,-5.727272727272727,-0.2727272727272727
401677089,2024,1,Bowling Green,Arkansas State,59.29893902181679,53.5,69.0,5.798939021816793,over,over,0.9090909090909091,win,15.4,44.15,0,-4.181818181818181,-0.14420062695924762
401677090,2024,1,Navy,Oklahoma,47.69067497940912,42.5,41.0,5.190674979409117,over,under,-1.0,loss,4.3,37.2,0,-5.181818181818181,-0.1727272727272727
401677100,2024,1,Army,Louisiana Tech,50.19263463874769,44.0,33.0,6.192634638747691,over,under,-1.0,loss,14.3,46.75,0,-4.454545454545453,-0.12727272727272723
401677190,2024,1,Washington,Louisville,55.87152356783865,49.5,69.0,6.371523567838651,over,over,0.9090909090909091,win,7.8,41.849999999999994,0,-3.545454545454544,-0.09848484848484845
401677106,2024,1,Texas State,North Texas,70.29268625597635,63.5,58.0,6.792686255976349,over,under,-1.0,loss,7.1,58.7,0,-5.545454545454544,-0.14593301435406694
401634765,2024,2,SMU,BYU,50.33863599922519,56.0,33.0,-5.66136400077481,under,under,0.9090909090909091,win,14.3,81.25,0,-3.7272727272727257,-0.09318181818181814
401628471,2024,2,Rutgers,Akron,47.018004159770555,42.0,66.0,5.018004159770555,over,over,0.9090909090909091,win,12.8,68.7,0,-2.8181818181818166,-0.06873614190687358
401643784,2024,2,Memphis,Troy,62.68330611633323,56.0,55.0,6.6833061163332275,over,under,-1.0,loss,15.3,71.35,0,-3.8181818181818166,-0.09090909090909087
401628336,2024,2,Oklahoma State,Arkansas,66.63633510507813,61.0,70.0,5.636335105078132,over,over,0.9090909090909091,win,8.5,71.55000000000001,0,-2.9090909090909074,-0.0676532769556025
401635538,2024,2,Cincinnati,Pittsburgh,55.08586814487909,62.0,55.0,-6.914131855120907,under,under,0.9090909090909091,win,12.1,61.25,0,-1.9999999999999982,-0.045454545454545414
401635540,2024,2,Virginia Tech,Marshall,57.58162861971709,53.5,45.0,4.081628619717087,over,under,-1.0,loss,11.7,63.0,0,-5.090909090909089,-0.10389610389610386
401640979,2024,2,Florida International,Central Michigan,56.16603140016966,52.0,68.0,4.166031400169658,over,over,0.9090909090909091,win,,,0,-5.18181818181818,-0.10160427807486627
401636617,2024,2,UCF,Sam Houston,49.94094054946879,54.0,59.0,-4.059059450531208,under,over,-1.0,loss,8.8,81.45,0,-5.272727272727271,-0.09948542024013718
401643708,2024,2,Nevada,Georgia Southern,62.72408345185573,56.0,37.0,6.7240834518557335,over,under,-1.0,loss,11.7,77.05,0,-6.272727272727271,-0.11616161616161612
401635639,2024,2,Wake Forest,Virginia,62.18052630264753,55.5,61.0,6.680526302647529,over,over,0.9090909090909091,win,9.8,69.55,0,-4.454545454545452,-0.0795454545454545
401635532,2024,2,Clemson,App State,58.844840507727966,52.0,86.0,6.844840507727966,over,over,0.9090909090909091,win,9.3,69.35,0,-3.545454545454543,-0.06220095693779901
401628343,2024,2,Arizona State,Mississippi State,51.70434629361394,58.5,53.0,-6.795653706386062,under,under,0.9090909090909091,win,16.9,95.9,0,-2.636363636363634,-0.045454545454545414
401628472,2024,2,USC,Utah State,69.96439886876405,64.0,48.0,5.96439886876405,over,under,-1.0,loss,14.2,87.8,0,-3.636363636363634,-0.06163328197226498
401635542,2024,3,Florida State,Memphis,59.29948923414068,54.5,32.0,4.79948923414068,over,under,-1.0,loss,8.1,78.7,0,-4.636363636363634,-0.07727272727272723
401628350,2024,3,Wisconsin,Alabama,52.87815931793326,47.0,52.0,5.87815931793326,over,over,0.9090909090909091,win,8.5,73.15,0,-3.727272727272725,-0.06110283159463483
401628475,2024,3,Illinois,Central Michigan,56.47812614961482,50.0,39.0,6.478126149614823,over,under,-1.0,loss,9.7,75.4,0,-4.727272727272725,-0.0762463343108504
401628359,2024,3,South Carolina,LSU,54.752762836382985,48.5,69.0,6.252762836382985,over,over,0.9090909090909091,win,18.2,76.4,0,-3.8181818181818157,-0.060606060606060566
401636865,2024,3,Miami (OH),Cincinnati,51.84377105174539,47.5,43.0,4.343771051745392,over,under,-1.0,loss,10.5,74.45,0,-4.818181818181816,-0.07528409090909087
401635547,2024,3,Pittsburgh,West Virginia,57.25024316493356,61.5,72.0,-4.249756835066442,under,over,-1.0,loss,8.3,71.44999999999999,0,-4.999999999999997,-0.07352941176470584
401628477,2024,3,Iowa,Troy,43.46563994319373,39.0,59.0,4.465639943193729,over,over,0.9090909090909091,win,6.9,73.8,0,-4.181818181818179,-0.05889884763124196
401628352,2024,3,Auburn,New Mexico,52.88767344010384,58.0,64.0,-5.112326559896161,under,over,-1.0,loss,13.2,70.55,0,-3.4545454545454515,-0.045454545454545414
401628360,2024,3,Tennessee,Kent State,55.77697581323935,62.5,71.0,-6.723024186760647,under,over,-1.0,loss,13.7,77.05000000000001,0,-4.4545454545454515,-0.05785123966942145
401636871,2024,3,Wyoming,BYU,45.01632731252852,39.5,48.0,5.516327312528517,over,over,0.9090909090909091,win,15.8,64.75,0,-4.545454545454542,-0.057537399309551165
401643790,2024,4,App State,South Alabama,68.56302006520242,62.5,62.0,6.063020065202423,over,under,-1.0,loss,,,0,-5.545454545454542,-0.06931818181818178
401636879,2024,4,West Virginia,Kansas,60.0510937056568,56.0,60.0,4.051093705656797,over,over,0.9090909090909091,win,7.8,74.1,0,-3.727272727272724,-0.045454545454545414
401628486,2024,4,Indiana,Charlotte,56.453271349928215,50.0,66.0,6.453271349928215,over,over,0.9090909090909091,win,6.0,78.75,0,-2.818181818181815,-0.033953997809419455
401628492,2024,4,Ohio State,Marshall,56.94646553782974,51.5,63.0,5.446465537829738,over,over,0.9090909090909091,win,7.3,77.4,0,-1.9090909090909056,-0.022727272727272686
401636873,2024,4,Cincinnati,Houston,52.41469519345486,48.0,34.0,4.414695193454861,over,under,-1.0,loss,7.0,79.15,0,-1.9999999999999964,-0.02325581395348833
401628364,2024,4,Kentucky,Ohio,46.64929916273792,42.0,47.0,4.649299162737918,over,over,0.9090909090909091,win,6.5,77.55,0,-1.0909090909090873,-0.012539184952978014
401635558,2024,4,Coastal Carolina,Virginia,57.902749126861096,52.0,67.0,5.902749126861096,over,over,0.9090909090909091,win,6.9,74.45,0,-0.18181818181817822,-0.0020661157024792977
401628979,2024,4,Notre Dame,Miami (OH),48.5811874828121,44.0,31.0,4.581187482812098,over,under,-1.0,loss,6.0,73.25,0,-1.181818181818178,-0.013278855975485147
401635554,2024,4,Louisville,Georgia Tech,62.389257059997384,56.0,50.0,6.389257059997384,over,under,-1.0,loss,5.2,78.8,0,-2.181818181818178,-0.0242424242424242
401644736,2024,4,Northern Illinois,Buffalo,48.901665330361055,42.5,43.0,6.401665330361055,over,over,0.9090909090909091,win,12.5,77.0,0,-0.36363636363635987,-0.003952569169960433
401628494,2024,4,Virginia Tech,Rutgers,49.71304057489599,45.0,49.0,4.713040574895992,over,over,0.9090909090909091,win,6.3,71.75,0,1.4545454545454581,0.015473887814313384
401628368,2024,4,Missouri,Vanderbilt,56.42270996767071,52.0,57.0,4.422709967670713,over,over,0.9090909090909091,win,7.2,78.75,0,2.3636363636363673,0.024880382775119655
401635557,2024,4,SMU,TCU,52.29791952212079,59.0,108.0,-6.702080477879207,under,over,-1.0,loss,12.0,86.15,0,1.3636363636363673,0.014204545454545492
401635555,2024,4,South Florida,Miami,58.58977936065244,64.5,65.0,-5.910220639347557,under,over,-1.0,loss,9.7,78.9,0,-1.6363636363636327,-0.016528925619834673
401635551,2024,4,Florida State,California,48.641622153509616,44.5,23.0,4.141622153509616,over,under,-1.0,loss,6.7,78.6,0,-2.6363636363636327,-0.026363636363636325
401641037,2024,4,Western Kentucky,Toledo,56.96023296891839,61.0,47.0,-4.03976703108161,under,under,0.9090909090909091,win,7.2,79.7,0,-1.7272727272727235,-0.017101710171017064
401628487,2024,4,Minnesota,Iowa,39.890165219202515,35.0,45.0,4.890165219202515,over,over,0.9090909090909091,win,12.3,73.45,0,-1.8181818181818143,-0.017652250661959364
401628370,2024,4,South Carolina,Akron,47.85086131590277,41.5,57.0,6.350861315902769,over,over,0.9090909090909091,win,5.9,75.3,0,-0.9090909090909053,-0.008741258741258705
401628366,2024,4,Ole Miss,Georgia Southern,61.91447796881391,68.5,65.0,-6.585522031186088,under,under,0.9090909090909091,win,5.1,80.2,0,3.774758283725532e-15,3.595007889262412e-17
401643717,2024,4,Oregon State,Purdue,55.45261053125659,50.5,59.0,4.952610531256589,over,over,0.9090909090909091,win,8.1,65.2,0,0.9090909090909128,0.008576329331046347
401635564,2024,5,NC State,Northern Illinois,52.805294266001646,46.5,41.0,6.3052942660016456,over,under,-1.0,loss,9.2,73.30000000000001,0,-0.1818181818181781,-0.0016680567139282395
401629032,2024,5,UConn,Buffalo,51.07011609726029,44.5,50.0,6.570116097260289,over,over,0.9090909090909091,win,,,0,0.727272727272731,0.006611570247933918
401636880,2024,5,Baylor,BYU,50.85539622262208,46.5,62.0,4.355396222622083,over,over,0.9090909090909091,win,10.3,76.15,0,0.63636363636364,0.005681818181818214
401643794,2024,5,Marshall,Western Michigan,59.66410823453309,53.5,47.0,6.164108234533089,over,under,-1.0,loss,8.3,66.65,0,-0.36363636363636,-0.003218020917135929
401628502,2024,5,USC,Wisconsin,54.67489771756176,50.0,59.0,4.6748977175617625,over,over,0.9090909090909091,win,14.7,66.35,0,2.3636363636363673,0.02037617554858937
401643792,2024,5,Georgia State,Georgia Southern,61.64397473887356,57.0,59.0,4.64397473887356,over,over,0.9090909090909091,win,17.2,71.15,0,3.2727272727272765,0.027972027972028003
401643721,2024,5,Central Michigan,San Diego State,52.625137356927574,47.0,43.0,5.625137356927574,over,under,-1.0,loss,13.9,68.75,0,2.2727272727272765,0.019260400616332853
401645333,2024,5,Rice,Charlotte,52.697043471336066,48.0,41.0,4.697043471336066,over,under,-1.0,loss,8.0,78.1,0,3.0909090909090944,0.02554470323065367
401641025,2024,5,Memphis,Middle Tennessee,68.30628941969731,61.5,31.0,6.806289419697308,over,under,-1.0,loss,14.3,68.35,0,2.0909090909090944,0.01713859910581225
401628374,2024,5,Alabama,Georgia,56.167373000086734,50.0,75.0,6.167373000086734,over,over,0.9090909090909091,win,11.3,72.2,0,3.0000000000000036,0.024390243902439053
401628376,2024,5,LSU,South Alabama,70.31395557689082,64.5,52.0,5.8139555768908195,over,under,-1.0,loss,11.2,77.65,0,2.0000000000000036,0.016129032258064543
401643718,2024,5,Wyoming,Air Force,38.94720601155518,33.0,50.0,5.947206011555181,over,over,0.9090909090909091,win,12.7,68.3,0,2.9090909090909127,0.023272727272727303
401641035,2024,5,New Mexico State,New Mexico,59.79962302720084,54.5,90.0,5.2996230272008376,over,over,0.9090909090909091,win,8.2,77.94999999999999,0,3.818181818181822,0.03030303030303033
401643797,2024,6,Troy,Texas State,60.60260641146763,56.0,55.0,4.602606411467633,over,under,-1.0,loss,6.7,75.44999999999999,0,2.818181818181822,0.0221904080171797
401628383,2024,6,Texas A&M,Missouri,52.53672980652095,47.5,51.0,5.0367298065209525,over,over,0.9090909090909091,win,10.2,82.85,0,3.727272727272731,0.02911931818181821
401643722,2024,6,Air Force,Navy,43.0951999276413,37.0,41.0,6.095199927641303,over,over,0.9090909090909091,win,9.8,63.75,0,4.63636363636364,0.03594080338266388
401628509,2024,6,Wisconsin,Purdue,49.86271494686723,44.5,58.0,5.362714946867229,over,over,0.9090909090909091,win,17.7,64.44999999999999,0,5.545454545454549,0.04265734265734269
401628510,2024,6,Penn State,UCLA,43.12962904203877,47.5,38.0,-4.370370957961228,under,under,0.9090909090909091,win,7.8,57.65,0,6.454545454545459,0.049271339347675254
401635567,2024,6,Virginia,Boston College,58.74739564051954,52.5,38.0,6.247395640519542,over,under,-1.0,loss,6.7,68.85,0,6.363636363636368,0.04784688995215314
401635572,2024,6,North Carolina,Pittsburgh,56.70660193705517,62.5,58.0,-5.793398062944831,under,under,0.9090909090909091,win,7.4,72.44999999999999,0,7.272727272727277,0.054274084124830424
401643799,2024,6,Marshall,App State,60.55205192701735,56.5,89.0,4.052051927017352,over,over,0.9090909090909091,win,6.4,67.5,0,9.090909090909093,0.06684491978609627
401644740,2024,6,Akron,Bowling Green,54.189521945107494,48.5,47.0,5.689521945107494,over,under,-1.0,loss,7.0,62.15,0,7.0909090909090935,0.05138339920948618
401628503,2024,6,Northwestern,Indiana,44.629463000881344,40.5,65.0,4.129463000881344,over,over,0.9090909090909091,win,19.5,68.94999999999999,0,7.000000000000003,0.05000000000000002
401628508,2024,6,Nebraska,Rutgers,45.14227539082226,39.5,21.0,5.642275390822263,over,under,-1.0,loss,19.9,77.35,0,6.909090909090912,0.04865556978233036
401628384,2024,6,Vanderbilt,Alabama,58.51945816829725,53.5,75.0,5.019458168297248,over,over,0.9090909090909091,win,4.5,72.95,0,7.818181818181821,0.0546726001271456
401635569,2024,6,Florida State,Clemson,51.11130408839802,47.0,42.0,4.111304088398022,over,under,-1.0,loss,10.0,76.9,0,7.72727272727273,0.05329153605015676
401636889,2024,6,Iowa State,Baylor,50.05868006185256,45.0,64.0,5.058680061852563,over,over,0.9090909090909091,win,17.8,72.85,0,8.636363636363638,0.05915317559153177
401643726,2024,6,San José State,Nevada,55.54041768307378,51.0,66.0,4.540417683073777,over,over,0.9090909090909091,win,,,0,9.454545454545455,0.06345332519829164
401643725,2024,6,San Diego State,Hawai'i,53.60365698473517,47.5,51.0,6.103656984735167,over,over,0.9090909090909091,win,11.1,69.65,0,10.363636363636363,0.06909090909090909
401641030,2024,7,Western Kentucky,UTEP,50.21112014612635,56.0,61.0,-5.788879853873652,under,over,-1.0,loss,5.1,62.6,0,9.272727272727272,0.0606060606060606
401644743,2024,7,Kent State,Ball State,53.73907826985078,58.0,72.0,-4.260921730149221,under,over,-1.0,loss,10.3,60.35,0,8.18181818181818,0.052447552447552434
401628512,2024,7,Iowa,Washington,47.979057608097904,41.5,56.0,6.479057608097904,over,over,0.9090909090909091,win,11.6,68.5,0,9.090909090909088,0.057903879559930496
401644744,2024,7,Bowling Green,Northern Illinois,51.335642119915185,46.5,24.0,4.835642119915185,over,under,-1.0,loss,12.9,61.4,0,7.090909090909088,0.0445969125214408
401635578,2024,7,Virginia,Louisville,58.942760216119765,54.0,44.0,4.9427602161197655,over,under,-1.0,loss,7.0,62.15,0,6.090909090909088,0.0380681818181818
401628516,2024,7,USC,Penn State,56.42331401191179,52.0,63.0,4.423314011911792,over,over,0.9090909090909091,win,12.3,66.95,0,8.818181818181815,0.05409927495817064
401628511,2024,7,Illinois,Purdue,52.47353946170659,47.0,99.0,5.4735394617065865,over,over,0.9090909090909091,win,15.2,69.75,0,9.727272727272723,0.05931263858093124
401643808,2024,7,Texas State,Arkansas State,60.529384788747734,66.0,50.0,-5.470615211252266,under,under,0.9090909090909091,win,10.5,78.55000000000001,0,11.54545454545454,0.0695509309967141
401643804,2024,7,Georgia Southern,Marshall,63.39649278557276,58.0,47.0,5.396492785572761,over,under,-1.0,loss,8.5,66.5,0,10.454545454545448,0.061861215707369514
401628514,2024,7,UCLA,Minnesota,44.380299763927525,39.0,38.0,5.380299763927525,over,under,-1.0,loss,8.5,68.25,0,9.454545454545448,0.05561497326203205
401643809,2024,8,South Alabama,Troy,60.403417726397215,53.5,34.0,6.903417726397215,over,under,-1.0,loss,10.1,70.1,0,8.454545454545448,0.04944178628389151
401641010,2024,8,New Mexico State,Louisiana Tech,54.74910982764892,48.5,63.0,6.2491098276489225,over,over,0.9090909090909091,win,16.2,69.4,0,9.363636363636356,0.054439746300211374
401640983,2024,8,UTEP,Florida International,53.22199998679933,47.0,51.0,6.221999986799332,over,over,0.9090909090909091,win,16.0,68.35,0,10.272727272727264,0.059379926431949503
401634768,2024,8,Virginia Tech,Boston College,52.3838659566004,47.5,63.0,4.883865956600403,over,over,0.9090909090909091,win,7.4,45.25,0,11.181818181818173,0.06426332288401249
401643735,2024,8,Nevada,Fresno State,55.42118841106014,50.0,45.0,5.421188411060143,over,under,-1.0,loss,5.1,48.650000000000006,0,10.181818181818173,0.05818181818181813
401636899,2024,8,Cincinnati,Arizona State,56.56181140079397,51.5,38.0,5.061811400793971,over,under,-1.0,loss,5.2,55.75,0,9.181818181818173,0.05216942148760326
401629034,2024,8,UConn,Wake Forest,51.47698287446755,55.5,43.0,-4.023017125532448,under,under,0.9090909090909091,win,,,0,10.090909090909081,0.057010785824345094
401645345,2024,8,South Florida,UAB,59.75255828692141,55.5,60.0,4.252558286921413,over,over,0.9090909090909091,win,15.6,72.55,0,10.909090909090898,0.060606060606060545
401644751,2024,8,Northern Illinois,Toledo,48.75648708421272,43.0,19.0,5.756487084212722,over,under,-1.0,loss,9.6,58.05,0,11.727272727272714,0.06408345752608041
401643736,2024,8,Washington State,Hawai'i,60.146351831686935,55.5,52.0,4.646351831686935,over,under,-1.0,loss,10.0,57.5,0,10.727272727272714,0.05830039525691692
401643813,2024,8,Old Dominion,Texas State,54.79958167475432,60.5,38.0,-5.700418325245678,under,under,0.9090909090909091,win,12.1,58.650000000000006,0,10.636363636363622,0.05718475073313776
401628982,2024,8,Georgia Tech,Notre Dame,56.03892799672481,50.0,44.0,6.038927996724809,over,under,-1.0,loss,10.3,58.2,0,8.636363636363622,0.045938104448742675
401645350,2024,8,Tulane,Rice,57.319594169855804,53.0,34.0,4.3195941698558045,over,under,-1.0,loss,13.4,67.05,0,7.6363636363636225,0.04040404040404033
401628392,2024,8,Arkansas,LSU,61.969334886266154,57.0,44.0,4.969334886266154,over,under,-1.0,loss,7.6,61.05,0,5.6363636363636225,0.029509757258448285
401636904,2024,8,West Virginia,Kansas State,60.69478128612693,56.0,63.0,4.694781286126933,over,over,0.9090909090909091,win,4.1,53.85,0,6.545454545454532,0.03409090909090902
401628402,2024,9,Ole Miss,Oklahoma,54.461862268150945,50.0,40.0,4.461862268150945,over,under,-1.0,loss,6.8,70.2,0,6.272727272727259,0.031680440771349794
401628530,2024,9,Ohio State,Nebraska,44.3938385424348,49.0,38.0,-4.6061614575652,under,under,0.9090909090909091,win,9.6,51.3,0,7.181818181818168,0.036089538602101345
401628525,2024,9,Oregon,Illinois,60.47290010882239,54.0,47.0,6.472900108822387,over,under,-1.0,loss,12.7,61.900000000000006,0,6.181818181818168,0.03090909090909084
401636910,2024,9,TCU,Texas Tech,59.9275599219728,66.0,69.0,-6.072440078027199,under,over,-1.0,loss,8.9,75.1,0,5.181818181818168,0.025780189959294368
401636906,2024,9,Baylor,Oklahoma State,59.100884426183974,64.5,66.0,-5.399115573816026,under,over,-1.0,loss,9.2,77.75,0,4.181818181818168,0.020702070207020636
401644752,2024,9,Akron,Eastern Michigan,45.00638723447544,50.5,46.0,-5.49361276552456,under,under,0.9090909090909091,win,13.1,50.65,0,5.0909090909090775,0.025078369905956046
401645355,2024,9,Tulsa,UTSA,58.50939031407519,52.5,91.0,6.0093903140751905,over,over,0.9090909090909091,win,10.9,63.65,0,5.999999999999987,0.029411764705882287
401644756,2024,9,Western Michigan,Kent State,55.085344522374264,61.0,73.0,-5.914655477625736,under,over,-1.0,loss,9.5,47.2,0,4.999999999999987,0.02439024390243896
401628405,2024,9,Vanderbilt,Texas,57.293855527678225,50.5,51.0,6.793855527678225,over,over,0.9090909090909091,win,9.0,63.95,0,4.909090909090896,0.023715415019762782
401636905,2024,9,Arizona,West Virginia,56.44494719170536,51.5,57.0,4.94494719170536,over,over,0.9090909090909091,win,9.4,79.6,0,5.727272727272714,0.02727272727272721
401628529,2024,9,Michigan,Michigan State,45.364306874208594,39.0,41.0,6.364306874208594,over,over,0.9090909090909091,win,12.3,46.3,0,7.5454545454545325,0.035591766723842136
401628401,2024,9,Kentucky,Auburn,48.18092417364339,43.5,34.0,4.68092417364339,over,under,-1.0,loss,9.1,55.75,0,6.5454545454545325,0.030729833546734895
401640985,2024,10,Florida International,New Mexico State,47.992482124438425,43.5,47.0,4.492482124438425,over,over,0.9090909090909091,win,,,0,8.36363636363635,0.03872053872053866
401641012,2024,10,Sam Houston,Louisiana Tech,52.02930700578895,45.5,12.0,6.529307005788951,over,under,-1.0,loss,14.3,76.44999999999999,0,7.363636363636351,0.033933808127356455
401629036,2024,10,UConn,Georgia State,54.169600379009175,48.0,61.0,6.169600379009175,over,over,0.9090909090909091,win,,,0,9.181818181818167,0.04192611041926104
401628533,2024,10,Illinois,Minnesota,53.61186050072094,47.0,42.0,6.611860500720937,over,under,-1.0,loss,10.4,48.75,0,8.090909090909076,0.03644553644553638
401628539,2024,10,Penn State,Ohio State,52.56276881580145,47.5,33.0,5.062768815801448,over,under,-1.0,loss,7.1,45.9,0,7.090909090909076,0.031797798613942045
401643746,2024,10,Army,Air Force,42.41924300699605,38.0,23.0,4.419243006996048,over,under,-1.0,loss,9.2,49.25,0,6.090909090909076,0.027191558441558374
401645360,2024,10,Rice,Navy,53.90858279680485,48.5,34.0,5.4085827968048505,over,under,-1.0,loss,12.8,75.55000000000001,0,5.818181818181803,0.02529644268774697
401643750,2024,10,New Mexico,Wyoming,54.05322221835854,60.5,94.0,-6.446777781641458,under,over,-1.0,loss,14.1,56.75,0,4.818181818181803,0.020857929948838973
401628412,2024,10,Tennessee,Kentucky,50.827701810432146,45.5,46.0,5.327701810432146,over,over,0.9090909090909091,win,5.6,61.15,0,4.636363636363622,0.019729206963249455
401635627,2024,10,SMU,Pittsburgh,51.15818014078498,55.5,73.0,-4.341819859215022,under,over,-1.0,loss,20.4,77.3,0,3.6363636363636216,0.015408320493066193
401644761,2024,11,Kent State,Ohio,48.18348871929941,53.0,41.0,-4.816511280700588,under,under,0.9090909090909091,win,6.7,52.8,0,3.45454545454544,0.014393939393939332
401645363,2024,11,South Florida,Navy,52.0260070969861,58.0,35.0,-5.973992903013901,under,under,0.9090909090909091,win,11.0,75.19999999999999,0,4.1818181818181674,0.017068645640074154
401643828,2024,11,UL Monroe,Texas State,55.071473746441384,50.0,55.0,5.071473746441384,over,over,0.9090909090909091,win,,,0,5.999999999999986,0.024291497975708443
401635609,2024,11,Georgia Tech,Miami,58.59332241380346,65.0,51.0,-6.406677586196537,under,under,0.9090909090909091,win,13.6,66.05,0,6.909090909090895,0.027859237536656836
401628417,2024,11,Texas,Florida,54.23848396653218,49.0,66.0,5.238483966532179,over,over,0.9090909090909091,win,10.4,65.95,0,7.818181818181804,0.031398320554947005
401628544,2024,11,Rutgers,Minnesota,49.574852841335144,44.5,45.0,5.074852841335144,over,over,0.9090909090909091,win,11.7,48.25,0,8.727272727272712,0.03490909090909085
401628541,2024,11,Indiana,Michigan,52.768391600032494,47.5,35.0,5.268391600032494,over,under,-1.0,loss,9.2,52.2,0,6.727272727272712,0.026695526695526637
401628414,2024,11,Ole Miss,Georgia,59.809025602520414,55.5,38.0,4.309025602520414,over,under,-1.0,loss,10.6,65.85,0,5.727272727272712,0.022637441609773566
401635608,2024,11,NC State,Duke,47.47999752232306,51.5,48.0,-4.02000247767694,under,under,0.9090909090909091,win,10.9,56.599999999999994,0,6.636363636363622,0.02612741589119536
401628416,2024,11,Tennessee,Mississippi State,55.4494804578103,61.5,47.0,-6.050519542189697,under,under,0.9090909090909091,win,8.9,64.6,0,7.45454545454544,0.02900601344181105
401636920,2024,11,TCU,Oklahoma State,62.79964831569709,68.5,51.0,-5.700351684302909,under,under,0.9090909090909091,win,6.3,63.0,0,8.363636363636349,0.032417195207892824
401628413,2024,11,LSU,Alabama,63.2969380211543,58.5,55.0,4.796938021154297,over,under,-1.0,loss,10.6,74.94999999999999,0,7.363636363636349,0.028431028431028373
401628546,2024,11,Penn State,Washington,52.63224864434821,48.0,41.0,4.632248644348209,over,under,-1.0,loss,9.3,44.0,0,8.181818181818166,0.0312283136710617
401643753,2024,11,Hawai'i,UNLV,57.52975009109751,51.5,56.0,6.029750091097512,over,over,0.9090909090909091,win,16.6,78.6,0,9.090909090909074,0.034566194262011685
401636922,2024,11,Utah,BYU,46.08790601943976,40.5,43.0,5.587906019439757,over,over,0.9090909090909091,win,4.0,45.05,0,10.90909090909089,0.041166380789022225
401643756,2024,11,Washington State,Utah State,62.09099137766575,69.0,77.0,-6.909008622334248,under,over,-1.0,loss,11.7,42.3,0,9.90909090909089,0.03725222146274771
401644689,2024,12,Miami (OH),Kent State,41.245638949838934,47.5,41.0,-6.254361050161066,under,under,0.9090909090909091,win,15.3,53.9,0,10.818181818181799,0.0405175348995573
401644767,2024,12,Ohio,Eastern Michigan,44.77528978747813,51.5,45.0,-6.72471021252187,under,under,0.9090909090909091,win,12.6,47.95,0,12.636363636363615,0.04697532950321047
401643759,2024,12,Colorado State,Wyoming,53.554311279482135,47.0,34.0,6.554311279482135,over,under,-1.0,loss,10.3,40.3,0,10.636363636363615,0.03924857430392478
401636925,2024,12,Colorado,Utah,50.404920426648104,43.5,73.0,6.904920426648104,over,over,0.9090909090909091,win,7.2,38.85,0,10.454545454545432,0.038016528925619755
401643760,2024,12,Utah State,Hawai'i,55.1504347811466,62.0,65.0,-6.8495652188533995,under,over,-1.0,loss,3.9,32.25,0,8.36363636363634,0.029977191267513765
401628420,2024,12,Florida,LSU,62.385742825259534,56.5,43.0,5.885742825259534,over,under,-1.0,loss,7.5,63.599999999999994,0,6.36363636363634,0.022646392753154235
401628985,2024,12,Notre Dame,Virginia,55.132486481224184,51.0,49.0,4.132486481224184,over,under,-1.0,loss,10.4,47.599999999999994,0,5.36363636363634,0.019019987105093405
401628548,2024,12,Maryland,Rutgers,48.55736588235921,54.5,48.0,-5.942634117640793,under,under,0.9090909090909091,win,14.6,52.85,0,6.272727272727249,0.022165114037905474
401636927,2024,12,Kansas State,Arizona State,57.61358494709872,51.5,38.0,6.1135849470987225,over,under,-1.0,loss,10.3,52.25,0,5.272727272727249,0.018565941101152287
401636924,2024,12,BYU,Kansas,61.457156057401114,56.5,30.0,4.957156057401114,over,under,-1.0,loss,3.5,30.85,0,4.090909090909068,0.014155394778232069
401634772,2024,13,Georgia Tech,NC State,56.37865688961524,51.0,59.0,5.378656889615243,over,over,0.9090909090909091,win,16.4,44.1,0,4.999999999999977,0.017241379310344748
401628558,2024,13,Michigan State,Purdue,53.12002379737609,48.0,41.0,5.120023797376092,over,under,-1.0,loss,12.8,42.7,0,3.999999999999977,0.013745704467353872
401643767,2024,13,San José State,UNLV,55.929617189020306,60.0,43.0,-4.0703828109796945,under,under,0.9090909090909091,win,,,0,4.909090909090886,0.016811955168119473
401635518,2024,13,Syracuse,UConn,49.10635545690633,54.5,55.0,-5.3936445430936715,under,over,-1.0,loss,0.0,68.0,1,3.909090909090886,0.01334160719826241
401628430,2024,13,Georgia,Massachusetts,60.27774379763501,55.5,80.0,4.7777437976350114,over,over,0.9090909090909091,win,11.4,49.650000000000006,0,7.545454545454523,0.025405570860116237
401640996,2024,13,Liberty,Western Kentucky,60.89062693051726,55.5,59.0,5.390626930517257,over,over,0.9090909090909091,win,16.4,47.95,0,8.454545454545432,0.028370957901159167
401645373,2024,13,UAB,Rice,57.53125591979226,52.0,54.0,5.531255919792258,over,over,0.9090909090909091,win,6.8,45.15,0,9.36363636363634,0.03131650957737907
401643839,2024,13,Arkansas State,UL Monroe,55.51397461988459,51.5,49.0,4.013974619884593,over,under,-1.0,loss,7.4,43.85,0,8.36363636363634,0.0278787878787878
401643766,2024,13,Utah State,San Diego State,54.18162581063565,60.0,61.0,-5.818374189364349,under,over,-1.0,loss,6.6,36.349999999999994,0,7.36363636363634,0.02446390818483834
401628559,2024,13,Minnesota,Penn State,49.62928136933045,45.0,51.0,4.6292813693304495,over,over,0.9090909090909091,win,4.9,35.75,0,9.181818181818157,0.03030303030303022
401636932,2024,13,Kansas,Colorado,64.40711726268252,59.0,58.0,5.407117262682519,over,under,-1.0,loss,11.3,44.7,0,9.090909090909065,0.029806259314455952
401628427,2024,13,Arkansas,Louisiana Tech,52.52415554403328,48.5,49.0,4.0241555440332775,over,over,0.9090909090909091,win,13.0,48.650000000000006,0,9.999999999999973,0.032679738562091415
401635617,2024,13,Louisville,Pittsburgh,51.40630222259108,57.5,46.0,-6.09369777740892,under,under,0.9090909090909091,win,9.0,42.25,0,10.909090909090882,0.035534498075214596
401628432,2024,13,Mississippi State,Missouri,52.08067980735346,57.5,59.0,-5.419320192646538,under,over,-1.0,loss,4.4,45.5,0,9.909090909090882,0.0321723730814639
401643840,2024,13,Louisiana,Troy,56.326220219813685,51.5,81.0,4.826220219813685,over,over,0.9090909090909091,win,6.2,53.2,0,10.81818181818179,0.03501029714621939
401640959,2024,13,Notre Dame,Army,49.80283800217968,44.5,63.0,5.3028380021796835,over,over,0.9090909090909091,win,9.7,42.25,0,11.727272727272698,0.03782991202346032
401628428,2024,13,Auburn,Texas A&M,51.317817045868466,47.0,84.0,4.317817045868466,over,over,0.9090909090909091,win,5.1,51.3,0,12.636363636363606,0.04063139432914343
401643838,2024,13,Old Dominion,Marshall,58.298303384625186,51.5,77.0,6.798303384625186,over,over,0.9090909090909091,win,8.3,51.1,0,13.545454545454515,0.04341491841491832
401628561,2024,13,UCLA,USC,57.40529662860745,52.5,32.0,4.905296628607452,over,under,-1.0,loss,5.0,56.55,0,12.454545454545423,0.039538239538239435
401644691,2024,14,Bowling Green,Miami (OH),45.38235780191124,39.0,40.0,6.38235780191124,over,over,0.9090909090909091,win,17.6,26.85,0,12.363636363636331,0.03900200745626603
401628568,2024,14,Wisconsin,Minnesota,46.39549758783132,41.0,31.0,5.395497587831322,over,under,-1.0,loss,14.8,21.55,0,11.363636363636331,0.03562268452550574
401636938,2024,14,Colorado,Oklahoma State,60.577383762082086,66.0,52.0,-5.422616237917914,under,under,0.9090909090909091,win,5.6,20.15,0,12.27272727272724,0.038352272727272624
401628562,2024,14,Iowa,Nebraska,34.72344361278903,41.0,23.0,-6.276556387210967,under,under,0.9090909090909091,win,9.8,18.85,0,14.090909090909056,0.043760587238848
401636939,2024,14,UCF,Utah,51.53184878864957,46.5,42.0,5.031848788649569,over,under,-1.0,loss,9.7,57.2,0,13.999999999999964,0.04320987654320977
401628566,2024,14,Ohio State,Michigan,46.219741397276906,42.0,23.0,4.219741397276906,over,under,-1.0,loss,11.5,25.4,0,12.909090909090873,0.0394773422296357
401628565,2024,14,Penn State,Maryland,43.74819652107585,50.0,51.0,-6.251803478924153,under,over,-1.0,loss,14.8,24.9,0,12.72727272727269,0.038335158817086414
401641006,2024,14,Western Kentucky,Jacksonville State,56.55128123581558,62.5,36.0,-5.94871876418442,under,under,0.9090909090909091,win,7.0,31.45,0,13.545454545454506,0.040434192672998526
401628438,2024,14,Florida State,Florida,52.9248155012383,46.0,42.0,6.9248155012382995,over,under,-1.0,loss,5.6,47.4,0,13.454545454545414,0.03992446722417037
401628569,2024,14,Oregon,Washington,56.90763289089384,51.0,70.0,5.9076328908938365,over,over,0.9090909090909091,win,2.5,35.4,0,14.363636363636322,0.042495965572888525
401635640,2024,14,Virginia Tech,Virginia,49.4561591687317,44.5,54.0,4.956159168731702,over,over,0.9090909090909091,win,12.1,32.05,0,15.27272727272723,0.045052292839903335
401643846,2024,14,James Madison,Marshall,56.95466236460605,52.0,68.0,4.954662364606051,over,over,0.9090909090909091,win,12.8,33.2,0,16.18181818181814,0.047593582887700416
401643768,2024,14,San Diego State,Air Force,48.26361632343446,43.5,51.0,4.763616323434462,over,over,0.9090909090909091,win,5.2,61.05,0,17.99999999999996,0.05263157894736831
401643771,2024,14,Hawai'i,New Mexico,56.21096535888402,62.5,68.0,-6.2890346411159825,under,over,-1.0,loss,9.9,74.65,0,16.99999999999996,0.04956268221574333
401673465,2024,15,Arizona State,Iowa State,46.15047289574538,50.5,64.0,-4.349527104254619,under,over,-1.0,loss,6.0,64.5,0,16.90909090909087,0.04901185770750977
401673463,2024,15,SMU,Clemson,51.35743977550376,56.0,65.0,-4.642560224496243,under,over,-1.0,loss,9.7,53.25,0,15.909090909090871,0.04598003152916437
401756848,2025,1,UCF,Jacksonville State,59.34376196186151,52.5,27.0,6.84376196186151,over,under,-1.0,loss,7.1,81.2,0,10.909090909090871,0.031080031080030972
401762789,2025,1,Akron,Wyoming,52.69748771939998,48.0,10.0,4.69748771939998,over,under,-1.0,loss,11.4,61.8,0,9.909090909090871,0.028150826446280884
401761589,2025,1,Charlotte,App State,55.72047764968068,49.0,45.0,6.7204776496806815,over,under,-1.0,loss,4.4,71.25,0,5.909090909090871,0.01659856996935638
401761589,2025,1,Charlotte,App State,55.72047764968068,49.0,45.0,6.7204776496806815,over,under,-1.0,loss,4.4,71.25,0,4.909090909090871,0.013750954927425408
401760358,2025,1,San José State,Central Michigan,58.0305773968805,51.5,30.0,6.530577396880503,over,under,-1.0,loss,,,0,3.81818181818178,0.010606060606060501
401752797,2025,1,Maryland,Florida Atlantic,55.88217627444018,60.0,46.0,-4.117823725559823,under,under,0.9090909090909091,win,7.2,66.85,0,4.727272727272689,0.01309493830269443
401752677,2025,1,Ohio State,Texas,51.58614507805973,46.5,21.0,5.0861450780597295,over,under,-1.0,loss,7.2,61.35,0,3.7272727272726893,0.010296333500753286
401752676,2025,1,Tennessee,Syracuse,57.01272096104526,51.5,71.0,5.512720961045261,over,over,0.9090909090909091,win,7.1,73.35,0,4.6363636363635985,0.012772351615326718
401752678,2025,1,Texas A&M,UTSA,62.92990813392911,58.5,66.0,4.429908133929111,over,over,0.9090909090909091,win,7.2,85.94999999999999,0,5.363636363636326,0.014575098814229148
401752808,2025,1,Michigan,New Mexico,55.44395276854243,49.5,51.0,5.943952768542431,over,over,0.9090909090909091,win,6.9,59.7,0,6.272727272727235,0.016999260901699825
401761592,2025,1,Louisiana,Rice,52.75533629048533,48.0,26.0,4.755336290485332,over,under,-1.0,loss,5.6,80.35,0,5.272727272727235,0.01425061425061415
401761594,2025,1,Texas State,Eastern Michigan,60.93193888770072,56.0,79.0,4.931938887700717,over,over,0.9090909090909091,win,10.0,83.45,0,6.181818181818144,0.016662582700318448
401760361,2025,1,Fresno State,Georgia Southern,55.70946129032754,49.5,56.0,6.209461290327539,over,over,0.9090909090909091,win,9.9,88.69999999999999,0,7.0909090909090535,0.01906158357771251
401756849,2025,1,Arizona,Hawai'i,60.32495061384811,55.0,46.0,5.3249506138481095,over,under,-1.0,loss,8.3,90.5,0,6.999999999999963,0.018716577540106853
401779843,2025,1,Oregon,James Madison,53.79294381820641,47.5,85.0,6.29294381820641,over,over,0.9090909090909091,win,7.0,43.9,0,7.72727272727269,0.02038858239385934
401778310,2025,1,Southern Miss,Western Kentucky,54.15171150721032,59.0,43.0,-4.848288492789678,under,under,0.9090909090909091,win,5.9,65.45,0,9.545454545454508,0.025053686471009206
401778311,2025,1,Ohio,UNLV,58.93131409564933,64.5,27.0,-5.568685904350673,under,under,0.9090909090909091,win,8.2,41.599999999999994,0,10.454545454545416,0.027367920038077004
401778319,2025,1,BYU,Georgia Tech,59.06342283701095,55.0,46.0,4.063422837010947,over,under,-1.0,loss,8.1,35.25,0,9.363636363636324,0.024321133412042402
401778326,2025,1,Illinois,Tennessee,57.62347806382888,62.0,58.0,-4.376521936171123,under,under,0.9090909090909091,win,12.9,20.35,0,8.272727272727233,0.021321462043111424
401778327,2025,1,TCU,USC,63.0521795013589,56.5,57.0,6.5521795013589,over,over,0.9090909090909091,win,5.4,51.599999999999994,0,9.18181818181814,0.023603645711614756
401778329,2025,1,Duke,Arizona State,56.337716380933614,49.5,81.0,6.837716380933614,over,over,0.9090909090909091,win,9.5,38.25,0,10.090909090909049,0.025874125874125766
401831583,2025,1,SMU,Arizona,49.512995817630255,55.0,43.0,-5.487004182369745,under,under,0.9090909090909091,win,8.9,55.85,0,5.999999999999958,0.015151515151515046
401769074,2025,1,Indiana,Oregon,54.75394448376302,50.0,78.0,4.753944483763021,over,over,0.9090909090909091,win,14.3,39.25,0,7.818181818181777,0.019643672910004465
401752812,2025,2,Indiana,Kennesaw State,47.16637737759112,51.5,65.0,-4.333622622408882,under,over,-1.0,loss,12.7,63.85,0,7.727272727272686,0.019318181818181714
401752825,2025,2,Duke,Illinois,53.655320568375785,49.0,64.0,4.655320568375785,over,over,0.9090909090909091,win,12.3,78.85,0,8.636363636363594,0.021537066424846867
401754529,2025,2,Pittsburgh,Central Michigan,52.93755197799893,48.5,62.0,4.437551977998929,over,over,0.9090909090909091,win,8.7,62.2,0,8.545454545454502,0.021204601849763034
401754618,2025,2,Syracuse,UConn,63.98667537637054,57.5,47.0,6.486675376370542,over,under,-1.0,loss,0.0,68.0,1,6.545454545454502,0.016161616161616054
401752818,2025,2,Rutgers,Miami (OH),51.65180856975522,45.5,62.0,6.151808569755218,over,over,0.9090909090909091,win,15.4,76.75,0,8.36363636363632,0.020549475094929534
401752824,2025,2,Oregon,Oklahoma State,61.932493124751346,55.5,72.0,6.432493124751346,over,over,0.9090909090909091,win,9.9,68.25,0,10.181818181818137,0.024894420982440435
401756882,2025,2,Kansas State,Army,54.78280431369991,48.5,45.0,6.282804313699913,over,under,-1.0,loss,8.9,61.8,0,9.090909090909046,0.02206531332744914
401761601,2025,2,South Alabama,Tulane,57.67652820676041,51.5,64.0,6.176528206760409,over,over,0.9090909090909091,win,4.5,80.35,0,9.999999999999954,0.024213075060532576
401752695,2025,2,Virginia Tech,Vanderbilt,50.75540923698635,44.5,64.0,6.2554092369863525,over,over,0.9090909090909091,win,10.5,70.15,0,11.81818181818177,0.02847754654983559
401752690,2025,2,Oklahoma,Michigan,49.76428081796152,44.0,37.0,5.76428081796152,over,under,-1.0,loss,10.8,63.75,0,9.81818181818177,0.023544800523217675
401752687,2025,2,LSU,Louisiana Tech,54.33628661186199,49.5,30.0,4.836286611861993,over,under,-1.0,loss,9.1,84.0,0,8.81818181818177,0.02109612875163103
401752948,2025,2,Washington State,San Diego State,52.70506531249154,46.5,49.0,6.205065312491541,over,over,0.9090909090909091,win,10.1,72.45,0,8.727272727272679,0.020779220779220665
401752837,2025,3,UCLA,New Mexico,58.35215083719672,53.0,45.0,5.352150837196717,over,under,-1.0,loss,6.4,72.9,0,8.636363636363587,0.020465316673847364
401754623,2025,3,Georgia Tech,Clemson,55.91653719988368,51.0,45.0,4.9165371998836775,over,under,-1.0,loss,6.7,74.45,0,7.636363636363587,0.01805286911669879
401752703,2025,3,Temple,Oklahoma,56.83793106146546,51.0,45.0,5.837931061465461,over,under,-1.0,loss,9.4,70.8,0,7.545454545454495,0.017754010695187047
401752697,2025,3,Auburn,South Alabama,60.72446507977397,56.0,46.0,4.724465079773971,over,under,-1.0,loss,7.7,75.1,0,6.545454545454495,0.015364916773367359
401752705,2025,3,Tennessee,Georgia,56.71184966749156,50.5,85.0,6.211849667491563,over,over,0.9090909090909091,win,5.9,72.35,0,6.454545454545404,0.015080713678844403
401757258,2025,3,Nevada,Middle Tennessee,54.564229127222376,50.0,27.0,4.564229127222376,over,under,-1.0,loss,7.8,63.35,0,5.454545454545404,0.012714558169103506
401757256,2025,3,Bowling Green,Liberty,57.10442530142703,51.5,36.0,5.604425301427028,over,under,-1.0,loss,7.0,66.4,0,4.454545454545404,0.010359408033826522
401757233,2025,3,Florida International,Florida Atlantic,50.98216794486107,56.5,66.0,-5.517832055138932,under,over,-1.0,loss,,,0,3.4545454545454044,0.008015186669478896
401752699,2025,3,LSU,Florida,53.73169150466872,47.0,30.0,6.731691504668717,over,under,-1.0,loss,8.0,85.85,0,3.3636363636363136,0.007768213310938368
401757257,2025,3,Louisiana Tech,New Mexico State,49.77951358157831,43.0,63.0,6.779513581578307,over,over,0.9090909090909091,win,3.7,83.1,0,4.272727272727223,0.009844993715961342
401762465,2025,3,Tulsa,Navy,57.0819557489054,52.0,65.0,5.081955748905401,over,over,0.9090909090909091,win,11.4,80.1,0,7.909090909090859,0.01805728518057274
401760368,2025,3,Utah State,Air Force,57.068742718819166,51.5,79.0,5.568742718819166,over,over,0.9090909090909091,win,7.7,61.9,0,8.818181818181769,0.020086974528887854
401756900,2025,4,Oklahoma State,Tulsa,61.42378082062967,55.0,31.0,6.423780820629673,over,under,-1.0,loss,10.6,76.1,0,11.454545454545402,0.02579852579852568
401752844,2025,4,Rutgers,Iowa,51.985308225673066,46.5,66.0,5.485308225673066,over,over,0.9090909090909091,win,8.9,67.44999999999999,0,12.36363636363631,0.027783452502553506
401752845,2025,4,Wisconsin,Maryland,49.65135744406483,44.5,37.0,5.151357444064828,over,under,-1.0,loss,8.9,67.9,0,11.36363636363631,0.02547900529963298
401754537,2025,4,Clemson,Syracuse,60.461421029597545,54.5,55.0,5.961421029597545,over,over,0.9090909090909091,win,7.9,75.15,0,13.181818181818127,0.029423701298701175
401754541,2025,4,Florida State,Kent State,62.5535560263935,56.0,76.0,6.553556026393501,over,over,0.9090909090909091,win,5.6,81.05,0,14.999999999999943,0.03333333333333321
401757262,2025,4,Liberty,James Madison,53.25394766568627,47.0,44.0,6.253947665686269,over,under,-1.0,loss,7.8,71.5,0,13.999999999999943,0.031042128603104086
401752846,2025,4,Nebraska,Michigan,52.61233369386595,47.5,57.0,5.112333693865949,over,over,0.9090909090909091,win,5.5,66.15,0,12.909090909090851,0.028434120945134034
401761610,2025,4,Eastern Michigan,Louisiana,55.28614693027079,51.0,65.0,4.286146930270789,over,over,0.9090909090909091,win,10.0,67.9,0,14.727272727272668,0.03229665071770322
401757264,2025,4,Middle Tennessee,Marshall,52.169006099931394,46.5,70.0,5.669006099931394,over,over,0.9090909090909091,win,7.0,77.9,0,16.545454545454486,0.03612544660579582
401760372,2025,4,Air Force,Boise State,58.31133311539726,52.0,86.0,6.311333115397261,over,over,0.9090909090909091,win,7.5,58.3,0,17.454545454545396,0.038027332144979074
401752709,2025,4,Miami,Florida,57.2245321216977,51.0,33.0,6.224532121697699,over,under,-1.0,loss,9.4,80.65,0,16.454545454545396,0.03577075098814217
401752843,2025,4,Indiana,Illinois,56.12437201811136,51.0,73.0,5.124372018111359,over,over,0.9090909090909091,win,7.9,76.1,0,17.363636363636306,0.037665154801814114
401757267,2025,4,UTEP,UL Monroe,52.15725292902446,47.0,56.0,5.157252929024459,over,over,0.9090909090909091,win,8.0,77.35,0,19.090909090909037,0.041055718475073194
401756897,2025,4,Colorado,Wyoming,51.95210992327405,46.0,57.0,5.952109923274051,over,over,0.9090909090909091,win,7.6,63.05,0,19.999999999999947,0.042918454935622206
401754540,2025,4,San Diego State,California,53.279375785184584,47.0,34.0,6.279375785184584,over,under,-1.0,loss,14.6,73.1,0,18.999999999999947,0.04068522483940031
401752939,2025,5,Oregon State,Houston,53.92483631442451,47.5,51.0,6.42483631442451,over,over,0.9090909090909091,win,6.9,64.35,0,17.909090909090857,0.0381044487427465
401754545,2025,5,Syracuse,Duke,64.44257572563868,59.5,41.0,4.942575725638676,over,under,-1.0,loss,0.0,68.0,1,17.818181818181767,0.037750385208012216
401754546,2025,5,Wake Forest,Georgia Tech,59.120887898226655,53.0,59.0,6.1208878982266555,over,over,0.9090909090909091,win,7.0,71.9,0,18.727272727272677,0.03959254276379001
401756905,2025,5,Kansas,Cincinnati,61.08928616039317,56.0,71.0,5.089286160393172,over,over,0.9090909090909091,win,6.3,72.4,0,19.636363636363587,0.04142692750287676
401752725,2025,5,Vanderbilt,Utah State,63.03804860048181,57.5,90.0,5.538048600481808,over,over,0.9090909090909091,win,6.4,71.05,0,20.545454545454497,0.04325358851674631
401762826,2025,5,Central Michigan,Eastern Michigan,58.55800335753668,54.5,37.0,4.058003357536677,over,under,-1.0,loss,12.0,69.4,0,19.545454545454497,0.041061879297173316
401752853,2025,5,Iowa,Indiana,51.58963935762445,47.5,35.0,4.089639357624449,over,under,-1.0,loss,11.1,71.94999999999999,0,18.545454545454497,0.038879359634076516
401752851,2025,5,Northwestern,UCLA,50.728165201621536,46.0,31.0,4.728165201621536,over,under,-1.0,loss,8.7,73.3,0,15.545454545454497,0.03238636363636353
401752852,2025,5,Washington,Ohio State,57.81623608915295,53.5,30.0,4.316236089152952,over,under,-1.0,loss,11.5,64.1,0,14.545454545454497,0.03024003024003014
401760378,2025,5,Air Force,Hawai'i,58.91798741703449,52.0,79.0,6.917987417034489,over,over,0.9090909090909091,win,13.2,62.0,0,15.454545454545405,0.032063372312334866
401762474,2025,5,Tulsa,Tulane,57.74330358891861,52.0,45.0,5.743303588918607,over,under,-1.0,loss,5.4,72.65,0,14.454545454545405,0.029926595143986347
401757271,2025,5,Old Dominion,Liberty,58.92222486456248,53.5,28.0,5.42222486456248,over,under,-1.0,loss,7.1,74.35,0,13.454545454545405,0.027798647633358275
401756904,2025,5,Iowa State,Arizona,54.97112343383763,48.5,53.0,6.471123433837633,over,over,0.9090909090909091,win,8.8,69.9,0,14.363636363636314,0.0296157450796625
401762472,2025,5,Florida Atlantic,Memphis,56.12829400493897,63.0,81.0,-6.871705995061028,under,over,-1.0,loss,6.4,80.35,0,13.363636363636314,0.027497194163860726
401754549,2025,5,Stanford,San José State,55.72770560468913,50.0,59.0,5.7277056046891275,over,over,0.9090909090909091,win,8.3,67.8,0,14.272727272727222,0.029307448198618524
401752718,2025,5,Georgia,Alabama,58.9288783530126,54.0,45.0,4.9288783530126,over,under,-1.0,loss,6.0,73.15,0,12.272727272727222,0.025097601784718246
401761615,2025,5,Louisiana,Marshall,54.23329448877725,48.0,105.0,6.233294488777247,over,over,0.9090909090909091,win,9.6,78.05,0,13.18181818181813,0.02690166975881251
401756903,2025,5,Colorado,BYU,55.36639071084312,49.0,45.0,6.36639071084312,over,under,-1.0,loss,11.2,62.6,0,12.18181818181813,0.02481022032956849
401762475,2025,6,South Florida,Charlotte,60.56712199372845,55.5,80.0,5.067121993728449,over,over,0.9090909090909091,win,12.2,77.2,0,13.090909090909038,0.026607538802660646
401762475,2025,6,South Florida,Charlotte,60.56712199372845,55.5,80.0,5.067121993728449,over,over,0.9090909090909091,win,12.2,77.2,0,13.999999999999947,0.028397565922920785
401756909,2025,6,BYU,West Virginia,53.30587040452579,47.0,62.0,6.305870404525791,over,over,0.9090909090909091,win,7.1,52.95,0,14.909090909090855,0.030180345969819545
401752861,2025,6,Purdue,Illinois,58.78948292647436,54.5,70.0,4.2894829264743635,over,over,0.9090909090909091,win,8.1,73.95,0,17.636363636363583,0.03548564111944383
401762476,2025,6,UAB,Army,60.394194077423855,55.5,44.0,4.894194077423855,over,under,-1.0,loss,9.8,69.3,0,16.636363636363583,0.03340635268346101
401762830,2025,6,Ball State,Ohio,57.21323347798368,51.5,34.0,5.713233477983678,over,under,-1.0,loss,6.7,71.35,0,15.636363636363583,0.03133539806886489
401752856,2025,6,Michigan,Wisconsin,48.184325803005805,42.5,34.0,5.684325803005805,over,under,-1.0,loss,9.4,72.30000000000001,0,14.636363636363583,0.029272727272727166
401762832,2025,6,Massachusetts,Western Michigan,51.05746701156856,46.5,24.0,4.557467011568562,over,under,-1.0,loss,,,0,13.636363636363583,0.027218290691344477
401754554,2025,6,Louisville,Virginia,54.18506553500143,60.0,57.0,-5.814934464998572,under,under,0.9090909090909091,win,4.5,71.3,0,14.545454545454492,0.028975009054690224
401752727,2025,6,Florida,Texas,48.88520383457554,42.5,50.0,6.385203834575542,over,over,0.9090909090909091,win,14.8,76.2,0,16.36363636363631,0.03246753246753236
401752855,2025,6,UCLA,Penn State,53.29255150076878,48.0,79.0,5.292551500768781,over,over,0.9090909090909091,win,6.8,66.69999999999999,0,17.27272727272722,0.0342034203420341
401762831,2025,6,Buffalo,Eastern Michigan,59.41792413904542,53.5,61.0,5.917924139045418,over,over,0.9090909090909091,win,5.5,67.1,0,18.18181818181813,0.03593244699964057
401752860,2025,6,Nebraska,Michigan State,54.46183327580973,48.5,65.0,5.961833275809731,over,over,0.9090909090909091,win,17.6,76.9,0,19.09090909090904,0.03765465303926832
401761621,2025,6,Troy,South Alabama,53.258412919125114,47.0,55.0,6.258412919125114,over,over,0.9090909090909091,win,10.9,72.2,0,19.99999999999995,0.03937007874015738
401756914,2025,6,TCU,Colorado,63.81151044968598,57.0,56.0,6.811510449685983,over,under,-1.0,loss,9.2,77.85,0,17.90909090909086,0.03497869318181809
401760383,2025,6,Fresno State,Nevada,51.12030688265889,45.5,37.0,5.620306882658888,over,under,-1.0,loss,4.4,69.85,0,16.90909090909086,0.0329611908559276
401757280,2025,7,Kennesaw State,Louisiana Tech,42.03175368125859,46.5,42.0,-4.468246318741407,under,under,0.9090909090909091,win,13.1,67.65,0,17.81818181818177,0.034665723381676596
401757279,2025,7,Sam Houston,Jacksonville State,48.28093040959983,54.0,56.0,-5.719069590400167,under,over,-1.0,loss,7.4,75.8,0,16.81818181818177,0.0326566637246248
401762481,2025,7,North Texas,South Florida,63.79831303736212,68.5,99.0,-4.701686962637879,under,over,-1.0,loss,6.4,75.19999999999999,0,15.81818181818177,0.030655391120507306
401756920,2025,7,Oklahoma State,Houston,52.38568099730813,48.0,56.0,4.385680997308128,over,over,0.9090909090909091,win,9.9,76.5,0,16.63636363636359,0.03205465055176029
401762835,2025,7,Bowling Green,Toledo,50.536731721691325,46.0,51.0,4.536731721691325,over,over,0.9090909090909091,win,9.0,59.6,0,17.5454545454545,0.033741258741258655
401752734,2025,7,Missouri,Alabama,57.58543872863227,52.0,51.0,5.585438728632269,over,under,-1.0,loss,5.8,62.55,0,16.5454545454545,0.03175711045192802
401756917,2025,7,Cincinnati,UCF,61.9376987423458,55.5,31.0,6.437698742345802,over,under,-1.0,loss,7.0,59.849999999999994,0,15.5454545454545,0.029780564263322797
401756919,2025,7,Kansas State,TCU,60.42497451736733,54.5,69.0,5.924974517367332,over,over,0.9090909090909091,win,15.1,69.85,0,14.454545454545409,0.027532467532467447
401752866,2025,7,Penn State,Northwestern,51.614455226497775,46.5,43.0,5.114455226497775,over,under,-1.0,loss,8.3,53.35,0,13.454545454545409,0.02557898375388861
401754563,2025,7,Oregon State,Wake Forest,54.36788779454835,48.0,53.0,6.367887794548352,over,over,0.9090909090909091,win,9.2,53.45,0,13.363636363636317,0.025309917355371813
401752867,2025,7,Maryland,Nebraska,51.35312944034139,47.0,65.0,4.353129440341391,over,over,0.9090909090909091,win,8.5,59.3,0,14.272727272727225,0.02698058085581706
401752870,2025,7,Oregon,Indiana,57.73066884428941,51.0,50.0,6.730668844289411,over,under,-1.0,loss,8.6,52.25,0,13.272727272727225,0.025042881646655142
401756921,2025,7,Texas Tech,Kansas,64.42707946775681,58.5,59.0,5.927079467756812,over,over,0.9090909090909091,win,14.4,72.3,0,16.818181818181767,0.03137720488466748
401756916,2025,7,Arizona,BYU,51.166791661647395,47.0,60.0,4.166791661647395,over,over,0.9090909090909091,win,8.2,72.0,0,14.727272727272675,0.027272727272727178
401760389,2025,7,Hawai'i,Utah State,60.65714146159424,56.5,70.0,4.157141461594243,over,over,0.9090909090909091,win,10.5,81.35,0,17.454545454545404,0.03214465092918122
401757282,2025,8,Liberty,New Mexico State,51.57805373714043,47.5,57.0,4.078053737140429,over,over,0.9090909090909091,win,10.8,64.65,0,18.363636363636314,0.033756684491978516
401762488,2025,8,Tulane,Army,51.382403831884616,44.5,41.0,6.882403831884616,over,under,-1.0,loss,11.0,79.25,0,16.363636363636314,0.029970029970029878
401756925,2025,8,Houston,Arizona,51.78513001472314,47.0,59.0,4.785130014723137,over,over,0.9090909090909091,win,9.8,83.9,0,17.272727272727224,0.031577197939172255
401752873,2025,8,Michigan,Washington,55.0188528360615,50.5,31.0,4.518852836061498,over,under,-1.0,loss,14.4,67.2,0,16.272727272727224,0.02969475779694749
401762840,2025,8,Massachusetts,Buffalo,53.372788838976994,47.5,49.0,5.872788838976994,over,over,0.9090909090909091,win,,,0,17.999999999999954,0.03260869565217383
401752874,2025,8,Northwestern,Purdue,52.43718033394393,47.0,19.0,5.437180333943928,over,under,-1.0,loss,12.3,66.9,0,16.999999999999954,0.030741410488245847
401761633,2025,8,UL Monroe,Troy,52.58902326074103,46.0,51.0,6.58902326074103,over,over,0.9090909090909091,win,,,0,17.909090909090864,0.03232687889727593
401761632,2025,8,Marshall,Texas State,60.60514677974772,66.0,77.0,-5.39485322025228,under,over,-1.0,loss,9.9,68.45,0,17.727272727272684,0.03176930596285427
401754565,2025,8,Clemson,SMU,54.4411694440802,50.0,59.0,4.441169444080202,over,over,0.9090909090909091,win,10.1,64.6,0,19.545454545454504,0.03490259740259733
401752878,2025,8,Indiana,Michigan State,55.09274613315284,49.5,51.0,5.592746133152843,over,over,0.9090909090909091,win,13.2,70.15,0,20.454545454545414,0.036460865337870615
401760393,2025,8,Boise State,UNLV,56.91827033099246,61.0,87.0,-4.081729669007537,under,over,-1.0,loss,9.4,48.95,0,19.454545454545414,0.03461662892267867
401752741,2025,8,Florida,Mississippi State,55.48115055530906,51.0,44.0,4.481150555309057,over,under,-1.0,loss,7.5,70.0,0,18.363636363636324,0.03250201126307314
401752743,2025,8,Kentucky,Texas,50.72501366126251,45.0,29.0,5.725013661262508,over,under,-1.0,loss,14.1,69.0,0,18.272727272727234,0.03222703222703216
401754568,2025,8,Syracuse,Pittsburgh,61.27674408465735,54.5,43.0,6.776744084657352,over,under,-1.0,loss,0.0,68.0,1,18.181818181818144,0.03195398625978584
401752740,2025,8,Auburn,Missouri,50.030471931200175,44.0,40.0,6.030471931200175,over,under,-1.0,loss,10.4,71.1,0,17.181818181818144,0.030143540669856392
401754567,2025,8,Stanford,Florida State,60.04187057060842,55.0,33.0,5.041870570608417,over,under,-1.0,loss,5.2,64.95,0,15.181818181818144,0.02654164017800375
401757285,2025,9,Florida International,Kennesaw State,52.60700959813827,48.5,71.0,4.107009598138269,over,over,0.9090909090909091,win,,,0,16.090909090909054,0.028081865778200793
401752885,2025,9,Indiana,UCLA,58.05121656222914,53.5,62.0,4.551216562229143,over,over,0.9090909090909091,win,7.6,49.8,0,15.999999999999963,0.027826086956521674
401754571,2025,9,Georgia Tech,Syracuse,59.15931114471738,52.5,57.0,6.659311144717378,over,over,0.9090909090909091,win,9.6,58.8,0,16.90909090909087,0.02935606060606054
401756932,2025,9,Kansas,Kansas State,60.69831557972368,56.0,59.0,4.698315579723683,over,over,0.9090909090909091,win,11.3,53.25,0,18.72727272727269,0.0324001258257313
401762848,2025,9,Eastern Michigan,Ohio,55.368510794818235,60.0,49.0,-4.631489205181765,under,under,0.9090909090909091,win,7.1,44.55,0,19.6363636363636,0.03391427225624111
401761635,2025,9,Old Dominion,App State,57.6339070461364,62.5,45.0,-4.8660929538636,under,under,0.9090909090909091,win,7.3,52.75,0,20.54545454545451,0.03542319749216295
401760400,2025,9,New Mexico,Utah State,66.42267061286636,61.0,47.0,5.422670612866355,over,under,-1.0,loss,5.5,56.650000000000006,0,19.54545454545451,0.03364105773744322
401757172,2025,9,Rice,UConn,54.93490083912828,48.5,71.0,6.434900839128282,over,over,0.9090909090909091,win,10.2,72.7,0,20.45454545454542,0.03514526710402993
401752952,2025,9,Washington State,Toledo,50.38013725997296,44.5,35.0,5.880137259972962,over,under,-1.0,loss,17.6,48.0,0,19.45454545454542,0.03336971776079832
401760399,2025,9,Fresno State,San Diego State,52.8800531055888,46.0,23.0,6.8800531055888,over,under,-1.0,loss,8.9,62.849999999999994,0,18.45454545454542,0.03160024906600244
401762847,2025,9,Central Michigan,Massachusetts,52.84386464272809,46.5,51.0,6.343864642728093,over,over,0.9090909090909091,win,3.8,42.95,0,19.36363636363633,0.033100233100233044
401752752,2025,9,Vanderbilt,Missouri,56.73277043653159,52.5,27.0,4.232770436531588,over,under,-1.0,loss,7.8,58.7,0,19.27272727272724,0.03283258479169888
401752882,2025,9,Iowa,Minnesota,43.115105951578954,38.5,44.0,4.615105951578954,over,over,0.9090909090909091,win,10.9,50.7,0,20.18181818181815,0.0343228200371057
401761637,2025,9,Southern Miss,UL Monroe,53.9753588791939,49.0,70.0,4.975358879193898,over,over,0.9090909090909091,win,13.6,66.05,0,21.09090909090906,0.03580799506096615
401756930,2025,9,Cincinnati,Baylor,62.18602505648212,68.5,61.0,-6.313974943517877,under,under,0.9090909090909091,win,6.1,46.55,0,20.99999999999997,0.03553299492385782
401752749,2025,9,Mississippi State,Texas,54.8796254289293,48.5,83.0,6.379625428929302,over,over,0.9090909090909091,win,10.5,62.45,0,21.90909090909088,0.037008599508599464
401761639,2025,10,Texas State,James Madison,59.36430255465163,55.0,72.0,4.36430255465163,over,over,0.9090909090909091,win,15.2,59.599999999999994,0,23.545454545454522,0.039307937471543444
401757290,2025,10,Louisiana Tech,Sam Houston,42.5417149603437,48.0,69.0,-5.458285039656303,under,over,-1.0,loss,5.4,57.0,0,23.363636363636342,0.038745665611337216
401762849,2025,10,Bowling Green,Buffalo,50.48120664612052,44.0,31.0,6.481206646120519,over,under,-1.0,loss,9.6,45.7,0,22.363636363636342,0.037025888019265464
401756939,2025,10,Iowa State,Arizona State,54.51703127923053,48.5,43.0,6.01703127923053,over,under,-1.0,loss,11.2,42.35,0,21.181818181818162,0.034781310643379575
401760402,2025,10,Boise State,Fresno State,54.10970347520691,48.0,37.0,6.1097034752069135,over,under,-1.0,loss,12.4,53.65,0,20.181818181818162,0.03308494783904617
401754576,2025,10,California,Virginia,47.52214207615295,52.0,52.0,-4.477857923847047,under,push,0.0,push,6.1,60.55,0,20.181818181818162,0.03303079898824576
401752753,2025,10,Arkansas,Mississippi State,61.48571171843031,66.5,73.0,-5.014288281569691,under,over,-1.0,loss,11.4,49.099999999999994,0,19.181818181818162,0.03134284016636955
401756940,2025,10,Kansas,Oklahoma State,60.67226083882133,54.5,59.0,6.17226083882133,over,over,0.9090909090909091,win,12.8,43.8,0,20.090909090909072,0.032774729348954444
401752756,2025,10,Ole Miss,South Carolina,51.34212175451333,55.5,44.0,-4.157878245486671,under,under,0.9090909090909091,win,10.1,53.95,0,21.909090909090892,0.03562453806356242
401754579,2025,10,NC State,Georgia Tech,65.28513993269374,58.5,84.0,6.785139932693738,over,over,0.9090909090909091,win,7.5,51.8,0,21.818181818181802,0.03536172093708558
401752754,2025,10,Auburn,Kentucky,48.93646577863259,44.5,13.0,4.436465778632588,over,under,-1.0,loss,6.4,53.3,0,19.818181818181802,0.0320164488177412
401754578,2025,10,Florida State,Wake Forest,57.7286173970451,51.0,49.0,6.728617397045099,over,under,-1.0,loss,5.8,56.15,0,18.818181818181802,0.030351906158357745
401762854,2025,11,Toledo,Northern Illinois,46.06589315679,42.0,45.0,4.065893156789997,over,over,0.9090909090909091,win,8.1,43.7,0,18.727272727272712,0.030108155510084746
401762500,2025,11,South Florida,UTSA,63.70732460664966,68.0,78.0,-4.292675393350343,under,over,-1.0,loss,6.4,72.85,0,17.727272727272712,0.028454691376039665
401761644,2025,11,App State,Georgia Southern,56.90538255336368,61.5,48.0,-4.59461744663632,under,under,0.9090909090909091,win,,,0,18.636363636363622,0.029865967365967343
401762855,2025,11,Eastern Michigan,Bowling Green,54.97640999348393,49.0,48.0,5.9764099934839265,over,under,-1.0,loss,9.3,40.25,0,18.454545454545443,0.02938621887666472
401757296,2025,11,Middle Tennessee,Florida International,55.615847959349495,51.0,86.0,4.6158479593494945,over,over,0.9090909090909091,win,5.3,64.7,0,17.363636363636353,0.02751764875378186
401762505,2025,11,Florida Atlantic,Tulsa,57.445928455447714,61.5,61.0,-4.054071544552286,under,under,0.9090909090909091,win,6.8,80.55,0,18.272727272727263,0.028912543153049468
401752763,2025,11,Missouri,Texas A&M,53.62457130461057,48.0,55.0,5.624571304610569,over,over,0.9090909090909091,win,19.9,49.65,0,19.090909090909083,0.030064423765211155
401756944,2025,11,TCU,Iowa State,53.100604764465864,58.0,37.0,-4.899395235534136,under,under,0.9090909090909091,win,11.5,65.75,0,19.999999999999993,0.03144654088050313
401754588,2025,11,North Carolina,Stanford,47.37064113972566,42.0,35.0,5.370641139725663,over,under,-1.0,loss,9.2,62.9,0,18.909090909090903,0.02959169156352254
401760409,2025,11,Utah State,Nevada,57.853509323651465,52.0,65.0,5.8535093236514655,over,over,0.9090909090909091,win,1.9,38.75,0,18.818181818181813,0.029357537937881144
401752759,2025,11,Alabama,LSU,55.67663508835841,49.5,29.0,6.17663508835841,over,under,-1.0,loss,14.6,54.099999999999994,0,17.818181818181813,0.02775417728688756
401760407,2025,11,Colorado State,UNLV,56.47147411837783,61.0,52.0,-4.528525881622173,under,under,0.9090909090909091,win,7.5,37.3,0,18.727272727272723,0.029124840944436584
401752944,2025,11,Oregon State,Sam Houston,46.97656735773804,51.5,38.0,-4.523432642261959,under,under,0.9090909090909091,win,2.8,48.099999999999994,0,19.636363636363633,0.030491247882552225
401762857,2025,12,Western Michigan,Ohio,51.35860146774687,47.0,30.0,4.3586014677468725,over,under,-1.0,loss,17.9,41.15,0,18.636363636363633,0.028893587033121913
401754591,2025,12,Louisville,Clemson,56.17243325784652,51.0,39.0,5.172433257846521,over,under,-1.0,loss,13.1,65.45,0,17.636363636363633,0.027300872502110888
401754597,2025,12,Pittsburgh,Notre Dame,59.30793087858876,55.0,52.0,4.307930878588763,over,under,-1.0,loss,14.8,51.849999999999994,0,16.636363636363633,0.025713081354503297
401752901,2025,12,Indiana,Wisconsin,48.59588705932625,43.5,38.0,5.095887059326252,over,under,-1.0,loss,16.8,65.4,0,15.636363636363633,0.024130190796857458
401752905,2025,12,Northwestern,Michigan,48.965922035694376,42.0,46.0,6.965922035694376,over,over,0.9090909090909091,win,14.5,61.349999999999994,0,16.545454545454543,0.025493766633982347
401756951,2025,12,Cincinnati,Arizona,60.31091138635003,56.0,54.0,4.310911386350028,over,under,-1.0,loss,16.6,62.55,0,15.545454545454543,0.02391608391608391
401756948,2025,12,Arizona State,West Virginia,52.69880137385498,46.5,48.0,6.198801373854977,over,over,0.9090909090909091,win,6.0,70.3,0,14.454545454545451,0.022135597939579556
401756953,2025,12,Texas Tech,UCF,54.64224319914266,48.5,57.0,6.142243199142662,over,over,0.9090909090909091,win,11.7,71.75,0,15.36363636363636,0.023491798721156514
401752903,2025,12,Michigan State,Penn State,53.39319205931582,49.0,38.0,4.3931920593158225,over,under,-1.0,loss,18.9,55.05,0,14.27272727272727,0.021724090217240897
401761654,2025,12,Southern Miss,Texas State,60.00834283547351,66.0,55.0,-5.991657164526487,under,under,0.9090909090909091,win,9.3,65.5,0,15.181818181818178,0.023072672008842218
401761653,2025,12,UL Monroe,South Alabama,54.59665382625364,49.5,40.0,5.096653826253643,over,under,-1.0,loss,,,0,14.181818181818178,0.021520209684094353
401752771,2025,12,Tennessee,New Mexico State,55.9148769591955,60.0,51.0,-4.085123040804497,under,under,0.9090909090909091,win,15.8,58.25,0,15.999999999999995,0.024205748865355516
401757301,2025,12,Florida International,Liberty,57.2352837973968,51.5,61.0,5.7352837973967965,over,over,0.9090909090909091,win,,,0,17.818181818181813,0.026875085698615103
401756949,2025,12,Baylor,Utah,56.397852602968584,60.5,83.0,-4.102147397031416,under,over,-1.0,loss,9.8,75.44999999999999,0,16.818181818181813,0.025328587075575018
401752770,2025,12,Missouri,Mississippi State,56.92250502108202,50.0,76.0,6.922505021082017,over,over,0.9090909090909091,win,8.5,49.55,0,18.636363636363633,0.02798252798252798
401756950,2025,12,BYU,TCU,56.15775988624372,52.0,57.0,4.157759886243717,over,over,0.9090909090909091,win,7.4,49.85,0,18.545454545454543,0.02776265650517147
401762864,2025,13,Northern Illinois,Western Michigan,45.760167572612914,39.5,54.0,6.2601675726129145,over,over,0.9090909090909091,win,8.3,41.650000000000006,0,17.454545454545453,0.026012735401707083
401762865,2025,13,Buffalo,Miami (OH),44.50973351388025,38.5,57.0,6.009733513880249,over,over,0.9090909090909091,win,5.0,34.900000000000006,0,18.363636363636363,0.027326839826839828
401760418,2025,13,UNLV,Hawai'i,60.426752331782474,64.5,48.0,-4.073247668217526,under,under,0.9090909090909091,win,0.0,68.0,1,19.272727272727273,0.028637039038227747
401752912,2025,13,Ohio State,Rutgers,58.09100891321087,54.0,51.0,4.091008913210871,over,under,-1.0,loss,8.4,43.150000000000006,0,18.272727272727273,0.027110871324521175
401752954,2025,13,James Madison,Washington State,51.474777062819726,44.5,44.0,6.974777062819726,over,under,-1.0,loss,13.4,49.25,0,19.090909090909093,0.028199274875788913
401756954,2025,13,Arizona,Baylor,54.920457819596265,61.5,58.0,-6.579542180403735,under,under,0.9090909090909091,win,11.5,59.9,0,20.000000000000004,0.02949852507374632
401757175,2025,13,Florida Atlantic,UConn,57.87573747455493,64.0,93.0,-6.124262525445069,under,over,-1.0,loss,5.4,73.9,0,19.818181818181824,0.029058917621967485
401762511,2025,13,UAB,South Florida,64.17928244425366,69.0,66.0,-4.8207175557463415,under,under,0.9090909090909091,win,9.3,69.85,0,20.727272727272734,0.03034739784373753
401757308,2025,13,Middle Tennessee,Sam Houston,47.45795207837995,53.5,48.0,-6.042047921620053,under,under,0.9090909090909091,win,11.7,61.8,0,21.636363636363644,0.03163211057947901
401757307,2025,13,Louisiana Tech,Liberty,50.72382727992273,45.0,62.0,5.72382727992273,over,over,0.9090909090909091,win,8.3,64.55,0,22.545454545454554,0.03291307232913074
401761660,2025,13,Troy,Georgia State,55.61821001782428,51.0,50.0,4.618210017824282,over,under,-1.0,loss,10.6,73.1,0,19.545454545454554,0.028409090909090922
401752908,2025,13,Penn State,Nebraska,51.32991855857441,45.0,47.0,6.329918558574413,over,over,0.9090909090909091,win,17.2,38.400000000000006,0,19.363636363636374,0.02798213347346297
401754599,2025,13,Stanford,California,51.91355452501211,47.5,41.0,4.41355452501211,over,under,-1.0,loss,4.3,54.25,0,18.363636363636374,0.02649875377148106
401752777,2025,13,LSU,Western Kentucky,56.343962741871536,52.0,23.0,4.343962741871536,over,under,-1.0,loss,6.5,64.3,0,17.363636363636374,0.02501964893895731
401756956,2025,13,Colorado,Arizona State,52.35606101313432,47.5,59.0,4.8560610131343225,over,over,0.9090909090909091,win,4.6,43.55,0,18.272727272727284,0.026291693917593215
401752910,2025,13,UCLA,Washington,55.15648012729925,51.0,62.0,4.156480127299247,over,over,0.9090909090909091,win,5.0,56.25,0,19.181818181818194,0.02756008359456637
401760417,2025,13,Fresno State,Utah State,56.57910970635761,50.0,45.0,6.579109706357613,over,under,-1.0,loss,3.7,51.599999999999994,0,18.181818181818194,0.026085822355549775
401762868,2025,14,Massachusetts,Bowling Green,49.37335765940462,44.5,59.0,4.873357659404618,over,over,0.9090909090909091,win,,,0,19.090909090909104,0.027350872623078944
401752916,2025,14,Nebraska,Iowa,43.95853895860781,39.5,56.0,4.458538958607811,over,over,0.9090909090909091,win,11.1,25.35,0,20.000000000000014,0.0286123032904149
401752788,2025,14,Mississippi State,Ole Miss,56.007987502140246,63.0,57.0,-6.992012497859754,under,under,0.9090909090909091,win,5.6,40.05,0,20.909090909090924,0.02987012987012989
401756961,2025,14,Arizona State,Arizona,53.62266620454904,48.5,30.0,5.122666204549041,over,under,-1.0,loss,2.9,59.25,0,19.818181818181834,0.02819087029613348
401762875,2025,14,Miami (OH),Ball State,46.78972348180943,40.5,69.0,6.289723481809432,over,over,0.9090909090909091,win,14.4,27.2,0,20.727272727272744,0.029442148760330602
401752787,2025,14,Louisville,Kentucky,51.373167381203906,45.5,41.0,5.873167381203906,over,under,-1.0,loss,11.0,33.3,0,19.727272727272744,0.027981947130883325
401762519,2025,14,Florida Atlantic,East Carolina,60.3249917173191,66.0,45.0,-5.675008282680899,under,under,0.9090909090909091,win,14.3,72.4,0,20.636363636363654,0.029229976822044836
401761663,2025,14,Marshall,Georgia Southern,56.72329001857925,62.5,43.0,-5.776709981420751,under,under,0.9090909090909091,win,9.6,33.25,0,19.545454545454565,0.02756763687652266
401757312,2025,14,Jacksonville State,Western Kentucky,50.20214033814358,56.5,71.0,-6.297859661856421,under,over,-1.0,loss,11.5,41.65,0,18.545454545454565,0.02612035851472474
401752791,2025,14,Tennessee,Vanderbilt,60.651479845116114,66.5,69.0,-5.848520154883886,under,over,-1.0,loss,8.8,37.2,0,17.545454545454565,0.024677151259429767
401762441,2025,14,UTSA,Army,56.703340150780335,50.0,51.0,6.703340150780335,over,over,0.9090909090909091,win,11.4,67.65,0,18.454545454545475,0.025919305413687463
401754610,2025,14,Duke,Wake Forest,49.69531949167603,54.0,81.0,-4.304680508323969,under,over,-1.0,loss,7.0,33.75,0,17.454545454545475,0.02448042840749716
401752918,2025,14,Minnesota,Wisconsin,44.893348005693554,38.5,24.0,6.393348005693554,over,under,-1.0,loss,11.5,21.85,0,16.454545454545475,0.02304558186911131
401752783,2025,14,Arkansas,Missouri,48.18484156320538,54.5,48.0,-6.3151584367946185,under,under,0.9090909090909091,win,24.7,39.45,0,16.363636363636385,0.022854240731335733
401752922,2025,14,Illinois,Northwestern,48.80876142471205,44.0,33.0,4.808761424712053,over,under,-1.0,loss,17.5,28.25,0,14.272727272727293,0.01982323232323235
401762518,2025,14,Tulane,Charlotte,56.97357946282132,52.5,27.0,4.47357946282132,over,under,-1.0,loss,11.7,60.75,0,13.272727272727293,0.018408775690329116
401762518,2025,14,Tulane,Charlotte,56.97357946282132,52.5,27.0,4.47357946282132,over,under,-1.0,loss,11.7,60.75,0,12.272727272727293,0.016998237219843896
401777329,2025,15,Western Michigan,Miami (OH),48.46804149023582,44.0,36.0,4.468041490235819,over,under,-1.0,loss,12.8,26.75,0,13.09090909090911,0.018056426332288426
