season,conference,team,offense,defense
2026,Mountain West,Air Force,"{'overall': 0.19, 'passing': 0.07, 'rushing': 0.24, 'firstDown': 0.01, 'secondDown': -0.07, 'thirdDown': 0.66, 'cumulative': {'total': 58.2, 'passing': 3.45, 'rushing': 60.7}}","{'overall': 0, 'passing': 0.01, 'rushing': 0.04, 'firstDown': 0.03, 'secondDown': -0.21, 'thirdDown': 0.07, 'cumulative': {'total': 0.1, 'passing': 8.3, 'rushing': 4.4}}"
2026,Mid-American,Akron,"{'overall': 0.05, 'passing': 0.02, 'rushing': 0.17, 'firstDown': 0.04, 'secondDown': 0.06, 'thirdDown': 0.25, 'cumulative': {'total': 17.2, 'passing': 4.15, 'rushing': 25.8}}","{'overall': 0.28, 'passing': 0.48, 'rushing': 0.17, 'firstDown': 0.02, 'secondDown': 0.22, 'thirdDown': 0.74, 'cumulative': {'total': 87.1, 'passing': 673.1, 'rushing': 26.7}}"
2026,SEC,Alabama,"{'overall': 0.35, 'passing': 0.52, 'rushing': 0.24, 'firstDown': 0.24, 'secondDown': 0.15, 'thirdDown': 0.91, 'cumulative': {'total': 115.3, 'passing': 75.01, 'rushing': 43.3}}","{'overall': -0.11, 'passing': 0.02, 'rushing': -0.23, 'firstDown': -0.25, 'secondDown': -0.01, 'thirdDown': 0.09, 'cumulative': {'total': -36.1, 'passing': 26.2, 'rushing': -34.3}}"
2026,Sun Belt,App State,"{'overall': 0.24, 'passing': 0.48, 'rushing': 0.05, 'firstDown': 0.06, 'secondDown': 0.51, 'thirdDown': 0.39, 'cumulative': {'total': 68.4, 'passing': 68.93, 'rushing': 6.5}}","{'overall': 0.08, 'passing': 0.13, 'rushing': 0.05, 'firstDown': 0.05, 'secondDown': 0, 'thirdDown': 0.37, 'cumulative': {'total': 21.7, 'passing': 180.5, 'rushing': 6.5}}"
2026,Big 12,Arizona,"{'overall': 0.22, 'passing': 0.31, 'rushing': 0.14, 'firstDown': 0.01, 'secondDown': 0.29, 'thirdDown': 0.63, 'cumulative': {'total': 78.1, 'passing': 60.12, 'rushing': 21.9}}","{'overall': -0.01, 'passing': 0.04, 'rushing': 0.01, 'firstDown': -0.25, 'secondDown': 0.1, 'thirdDown': 0.51, 'cumulative': {'total': -4.1, 'passing': 65.6, 'rushing': 1}}"
2026,Big 12,Arizona State,"{'overall': 0.02, 'passing': 0.15, 'rushing': -0.01, 'firstDown': -0.03, 'secondDown': 0.24, 'thirdDown': 0.12, 'cumulative': {'total': 6.8, 'passing': 21.01, 'rushing': -1.9}}","{'overall': 0.14, 'passing': 0.24, 'rushing': 0.08, 'firstDown': 0.06, 'secondDown': 0.15, 'thirdDown': 0.61, 'cumulative': {'total': 37.9, 'passing': 314.4, 'rushing': 9.9}}"
2026,SEC,Arkansas,"{'overall': 0.01, 'passing': 0.13, 'rushing': -0.1, 'firstDown': -0.18, 'secondDown': 0.05, 'thirdDown': 0.52, 'cumulative': {'total': 5.2, 'passing': 25.82, 'rushing': -14.1}}","{'overall': 0.17, 'passing': 0.17, 'rushing': 0.2, 'firstDown': 0.05, 'secondDown': 0.2, 'thirdDown': 0.54, 'cumulative': {'total': 50.1, 'passing': 223, 'rushing': 32.3}}"
2026,Sun Belt,Arkansas State,"{'overall': 0.15, 'passing': 0.15, 'rushing': 0.21, 'firstDown': 0.13, 'secondDown': 0.12, 'thirdDown': 0.52, 'cumulative': {'total': 44.8, 'passing': 20.39, 'rushing': 30.9}}","{'overall': 0.19, 'passing': 0.46, 'rushing': 0.07, 'firstDown': 0.18, 'secondDown': -0.01, 'thirdDown': 0.57, 'cumulative': {'total': 60.4, 'passing': 565, 'rushing': 13}}"
2026,American Athletic,Army,"{'overall': 0.33, 'passing': 0.15, 'rushing': 0.4, 'firstDown': 0.08, 'secondDown': 0.48, 'thirdDown': 0.6, 'cumulative': {'total': 90.4, 'passing': 8.39, 'rushing': 83.1}}","{'overall': 0.23, 'passing': 0.27, 'rushing': 0.22, 'firstDown': 0.29, 'secondDown': 0.28, 'thirdDown': 0.26, 'cumulative': {'total': 50.5, 'passing': 271.9, 'rushing': 26.5}}"
2026,SEC,Auburn,"{'overall': 0.07, 'passing': 0.04, 'rushing': 0.18, 'firstDown': -0.11, 'secondDown': 0.09, 'thirdDown': 0.43, 'cumulative': {'total': 26.1, 'passing': 7.83, 'rushing': 30.4}}","{'overall': 0.01, 'passing': 0.07, 'rushing': 0.05, 'firstDown': -0.1, 'secondDown': -0.03, 'thirdDown': 0.18, 'cumulative': {'total': 3.1, 'passing': 114.8, 'rushing': 9.2}}"
2026,Mid-American,Ball State,"{'overall': 0.05, 'passing': 0.15, 'rushing': 0.05, 'firstDown': -0.18, 'secondDown': 0.2, 'thirdDown': 0.27, 'cumulative': {'total': 14.5, 'passing': 23.61, 'rushing': 6.9}}","{'overall': 0.29, 'passing': 0.37, 'rushing': 0.26, 'firstDown': 0.17, 'secondDown': 0.19, 'thirdDown': 0.73, 'cumulative': {'total': 104.3, 'passing': 602.9, 'rushing': 49.9}}"
2026,Big 12,Baylor,"{'overall': 0.16, 'passing': 0.25, 'rushing': 0.11, 'firstDown': -0.05, 'secondDown': 0.2, 'thirdDown': 0.53, 'cumulative': {'total': 64, 'passing': 51.63, 'rushing': 21.1}}","{'overall': -0.11, 'passing': 0, 'rushing': -0.23, 'firstDown': -0.12, 'secondDown': -0.06, 'thirdDown': 0.2, 'cumulative': {'total': -38.3, 'passing': -4.7, 'rushing': -35.8}}"
2026,Pac-12,Boise State,"{'overall': 0.3, 'passing': 0.42, 'rushing': 0.21, 'firstDown': 0.22, 'secondDown': 0.29, 'thirdDown': 0.66, 'cumulative': {'total': 105.8, 'passing': 56.73, 'rushing': 43.7}}","{'overall': 0, 'passing': 0.02, 'rushing': 0.1, 'firstDown': 0.11, 'secondDown': 0.31, 'thirdDown': 0.1, 'cumulative': {'total': 0, 'passing': 37.8, 'rushing': 10.9}}"
2026,ACC,Boston College,"{'overall': 0, 'passing': 0.07, 'rushing': 0.03, 'firstDown': -0.02, 'secondDown': 0.03, 'thirdDown': 0.35, 'cumulative': {'total': 0.2, 'passing': 10.43, 'rushing': 4.3}}","{'overall': 0.02, 'passing': 0.14, 'rushing': 0.01, 'firstDown': -0.08, 'secondDown': 0.21, 'thirdDown': 0.15, 'cumulative': {'total': 5.4, 'passing': 212.1, 'rushing': 1.6}}"
2026,Mid-American,Bowling Green,"{'overall': -0.06, 'passing': 0.13, 'rushing': -0.23, 'firstDown': -0.11, 'secondDown': -0.06, 'thirdDown': 0.22, 'cumulative': {'total': -18.1, 'passing': 16.92, 'rushing': -34.2}}","{'overall': 0.18, 'passing': 0.22, 'rushing': 0.23, 'firstDown': 0.21, 'secondDown': 0.24, 'thirdDown': 0.24, 'cumulative': {'total': 55.9, 'passing': 262.6, 'rushing': 40.2}}"
2026,Mid-American,Buffalo,"{'overall': 0.01, 'passing': 0.07, 'rushing': -0.01, 'firstDown': -0.11, 'secondDown': 0, 'thirdDown': 0.26, 'cumulative': {'total': 5.3, 'passing': 11.67, 'rushing': -3}}","{'overall': 0.12, 'passing': 0.25, 'rushing': 0.02, 'firstDown': 0.06, 'secondDown': 0.16, 'thirdDown': 0.5, 'cumulative': {'total': 39.1, 'passing': 419.5, 'rushing': 4.1}}"
2026,Big 12,BYU,"{'overall': 0.32, 'passing': 0.18, 'rushing': 0.41, 'firstDown': 0.19, 'secondDown': 0.38, 'thirdDown': 0.69, 'cumulative': {'total': 80.9, 'passing': 16.88, 'rushing': 61.8}}","{'overall': -0.07, 'passing': 0.03, 'rushing': -0.11, 'firstDown': -0.29, 'secondDown': 0.05, 'thirdDown': 0.44, 'cumulative': {'total': -16.6, 'passing': 37.3, 'rushing': -11.5}}"
2026,ACC,California,"{'overall': -0.01, 'passing': 0.09, 'rushing': -0.08, 'firstDown': 0.03, 'secondDown': 0.01, 'thirdDown': 0.36, 'cumulative': {'total': -2.6, 'passing': 19.66, 'rushing': -10.4}}","{'overall': 0.04, 'passing': -0.04, 'rushing': 0.21, 'firstDown': -0.14, 'secondDown': -0.05, 'thirdDown': 0.36, 'cumulative': {'total': 13.9, 'passing': -65.2, 'rushing': 34.4}}"
2026,Mid-American,Central Michigan,"{'overall': 0.1, 'passing': -0.08, 'rushing': 0.22, 'firstDown': -0.28, 'secondDown': 0.11, 'thirdDown': 0.37, 'cumulative': {'total': 27.8, 'passing': -7.7, 'rushing': 41.3}}","{'overall': 0.17, 'passing': 0.12, 'rushing': 0.18, 'firstDown': 0.02, 'secondDown': 0.12, 'thirdDown': 0.52, 'cumulative': {'total': 55.8, 'passing': 190.9, 'rushing': 30}}"
2026,American Athletic,Charlotte,"{'overall': -0.09, 'passing': 0.01, 'rushing': -0.1, 'firstDown': -0.01, 'secondDown': -0.16, 'thirdDown': 0.1, 'cumulative': {'total': -24.7, 'passing': 1.75, 'rushing': -12.2}}","{'overall': 0.21, 'passing': 0.43, 'rushing': 0.14, 'firstDown': -0.01, 'secondDown': 0.41, 'thirdDown': 0.3, 'cumulative': {'total': 77.2, 'passing': 669.2, 'rushing': 28.7}}"
2026,Big 12,Cincinnati,"{'overall': 0.29, 'passing': 0.29, 'rushing': 0.31, 'firstDown': 0.17, 'secondDown': 0.24, 'thirdDown': 0.74, 'cumulative': {'total': 93.4, 'passing': 39.52, 'rushing': 56.6}}","{'overall': 0.13, 'passing': 0.27, 'rushing': 0.11, 'firstDown': 0, 'secondDown': 0.18, 'thirdDown': 0.59, 'cumulative': {'total': 45.9, 'passing': 499.2, 'rushing': 17.1}}"
2026,ACC,Clemson,"{'overall': -0.04, 'passing': 0, 'rushing': 0.06, 'firstDown': -0.08, 'secondDown': 0.04, 'thirdDown': 0.11, 'cumulative': {'total': -12.8, 'passing': 0.64, 'rushing': 9.6}}","{'overall': 0.07, 'passing': 0.01, 'rushing': 0.21, 'firstDown': -0.03, 'secondDown': 0.27, 'thirdDown': 0.39, 'cumulative': {'total': 26, 'passing': 10.4, 'rushing': 35}}"
2026,Sun Belt,Coastal Carolina,"{'overall': 0.14, 'passing': 0.2, 'rushing': 0.09, 'firstDown': -0.02, 'secondDown': 0.26, 'thirdDown': 0.47, 'cumulative': {'total': 45.2, 'passing': 33.96, 'rushing': 14.6}}","{'overall': 0.12, 'passing': 0.43, 'rushing': 0.01, 'firstDown': 0.09, 'secondDown': 0.12, 'thirdDown': 0.18, 'cumulative': {'total': 39.6, 'passing': 513.8, 'rushing': 2.6}}"
2026,Big 12,Colorado,"{'overall': -0.01, 'passing': 0.09, 'rushing': -0.1, 'firstDown': -0.11, 'secondDown': 0.12, 'thirdDown': 0.33, 'cumulative': {'total': -4, 'passing': 16.46, 'rushing': -18.2}}","{'overall': -0.02, 'passing': 0.17, 'rushing': -0.14, 'firstDown': -0.12, 'secondDown': 0.1, 'thirdDown': 0.3, 'cumulative': {'total': -7.6, 'passing': 275.7, 'rushing': -24.1}}"
2026,Pac-12,Colorado State,"{'overall': 0.24, 'passing': 0.27, 'rushing': 0.27, 'firstDown': -0.01, 'secondDown': 0.22, 'thirdDown': 0.73, 'cumulative': {'total': 81.8, 'passing': 48.9, 'rushing': 39.5}}","{'overall': 0.23, 'passing': 0.43, 'rushing': 0.22, 'firstDown': 0.11, 'secondDown': 0.37, 'thirdDown': 0.34, 'cumulative': {'total': 74, 'passing': 542.5, 'rushing': 41.4}}"
2026,Conference USA,Delaware,"{'overall': 0, 'passing': 0.11, 'rushing': 0, 'firstDown': 0.03, 'secondDown': 0.07, 'thirdDown': 0.08, 'cumulative': {'total': -0.8, 'passing': 19.56, 'rushing': 0.4}}","{'overall': 0.09, 'passing': 0.2, 'rushing': 0.04, 'firstDown': -0.13, 'secondDown': 0.24, 'thirdDown': 0.52, 'cumulative': {'total': 32.7, 'passing': 370.2, 'rushing': 7.7}}"
2026,ACC,Duke,"{'overall': 0.29, 'passing': 0.43, 'rushing': 0.23, 'firstDown': 0.15, 'secondDown': 0.4, 'thirdDown': 0.64, 'cumulative': {'total': 82.6, 'passing': 44.84, 'rushing': 39.3}}","{'overall': -0.06, 'passing': 0.03, 'rushing': -0.2, 'firstDown': 0.01, 'secondDown': 0, 'thirdDown': 0.09, 'cumulative': {'total': -15.1, 'passing': 35.6, 'rushing': -20.3}}"
2026,American Athletic,East Carolina,"{'overall': 0.06, 'passing': 0.21, 'rushing': -0.07, 'firstDown': 0.02, 'secondDown': 0.07, 'thirdDown': 0.27, 'cumulative': {'total': 13.6, 'passing': 24.74, 'rushing': -7.9}}","{'overall': -0.02, 'passing': 0, 'rushing': 0.02, 'firstDown': -0.21, 'secondDown': 0.03, 'thirdDown': 0.34, 'cumulative': {'total': -5.1, 'passing': -1.9, 'rushing': 4}}"
2026,Mid-American,Eastern Michigan,"{'overall': 0.05, 'passing': 0.13, 'rushing': 0.09, 'firstDown': -0.04, 'secondDown': -0.09, 'thirdDown': 0.49, 'cumulative': {'total': 18.9, 'passing': 26.97, 'rushing': 15.2}}","{'overall': 0.1, 'passing': 0.21, 'rushing': 0.03, 'firstDown': 0.01, 'secondDown': 0, 'thirdDown': 0.63, 'cumulative': {'total': 40, 'passing': 416.5, 'rushing': 5.7}}"
2026,SEC,Florida,"{'overall': 0.34, 'passing': 0.52, 'rushing': 0.24, 'firstDown': 0.09, 'secondDown': 0.51, 'thirdDown': 0.63, 'cumulative': {'total': 118.9, 'passing': 76.83, 'rushing': 47.6}}","{'overall': 0.05, 'passing': 0.21, 'rushing': 0, 'firstDown': -0.01, 'secondDown': 0.05, 'thirdDown': 0.4, 'cumulative': {'total': 16.6, 'passing': 426.7, 'rushing': 0.4}}"
2026,American Athletic,Florida Atlantic,"{'overall': 0.18, 'passing': 0.26, 'rushing': 0.1, 'firstDown': 0.04, 'secondDown': 0.2, 'thirdDown': 0.53, 'cumulative': {'total': 68.1, 'passing': 51.17, 'rushing': 17.9}}","{'overall': 0.18, 'passing': 0.27, 'rushing': 0.15, 'firstDown': 0.06, 'secondDown': 0.06, 'thirdDown': 0.52, 'cumulative': {'total': 60.8, 'passing': 406.3, 'rushing': 25.3}}"
2026,Conference USA,Florida International,"{'overall': 0.01, 'passing': 0.12, 'rushing': -0.08, 'firstDown': -0.12, 'secondDown': 0.01, 'thirdDown': 0.5, 'cumulative': {'total': 2.7, 'passing': 18.81, 'rushing': -10.5}}","{'overall': 0, 'passing': 0.05, 'rushing': -0.06, 'firstDown': -0.03, 'secondDown': -0.14, 'thirdDown': 0.22, 'cumulative': {'total': -0.9, 'passing': 59.3, 'rushing': -6.9}}"
2026,ACC,Florida State,"{'overall': 0.26, 'passing': 0.34, 'rushing': 0.29, 'firstDown': -0.02, 'secondDown': 0.35, 'thirdDown': 0.75, 'cumulative': {'total': 83.2, 'passing': 43.26, 'rushing': 52}}","{'overall': 0.11, 'passing': 0.18, 'rushing': 0.06, 'firstDown': 0.08, 'secondDown': -0.14, 'thirdDown': 0.84, 'cumulative': {'total': 39.4, 'passing': 336.3, 'rushing': 9.1}}"
2026,Pac-12,Fresno State,"{'overall': 0.11, 'passing': 0.36, 'rushing': -0.02, 'firstDown': -0.01, 'secondDown': 0.3, 'thirdDown': 0.3, 'cumulative': {'total': 34.1, 'passing': 51.91, 'rushing': -3.7}}","{'overall': -0.07, 'passing': -0.01, 'rushing': -0.05, 'firstDown': -0.1, 'secondDown': 0.02, 'thirdDown': 0.17, 'cumulative': {'total': -23.6, 'passing': -23, 'rushing': -8.8}}"
2026,SEC,Georgia,"{'overall': 0.44, 'passing': 0.6, 'rushing': 0.3, 'firstDown': 0.39, 'secondDown': 0.35, 'thirdDown': 0.78, 'cumulative': {'total': 135.5, 'passing': 84.75, 'rushing': 47.3}}","{'overall': -0.1, 'passing': 0.1, 'rushing': -0.35, 'firstDown': -0.16, 'secondDown': -0.23, 'thirdDown': 0.31, 'cumulative': {'total': -30.3, 'passing': 174.4, 'rushing': -48.7}}"
2026,Sun Belt,Georgia Southern,"{'overall': 0.13, 'passing': 0.22, 'rushing': 0.04, 'firstDown': 0, 'secondDown': 0.17, 'thirdDown': 0.46, 'cumulative': {'total': 43.9, 'passing': 45.34, 'rushing': 5.6}}","{'overall': 0.08, 'passing': 0.23, 'rushing': 0.01, 'firstDown': -0.01, 'secondDown': 0.03, 'thirdDown': 0.23, 'cumulative': {'total': 25.8, 'passing': 345.7, 'rushing': 1.8}}"
2026,Sun Belt,Georgia State,"{'overall': 0.24, 'passing': 0.49, 'rushing': 0.12, 'firstDown': 0.05, 'secondDown': 0.26, 'thirdDown': 0.71, 'cumulative': {'total': 84.5, 'passing': 73.37, 'rushing': 22.9}}","{'overall': -0.05, 'passing': -0.1, 'rushing': 0.05, 'firstDown': -0.12, 'secondDown': 0.02, 'thirdDown': 0.22, 'cumulative': {'total': -14.5, 'passing': -156.6, 'rushing': 7.3}}"
2026,ACC,Georgia Tech,"{'overall': 0.14, 'passing': 0.19, 'rushing': 0.11, 'firstDown': 0.12, 'secondDown': 0.11, 'thirdDown': 0.4, 'cumulative': {'total': 36.7, 'passing': 25.04, 'rushing': 13.9}}","{'overall': 0.16, 'passing': 0.34, 'rushing': 0.08, 'firstDown': 0.03, 'secondDown': -0.01, 'thirdDown': 0.66, 'cumulative': {'total': 43.6, 'passing': 346.4, 'rushing': 14}}"
2026,Mountain West,Hawai'i,"{'overall': 0.04, 'passing': 0.13, 'rushing': -0.04, 'firstDown': -0.04, 'secondDown': 0.06, 'thirdDown': 0.26, 'cumulative': {'total': 13.2, 'passing': 29.35, 'rushing': -4.5}}","{'overall': 0.2, 'passing': 0.19, 'rushing': 0.19, 'firstDown': 0.23, 'secondDown': -0.04, 'thirdDown': 0.72, 'cumulative': {'total': 67, 'passing': 280.8, 'rushing': 33.1}}"
2026,Big 12,Houston,"{'overall': 0.35, 'passing': 0.5, 'rushing': 0.24, 'firstDown': 0.21, 'secondDown': 0.31, 'thirdDown': 0.92, 'cumulative': {'total': 123.5, 'passing': 72.66, 'rushing': 49.5}}","{'overall': 0.09, 'passing': 0.23, 'rushing': -0.06, 'firstDown': 0.01, 'secondDown': 0.18, 'thirdDown': 0.38, 'cumulative': {'total': 28.8, 'passing': 419.4, 'rushing': -6.8}}"
2026,Big Ten,Illinois,"{'overall': 0.24, 'passing': 0.29, 'rushing': 0.23, 'firstDown': 0.1, 'secondDown': 0.46, 'thirdDown': 0.5, 'cumulative': {'total': 75.5, 'passing': 47.36, 'rushing': 32.4}}","{'overall': 0.21, 'passing': 0.32, 'rushing': 0.1, 'firstDown': 0.14, 'secondDown': 0.24, 'thirdDown': 0.52, 'cumulative': {'total': 71.5, 'passing': 513.4, 'rushing': 17.7}}"
2026,Big Ten,Indiana,"{'overall': 0.44, 'passing': 0.67, 'rushing': 0.29, 'firstDown': 0.45, 'secondDown': 0.24, 'thirdDown': 0.9, 'cumulative': {'total': 140.5, 'passing': 79.67, 'rushing': 55.2}}","{'overall': -0.09, 'passing': 0.01, 'rushing': -0.16, 'firstDown': -0.14, 'secondDown': 0.09, 'thirdDown': 0.08, 'cumulative': {'total': -27, 'passing': 20.9, 'rushing': -22.5}}"
2026,Big Ten,Iowa,"{'overall': 0.13, 'passing': 0.19, 'rushing': 0.17, 'firstDown': 0.18, 'secondDown': 0, 'thirdDown': 0.46, 'cumulative': {'total': 40.6, 'passing': 30.45, 'rushing': 24.6}}","{'overall': -0.06, 'passing': 0.19, 'rushing': -0.19, 'firstDown': -0.16, 'secondDown': 0.1, 'thirdDown': 0.15, 'cumulative': {'total': -20.1, 'passing': 274.9, 'rushing': -31.1}}"
2026,Big 12,Iowa State,"{'overall': 0.17, 'passing': 0.27, 'rushing': 0.14, 'firstDown': -0.01, 'secondDown': 0.37, 'thirdDown': 0.42, 'cumulative': {'total': 54.5, 'passing': 33.37, 'rushing': 26.5}}","{'overall': 0.05, 'passing': 0.12, 'rushing': 0.02, 'firstDown': 0, 'secondDown': 0, 'thirdDown': 0.22, 'cumulative': {'total': 14.2, 'passing': 158.8, 'rushing': 3.7}}"
2026,Conference USA,Jacksonville State,"{'overall': 0.2, 'passing': 0.38, 'rushing': 0.11, 'firstDown': 0.08, 'secondDown': 0.04, 'thirdDown': 0.66, 'cumulative': {'total': 62.8, 'passing': 51.31, 'rushing': 17.6}}","{'overall': 0.04, 'passing': 0.04, 'rushing': 0.09, 'firstDown': -0.07, 'secondDown': 0.03, 'thirdDown': 0.29, 'cumulative': {'total': 12.5, 'passing': 55.4, 'rushing': 16.4}}"
2026,Sun Belt,James Madison,"{'overall': 0.33, 'passing': 0.42, 'rushing': 0.26, 'firstDown': 0.1, 'secondDown': 0.48, 'thirdDown': 0.53, 'cumulative': {'total': 109.6, 'passing': 63.98, 'rushing': 46}}","{'overall': -0.1, 'passing': -0.03, 'rushing': -0.09, 'firstDown': -0.29, 'secondDown': 0.11, 'thirdDown': 0.45, 'cumulative': {'total': -35.2, 'passing': -57.5, 'rushing': -14.1}}"
2026,Big 12,Kansas,"{'overall': 0.3, 'passing': 0.27, 'rushing': 0.29, 'firstDown': 0.2, 'secondDown': 0.34, 'thirdDown': 0.75, 'cumulative': {'total': 90, 'passing': 31.08, 'rushing': 52.2}}","{'overall': -0.14, 'passing': 0.11, 'rushing': -0.21, 'firstDown': -0.12, 'secondDown': -0.1, 'thirdDown': 0.08, 'cumulative': {'total': -33.4, 'passing': 110.2, 'rushing': -26.9}}"
2026,Big 12,Kansas State,"{'overall': 0.31, 'passing': 0.31, 'rushing': 0.32, 'firstDown': 0.06, 'secondDown': 0.3, 'thirdDown': 0.92, 'cumulative': {'total': 90.8, 'passing': 42.13, 'rushing': 48}}","{'overall': -0.04, 'passing': -0.12, 'rushing': 0.07, 'firstDown': -0.14, 'secondDown': -0.07, 'thirdDown': 0.38, 'cumulative': {'total': -8.8, 'passing': -106.1, 'rushing': 9.1}}"
2026,Conference USA,Kennesaw State,"{'overall': 0.1, 'passing': 0.1, 'rushing': 0.16, 'firstDown': 0.19, 'secondDown': 0.01, 'thirdDown': 0.31, 'cumulative': {'total': 26.3, 'passing': 13.42, 'rushing': 20.8}}","{'overall': 0.15, 'passing': 0.26, 'rushing': 0.08, 'firstDown': 0.12, 'secondDown': 0.17, 'thirdDown': 0.27, 'cumulative': {'total': 37.9, 'passing': 280.2, 'rushing': 11.1}}"
2026,Mid-American,Kent State,"{'overall': -0.04, 'passing': 0.12, 'rushing': -0.07, 'firstDown': -0.23, 'secondDown': -0.11, 'thirdDown': 0.43, 'cumulative': {'total': -11.5, 'passing': 16.5, 'rushing': -10.9}}","{'overall': 0.15, 'passing': 0.28, 'rushing': 0.07, 'firstDown': 0.25, 'secondDown': 0.11, 'thirdDown': 0.06, 'cumulative': {'total': 44.7, 'passing': 373.9, 'rushing': 10.6}}"
2026,SEC,Kentucky,"{'overall': 0.22, 'passing': 0.27, 'rushing': 0.19, 'firstDown': 0.24, 'secondDown': 0.41, 'thirdDown': 0.01, 'cumulative': {'total': 74.2, 'passing': 40.38, 'rushing': 31.4}}","{'overall': 0.03, 'passing': 0.03, 'rushing': 0.11, 'firstDown': -0.04, 'secondDown': 0.1, 'thirdDown': 0.45, 'cumulative': {'total': 11.1, 'passing': 51.3, 'rushing': 16.7}}"
2026,Conference USA,Liberty,"{'overall': 0.13, 'passing': 0.25, 'rushing': 0.08, 'firstDown': 0.08, 'secondDown': 0.17, 'thirdDown': 0.46, 'cumulative': {'total': 42.3, 'passing': 31.32, 'rushing': 15.6}}","{'overall': 0, 'passing': 0.01, 'rushing': 0.09, 'firstDown': -0.19, 'secondDown': 0.16, 'thirdDown': 0.36, 'cumulative': {'total': -0.7, 'passing': 18.7, 'rushing': 13.1}}"
2026,Sun Belt,Louisiana,"{'overall': 0.16, 'passing': 0.29, 'rushing': 0.17, 'firstDown': 0.09, 'secondDown': 0.33, 'thirdDown': 0.15, 'cumulative': {'total': 55.2, 'passing': 35.95, 'rushing': 34.5}}","{'overall': -0.1, 'passing': 0.15, 'rushing': -0.24, 'firstDown': -0.31, 'secondDown': 0.21, 'thirdDown': 0.36, 'cumulative': {'total': -31.2, 'passing': 225.5, 'rushing': -31.9}}"
2026,Sun Belt,Louisiana Tech,"{'overall': 0.09, 'passing': 0.2, 'rushing': 0.03, 'firstDown': 0.19, 'secondDown': -0.01, 'thirdDown': 0.4, 'cumulative': {'total': 22.7, 'passing': 23.75, 'rushing': 4.1}}","{'overall': 0.05, 'passing': 0.08, 'rushing': 0.09, 'firstDown': -0.11, 'secondDown': 0.2, 'thirdDown': 0.28, 'cumulative': {'total': 14.1, 'passing': 90.5, 'rushing': 15.8}}"
2026,ACC,Louisville,"{'overall': 0.33, 'passing': 0.46, 'rushing': 0.18, 'firstDown': 0.27, 'secondDown': 0.35, 'thirdDown': 0.66, 'cumulative': {'total': 105.6, 'passing': 71.04, 'rushing': 30.2}}","{'overall': 0.14, 'passing': 0.45, 'rushing': -0.04, 'firstDown': -0.01, 'secondDown': 0.29, 'thirdDown': 0.28, 'cumulative': {'total': 53, 'passing': 760.5, 'rushing': -8.4}}"
2026,SEC,LSU,"{'overall': 0.28, 'passing': 0.38, 'rushing': 0.22, 'firstDown': 0.2, 'secondDown': 0.1, 'thirdDown': 0.6, 'cumulative': {'total': 118, 'passing': 69.03, 'rushing': 50.9}}","{'overall': -0.16, 'passing': -0.19, 'rushing': -0.13, 'firstDown': -0.13, 'secondDown': -0.17, 'thirdDown': -0.04, 'cumulative': {'total': -47.1, 'passing': -288.4, 'rushing': -16.5}}"
2026,Sun Belt,Marshall,"{'overall': 0.13, 'passing': 0.33, 'rushing': -0.04, 'firstDown': -0.09, 'secondDown': 0.23, 'thirdDown': 0.43, 'cumulative': {'total': 45, 'passing': 56.08, 'rushing': -6.4}}","{'overall': 0.36, 'passing': 0.55, 'rushing': 0.16, 'firstDown': 0.21, 'secondDown': 0.24, 'thirdDown': 0.94, 'cumulative': {'total': 120.1, 'passing': 944, 'rushing': 24.9}}"
2026,Big Ten,Maryland,"{'overall': 0.07, 'passing': 0.01, 'rushing': 0.17, 'firstDown': 0.1, 'secondDown': 0.08, 'thirdDown': 0.1, 'cumulative': {'total': 26.4, 'passing': 1.13, 'rushing': 25}}","{'overall': 0.07, 'passing': 0.13, 'rushing': 0.05, 'firstDown': -0.15, 'secondDown': 0.26, 'thirdDown': 0.31, 'cumulative': {'total': 22.7, 'passing': 195.2, 'rushing': 8.4}}"
2026,Mid-American,Massachusetts,"{'overall': 0.24, 'passing': 0.34, 'rushing': 0.2, 'firstDown': 0.07, 'secondDown': 0.29, 'thirdDown': 0.49, 'cumulative': {'total': 64.4, 'passing': 36.51, 'rushing': 31.6}}","{'overall': -0.04, 'passing': 0.13, 'rushing': -0.14, 'firstDown': -0.31, 'secondDown': 0.11, 'thirdDown': 0.27, 'cumulative': {'total': -13.9, 'passing': 232.5, 'rushing': -22.7}}"
2026,American Athletic,Memphis,"{'overall': 0.28, 'passing': 0.6, 'rushing': 0.2, 'firstDown': 0.28, 'secondDown': 0.29, 'thirdDown': 0.55, 'cumulative': {'total': 96.8, 'passing': 81.96, 'rushing': 40}}","{'overall': 0.15, 'passing': 0.09, 'rushing': 0.28, 'firstDown': 0.21, 'secondDown': 0.03, 'thirdDown': 0.37, 'cumulative': {'total': 47.8, 'passing': 139.8, 'rushing': 42.7}}"
2026,ACC,Miami,"{'overall': 0.42, 'passing': 0.74, 'rushing': 0.15, 'firstDown': 0.38, 'secondDown': 0.47, 'thirdDown': 0.62, 'cumulative': {'total': 144.6, 'passing': 118.43, 'rushing': 25.5}}","{'overall': -0.06, 'passing': 0.02, 'rushing': -0.15, 'firstDown': -0.11, 'secondDown': 0, 'thirdDown': 0.27, 'cumulative': {'total': -17, 'passing': 40.1, 'rushing': -14.5}}"
2026,Mid-American,Miami (OH),"{'overall': 0.19, 'passing': 0.5, 'rushing': 0.03, 'firstDown': 0.17, 'secondDown': 0.01, 'thirdDown': 0.59, 'cumulative': {'total': 57.1, 'passing': 71.85, 'rushing': 5}}","{'overall': 0.17, 'passing': 0.36, 'rushing': 0.04, 'firstDown': 0.08, 'secondDown': 0.23, 'thirdDown': 0.61, 'cumulative': {'total': 55.3, 'passing': 657.3, 'rushing': 5.6}}"
2026,Big Ten,Michigan,"{'overall': 0.09, 'passing': 0.21, 'rushing': 0.04, 'firstDown': -0.16, 'secondDown': 0.23, 'thirdDown': 0.44, 'cumulative': {'total': 27.3, 'passing': 26.33, 'rushing': 7.5}}","{'overall': -0.11, 'passing': -0.11, 'rushing': -0.14, 'firstDown': -0.18, 'secondDown': -0.14, 'thirdDown': 0.12, 'cumulative': {'total': -35.3, 'passing': -146.7, 'rushing': -22}}"
2026,Big Ten,Michigan State,"{'overall': -0.05, 'passing': -0.01, 'rushing': -0.04, 'firstDown': -0.08, 'secondDown': -0.01, 'thirdDown': 0.12, 'cumulative': {'total': -17.3, 'passing': -2.13, 'rushing': -6.5}}","{'overall': 0.18, 'passing': 0.25, 'rushing': 0.1, 'firstDown': -0.02, 'secondDown': 0.31, 'thirdDown': 0.5, 'cumulative': {'total': 52, 'passing': 303.6, 'rushing': 16.9}}"
2026,Conference USA,Middle Tennessee,"{'overall': 0.1, 'passing': 0.14, 'rushing': 0.07, 'firstDown': 0.01, 'secondDown': 0.11, 'thirdDown': 0.3, 'cumulative': {'total': 28.6, 'passing': 22.19, 'rushing': 7.9}}","{'overall': 0.22, 'passing': 0.19, 'rushing': 0.24, 'firstDown': -0.01, 'secondDown': 0.32, 'thirdDown': 0.56, 'cumulative': {'total': 69.8, 'passing': 229.2, 'rushing': 47.2}}"
2026,Big Ten,Minnesota,"{'overall': 0.06, 'passing': 0.19, 'rushing': -0.02, 'firstDown': 0.13, 'secondDown': -0.24, 'thirdDown': 0.25, 'cumulative': {'total': 20.7, 'passing': 31.31, 'rushing': -3.2}}","{'overall': -0.01, 'passing': 0.03, 'rushing': 0.08, 'firstDown': -0.23, 'secondDown': 0.24, 'thirdDown': 0.25, 'cumulative': {'total': -3.6, 'passing': 34.8, 'rushing': 11}}"
2026,SEC,Mississippi State,"{'overall': 0.28, 'passing': 0.43, 'rushing': 0.2, 'firstDown': 0.09, 'secondDown': 0.34, 'thirdDown': 0.56, 'cumulative': {'total': 99.1, 'passing': 75.98, 'rushing': 35.2}}","{'overall': 0.09, 'passing': 0.16, 'rushing': 0.05, 'firstDown': 0.06, 'secondDown': -0.09, 'thirdDown': 0.41, 'cumulative': {'total': 33.4, 'passing': 316.1, 'rushing': 7.2}}"
2026,SEC,Missouri,"{'overall': 0.24, 'passing': 0.52, 'rushing': 0.07, 'firstDown': 0.17, 'secondDown': 0.24, 'thirdDown': 0.56, 'cumulative': {'total': 82.7, 'passing': 79.52, 'rushing': 13.4}}","{'overall': 0, 'passing': 0.13, 'rushing': -0.07, 'firstDown': -0.19, 'secondDown': 0.11, 'thirdDown': 0.48, 'cumulative': {'total': 0.2, 'passing': 226.4, 'rushing': -11.6}}"
2026,Conference USA,Missouri State,"{'overall': 0.1, 'passing': 0.23, 'rushing': 0.02, 'firstDown': 0.08, 'secondDown': 0.13, 'thirdDown': 0.45, 'cumulative': {'total': 25, 'passing': 25.82, 'rushing': 3.1}}","{'overall': 0.23, 'passing': 0.38, 'rushing': 0.11, 'firstDown': 0.15, 'secondDown': 0.14, 'thirdDown': 0.47, 'cumulative': {'total': 67.3, 'passing': 473.9, 'rushing': 17.4}}"
2026,American Athletic,Navy,"{'overall': 0.17, 'passing': -0.07, 'rushing': 0.25, 'firstDown': -0.05, 'secondDown': 0.23, 'thirdDown': 0.43, 'cumulative': {'total': 43.1, 'passing': -4.83, 'rushing': 47.9}}","{'overall': 0.07, 'passing': 0.3, 'rushing': -0.03, 'firstDown': -0.3, 'secondDown': 0.3, 'thirdDown': 0.55, 'cumulative': {'total': 17.2, 'passing': 278.8, 'rushing': -4.8}}"
2026,ACC,NC State,"{'overall': 0.23, 'passing': 0.36, 'rushing': 0.14, 'firstDown': 0.03, 'secondDown': 0.2, 'thirdDown': 0.82, 'cumulative': {'total': 84.7, 'passing': 60.72, 'rushing': 25.7}}","{'overall': 0.14, 'passing': 0.29, 'rushing': 0.06, 'firstDown': 0.12, 'secondDown': 0.19, 'thirdDown': 0.2, 'cumulative': {'total': 41.9, 'passing': 419, 'rushing': 9.1}}"
2026,Big Ten,Nebraska,"{'overall': 0.37, 'passing': 0.38, 'rushing': 0.36, 'firstDown': 0.15, 'secondDown': 0.48, 'thirdDown': 0.88, 'cumulative': {'total': 131.9, 'passing': 59.76, 'rushing': 69.1}}","{'overall': -0.05, 'passing': -0.21, 'rushing': 0.06, 'firstDown': -0.2, 'secondDown': 0.18, 'thirdDown': -0.2, 'cumulative': {'total': -16.6, 'passing': -315.1, 'rushing': 8.2}}"
2026,Mountain West,Nevada,"{'overall': 0.09, 'passing': -0.01, 'rushing': 0.22, 'firstDown': 0.05, 'secondDown': -0.03, 'thirdDown': 0.6, 'cumulative': {'total': 23.9, 'passing': -1.62, 'rushing': 31}}","{'overall': 0.15, 'passing': 0.27, 'rushing': 0.12, 'firstDown': 0.06, 'secondDown': 0.01, 'thirdDown': 0.41, 'cumulative': {'total': 45.3, 'passing': 295.4, 'rushing': 23.1}}"
2026,Mountain West,New Mexico,"{'overall': 0.19, 'passing': 0.11, 'rushing': 0.26, 'firstDown': 0.01, 'secondDown': 0.18, 'thirdDown': 0.61, 'cumulative': {'total': 63.2, 'passing': 12.49, 'rushing': 54.3}}","{'overall': -0.18, 'passing': -0.06, 'rushing': -0.1, 'firstDown': -0.43, 'secondDown': -0.05, 'thirdDown': 0.19, 'cumulative': {'total': -51.6, 'passing': -76.3, 'rushing': -14}}"
2026,Conference USA,New Mexico State,"{'overall': 0.09, 'passing': 0.19, 'rushing': 0.09, 'firstDown': 0.02, 'secondDown': -0.12, 'thirdDown': 0.78, 'cumulative': {'total': 30.1, 'passing': 31.55, 'rushing': 13.2}}","{'overall': 0.08, 'passing': 0.08, 'rushing': 0.12, 'firstDown': -0.11, 'secondDown': 0.14, 'thirdDown': 0.43, 'cumulative': {'total': 26.1, 'passing': 140.5, 'rushing': 18.4}}"
2026,ACC,North Carolina,"{'overall': 0.13, 'passing': 0.2, 'rushing': 0.1, 'firstDown': -0.09, 'secondDown': 0.24, 'thirdDown': 0.63, 'cumulative': {'total': 30.2, 'passing': 23.17, 'rushing': 11.3}}","{'overall': 0.06, 'passing': 0.11, 'rushing': 0.11, 'firstDown': 0.01, 'secondDown': 0.11, 'thirdDown': 0.38, 'cumulative': {'total': 17.3, 'passing': 145.8, 'rushing': 16.2}}"
2026,Mountain West,North Dakota State,"{'overall': 0.17, 'passing': 0.35, 'rushing': 0.07, 'firstDown': 0.09, 'secondDown': 0.15, 'thirdDown': 0.35, 'cumulative': {'total': 55.4, 'passing': 45.33, 'rushing': 13.7}}","{'overall': -0.18, 'passing': -0.15, 'rushing': -0.19, 'firstDown': -0.21, 'secondDown': -0.18, 'thirdDown': -0.04, 'cumulative': {'total': -52.9, 'passing': -180.4, 'rushing': -30.8}}"
2026,Mountain West,Northern Illinois,"{'overall': -0.12, 'passing': 0.01, 'rushing': -0.11, 'firstDown': -0.12, 'secondDown': -0.12, 'thirdDown': 0.2, 'cumulative': {'total': -32, 'passing': 1.03, 'rushing': -11.8}}","{'overall': 0.16, 'passing': 0.26, 'rushing': 0.11, 'firstDown': -0.12, 'secondDown': 0.2, 'thirdDown': 0.84, 'cumulative': {'total': 42.5, 'passing': 338.5, 'rushing': 14.3}}"
2026,American Athletic,North Texas,"{'overall': 0.28, 'passing': 0.48, 'rushing': 0.12, 'firstDown': 0.25, 'secondDown': 0.23, 'thirdDown': 0.67, 'cumulative': {'total': 105.6, 'passing': 87.97, 'rushing': 21.2}}","{'overall': 0.13, 'passing': 0.36, 'rushing': 0.03, 'firstDown': 0.12, 'secondDown': 0.17, 'thirdDown': 0.16, 'cumulative': {'total': 44.2, 'passing': 509.4, 'rushing': 5.3}}"
2026,Big Ten,Northwestern,"{'overall': 0.29, 'passing': 0.41, 'rushing': 0.24, 'firstDown': 0.25, 'secondDown': 0.2, 'thirdDown': 0.57, 'cumulative': {'total': 74.5, 'passing': 39.72, 'rushing': 36.9}}","{'overall': 0.07, 'passing': 0.1, 'rushing': 0.08, 'firstDown': 0.08, 'secondDown': -0.08, 'thirdDown': 0.39, 'cumulative': {'total': 19, 'passing': 151.8, 'rushing': 9.6}}"
2026,FBS Independents,Notre Dame,"{'overall': 0.32, 'passing': 0.53, 'rushing': 0.16, 'firstDown': 0.26, 'secondDown': 0.38, 'thirdDown': 0.4, 'cumulative': {'total': 107, 'passing': 75.51, 'rushing': 29.9}}","{'overall': -0.07, 'passing': 0.06, 'rushing': -0.19, 'firstDown': -0.29, 'secondDown': -0.08, 'thirdDown': 0.28, 'cumulative': {'total': -18.1, 'passing': 76.3, 'rushing': -25.3}}"
2026,Mid-American,Ohio,"{'overall': 0.17, 'passing': 0.09, 'rushing': 0.2, 'firstDown': 0.06, 'secondDown': 0.16, 'thirdDown': 0.46, 'cumulative': {'total': 53.7, 'passing': 11.52, 'rushing': 37.1}}","{'overall': 0.2, 'passing': 0.39, 'rushing': 0.12, 'firstDown': -0.11, 'secondDown': 0.32, 'thirdDown': 0.52, 'cumulative': {'total': 66.4, 'passing': 532.1, 'rushing': 22.4}}"
2026,Big Ten,Ohio State,"{'overall': 0.35, 'passing': 0.67, 'rushing': 0.12, 'firstDown': 0.34, 'secondDown': 0.36, 'thirdDown': 0.46, 'cumulative': {'total': 121.7, 'passing': 109.37, 'rushing': 20.9}}","{'overall': -0.08, 'passing': -0.08, 'rushing': -0.07, 'firstDown': -0.29, 'secondDown': 0.06, 'thirdDown': 0.3, 'cumulative': {'total': -26.4, 'passing': -134.5, 'rushing': -10.5}}"
2026,SEC,Oklahoma,"{'overall': -0.05, 'passing': 0.29, 'rushing': -0.26, 'firstDown': -0.13, 'secondDown': 0.22, 'thirdDown': -0.08, 'cumulative': {'total': -11.5, 'passing': 33.96, 'rushing': -33.8}}","{'overall': -0.18, 'passing': -0.16, 'rushing': -0.1, 'firstDown': -0.25, 'secondDown': -0.01, 'thirdDown': -0.12, 'cumulative': {'total': -41.4, 'passing': -149.1, 'rushing': -13.5}}"
2026,Big 12,Oklahoma State,"{'overall': 0.16, 'passing': 0.33, 'rushing': 0.07, 'firstDown': 0.22, 'secondDown': 0.33, 'thirdDown': -0.05, 'cumulative': {'total': 51.7, 'passing': 48.89, 'rushing': 11.5}}","{'overall': -0.03, 'passing': -0.14, 'rushing': 0.04, 'firstDown': -0.05, 'secondDown': 0.17, 'thirdDown': 0.13, 'cumulative': {'total': -7.5, 'passing': -139.7, 'rushing': 5.7}}"
2026,Sun Belt,Old Dominion,"{'overall': -0.15, 'passing': -0.17, 'rushing': -0.14, 'firstDown': -0.43, 'secondDown': 0, 'thirdDown': 0.34, 'cumulative': {'total': -44.5, 'passing': -23.17, 'rushing': -21.4}}","{'overall': 0.02, 'passing': 0.24, 'rushing': -0.11, 'firstDown': -0.15, 'secondDown': -0.03, 'thirdDown': 0.52, 'cumulative': {'total': 7.7, 'passing': 383.1, 'rushing': -21.8}}"
2026,SEC,Ole Miss,"{'overall': 0.25, 'passing': 0.44, 'rushing': 0.15, 'firstDown': 0.1, 'secondDown': 0.43, 'thirdDown': 0.44, 'cumulative': {'total': 69.5, 'passing': 66.17, 'rushing': 17.5}}","{'overall': 0.22, 'passing': 0.3, 'rushing': 0.18, 'firstDown': 0.15, 'secondDown': 0.18, 'thirdDown': 0.51, 'cumulative': {'total': 62, 'passing': 335.1, 'rushing': 28.4}}"
2026,Big Ten,Oregon,"{'overall': 0.33, 'passing': 0.41, 'rushing': 0.23, 'firstDown': 0.22, 'secondDown': 0.43, 'thirdDown': 0.84, 'cumulative': {'total': 94.9, 'passing': 62.98, 'rushing': 29.5}}","{'overall': 0, 'passing': 0.04, 'rushing': 0.04, 'firstDown': -0.18, 'secondDown': 0.33, 'thirdDown': -0.22, 'cumulative': {'total': -0.9, 'passing': 50.2, 'rushing': 4.9}}"
2026,Pac-12,Oregon State,"{'overall': 0.3, 'passing': 0.45, 'rushing': 0.08, 'firstDown': 0.25, 'secondDown': 0.33, 'thirdDown': 0.56, 'cumulative': {'total': 102.4, 'passing': 94.05, 'rushing': 10.1}}","{'overall': 0.09, 'passing': 0.15, 'rushing': 0.05, 'firstDown': -0.1, 'secondDown': 0.14, 'thirdDown': 0.54, 'cumulative': {'total': 31.7, 'passing': 240.6, 'rushing': 9}}"
2026,Big Ten,Penn State,"{'overall': 0.18, 'passing': 0.36, 'rushing': 0.08, 'firstDown': 0.07, 'secondDown': 0.19, 'thirdDown': 0.51, 'cumulative': {'total': 61, 'passing': 55.53, 'rushing': 13.5}}","{'overall': -0.02, 'passing': -0.18, 'rushing': 0.15, 'firstDown': -0.1, 'secondDown': 0.04, 'thirdDown': 0.01, 'cumulative': {'total': -7.6, 'passing': -234.3, 'rushing': 26}}"
2026,ACC,Pittsburgh,"{'overall': 0.26, 'passing': 0.46, 'rushing': 0.06, 'firstDown': 0.13, 'secondDown': 0.22, 'thirdDown': 0.7, 'cumulative': {'total': 90.6, 'passing': 83.63, 'rushing': 10.4}}","{'overall': -0.05, 'passing': 0.15, 'rushing': -0.22, 'firstDown': -0.05, 'secondDown': -0.16, 'thirdDown': 0.23, 'cumulative': {'total': -17.1, 'passing': 255.7, 'rushing': -27.8}}"
2026,Big Ten,Purdue,"{'overall': 0.25, 'passing': 0.42, 'rushing': 0.07, 'firstDown': 0.15, 'secondDown': 0.26, 'thirdDown': 0.57, 'cumulative': {'total': 86.2, 'passing': 76.24, 'rushing': 10.9}}","{'overall': 0.3, 'passing': 0.36, 'rushing': 0.27, 'firstDown': 0.08, 'secondDown': 0.44, 'thirdDown': 0.67, 'cumulative': {'total': 96.3, 'passing': 538.1, 'rushing': 44.3}}"
2026,American Athletic,Rice,"{'overall': 0.03, 'passing': -0.04, 'rushing': 0.07, 'firstDown': 0.1, 'secondDown': -0.09, 'thirdDown': 0.04, 'cumulative': {'total': 9.6, 'passing': -3.22, 'rushing': 15.3}}","{'overall': 0.12, 'passing': 0.1, 'rushing': 0.13, 'firstDown': 0, 'secondDown': 0.18, 'thirdDown': 0.55, 'cumulative': {'total': 38.5, 'passing': 136.1, 'rushing': 24.2}}"
2026,Big Ten,Rutgers,"{'overall': 0.11, 'passing': 0.32, 'rushing': -0.03, 'firstDown': -0.17, 'secondDown': 0.33, 'thirdDown': 0.25, 'cumulative': {'total': 35.3, 'passing': 50.27, 'rushing': -4.5}}","{'overall': 0.23, 'passing': 0.38, 'rushing': 0.19, 'firstDown': 0.1, 'secondDown': 0.31, 'thirdDown': 0.47, 'cumulative': {'total': 72.5, 'passing': 511.6, 'rushing': 31}}"
2026,Mid-American,Sacramento State,"{'overall': -0.06, 'passing': 0, 'rushing': -0.09, 'firstDown': -0.12, 'secondDown': -0.01, 'thirdDown': 0.16, 'cumulative': {'total': -21.3, 'passing': 0.35, 'rushing': -13}}","{'overall': 0.13, 'passing': 0.34, 'rushing': -0.04, 'firstDown': 0.13, 'secondDown': 0.13, 'thirdDown': 0.36, 'cumulative': {'total': 37.9, 'passing': 453.7, 'rushing': -5.9}}"
2026,Conference USA,Sam Houston,"{'overall': 0.1, 'passing': 0.2, 'rushing': 0.04, 'firstDown': 0.04, 'secondDown': -0.06, 'thirdDown': 0.74, 'cumulative': {'total': 28.5, 'passing': 32.41, 'rushing': 4.5}}","{'overall': 0.07, 'passing': -0.06, 'rushing': 0.2, 'firstDown': -0.09, 'secondDown': 0.13, 'thirdDown': 0.15, 'cumulative': {'total': 17.2, 'passing': -65.1, 'rushing': 29.2}}"
2026,Pac-12,San Diego State,"{'overall': -0.09, 'passing': -0.1, 'rushing': -0.05, 'firstDown': -0.08, 'secondDown': -0.1, 'thirdDown': 0.23, 'cumulative': {'total': -29.8, 'passing': -13.37, 'rushing': -8.3}}","{'overall': 0.09, 'passing': 0.2, 'rushing': 0, 'firstDown': -0.02, 'secondDown': 0.27, 'thirdDown': 0.27, 'cumulative': {'total': 34.8, 'passing': 348, 'rushing': 0.5}}"
2026,Mountain West,San José State,"{'overall': 0.1, 'passing': 0.27, 'rushing': -0.03, 'firstDown': 0.01, 'secondDown': 0.08, 'thirdDown': 0.41, 'cumulative': {'total': 33.3, 'passing': 48.38, 'rushing': -4.9}}","{'overall': 0.06, 'passing': 0.14, 'rushing': 0.06, 'firstDown': -0.04, 'secondDown': 0.19, 'thirdDown': 0.26, 'cumulative': {'total': 19.8, 'passing': 267.9, 'rushing': 9.5}}"
2026,ACC,SMU,"{'overall': 0.22, 'passing': 0.51, 'rushing': -0.02, 'firstDown': 0.15, 'secondDown': 0.02, 'thirdDown': 0.82, 'cumulative': {'total': 75.5, 'passing': 89.45, 'rushing': -3.1}}","{'overall': 0.04, 'passing': 0.05, 'rushing': 0.06, 'firstDown': 0.07, 'secondDown': -0.03, 'thirdDown': 0.27, 'cumulative': {'total': 14.3, 'passing': 81.5, 'rushing': 8.8}}"
2026,Sun Belt,South Alabama,"{'overall': 0.21, 'passing': 0.34, 'rushing': 0.16, 'firstDown': 0.01, 'secondDown': 0.33, 'thirdDown': 0.62, 'cumulative': {'total': 79.4, 'passing': 49.7, 'rushing': 35.5}}","{'overall': 0.27, 'passing': 0.32, 'rushing': 0.25, 'firstDown': 0.13, 'secondDown': 0.56, 'thirdDown': 0.35, 'cumulative': {'total': 76.1, 'passing': 457.7, 'rushing': 33.6}}"
2026,SEC,South Carolina,"{'overall': 0.2, 'passing': 0.2, 'rushing': 0.24, 'firstDown': 0.09, 'secondDown': 0.09, 'thirdDown': 0.71, 'cumulative': {'total': 73.9, 'passing': 34.55, 'rushing': 45.5}}","{'overall': 0.16, 'passing': 0.41, 'rushing': -0.02, 'firstDown': -0.09, 'secondDown': 0.22, 'thirdDown': 0.52, 'cumulative': {'total': 50.3, 'passing': 669.7, 'rushing': -2.3}}"
2026,Sun Belt,Southern Miss,"{'overall': 0.06, 'passing': 0, 'rushing': 0.19, 'firstDown': -0.05, 'secondDown': 0.24, 'thirdDown': 0.18, 'cumulative': {'total': 18, 'passing': -0.03, 'rushing': 25.5}}","{'overall': 0.12, 'passing': 0.21, 'rushing': 0.19, 'firstDown': -0.19, 'secondDown': 0.18, 'thirdDown': 0.64, 'cumulative': {'total': 36.6, 'passing': 235.9, 'rushing': 32.6}}"
2026,American Athletic,South Florida,"{'overall': 0.18, 'passing': 0.2, 'rushing': 0.19, 'firstDown': 0.09, 'secondDown': 0.2, 'thirdDown': 0.46, 'cumulative': {'total': 55.2, 'passing': 26.56, 'rushing': 30.7}}","{'overall': -0.01, 'passing': 0.19, 'rushing': -0.16, 'firstDown': -0.02, 'secondDown': 0.05, 'thirdDown': 0.17, 'cumulative': {'total': -2, 'passing': 256.8, 'rushing': -26.9}}"
2026,ACC,Stanford,"{'overall': 0.07, 'passing': 0.15, 'rushing': -0.02, 'firstDown': 0.04, 'secondDown': 0.05, 'thirdDown': 0.4, 'cumulative': {'total': 24.7, 'passing': 28.82, 'rushing': -3.5}}","{'overall': 0.33, 'passing': 0.46, 'rushing': 0.26, 'firstDown': 0.08, 'secondDown': 0.45, 'thirdDown': 0.77, 'cumulative': {'total': 117.5, 'passing': 814.7, 'rushing': 43.2}}"
2026,ACC,Syracuse,"{'overall': 0.08, 'passing': 0.14, 'rushing': 0.14, 'firstDown': -0.1, 'secondDown': 0.2, 'thirdDown': 0.33, 'cumulative': {'total': 27.1, 'passing': 22.59, 'rushing': 21}}","{'overall': -0.05, 'passing': -0.12, 'rushing': 0.04, 'firstDown': -0.1, 'secondDown': 0.04, 'thirdDown': 0.08, 'cumulative': {'total': -13.9, 'passing': -164.9, 'rushing': 5.2}}"
2026,Big 12,TCU,"{'overall': 0.13, 'passing': 0.27, 'rushing': -0.01, 'firstDown': 0.07, 'secondDown': 0.11, 'thirdDown': 0.41, 'cumulative': {'total': 43.4, 'passing': 45.31, 'rushing': -2.2}}","{'overall': -0.1, 'passing': -0.01, 'rushing': -0.17, 'firstDown': -0.21, 'secondDown': 0.16, 'thirdDown': 0.02, 'cumulative': {'total': -30, 'passing': -11.4, 'rushing': -25.8}}"
2026,American Athletic,Temple,"{'overall': 0.21, 'passing': 0.21, 'rushing': 0.21, 'firstDown': 0.04, 'secondDown': 0.31, 'thirdDown': 0.41, 'cumulative': {'total': 61.5, 'passing': 21.05, 'rushing': 39.5}}","{'overall': 0.17, 'passing': 0.25, 'rushing': 0.11, 'firstDown': -0.05, 'secondDown': 0.3, 'thirdDown': 0.62, 'cumulative': {'total': 56.4, 'passing': 369.7, 'rushing': 19.6}}"
2026,SEC,Tennessee,"{'overall': 0.2, 'passing': 0.09, 'rushing': 0.3, 'firstDown': 0.19, 'secondDown': 0.25, 'thirdDown': 0.31, 'cumulative': {'total': 70.2, 'passing': 11.92, 'rushing': 63.8}}","{'overall': -0.09, 'passing': -0.19, 'rushing': 0.1, 'firstDown': -0.09, 'secondDown': -0.13, 'thirdDown': 0.35, 'cumulative': {'total': -29.9, 'passing': -313.1, 'rushing': 13.9}}"
2026,SEC,Texas,"{'overall': 0.11, 'passing': 0.28, 'rushing': 0.05, 'firstDown': -0.13, 'secondDown': 0.19, 'thirdDown': 0.65, 'cumulative': {'total': 32, 'passing': 36.9, 'rushing': 7.2}}","{'overall': -0.06, 'passing': -0.03, 'rushing': -0.07, 'firstDown': -0.03, 'secondDown': -0.26, 'thirdDown': 0.43, 'cumulative': {'total': -14.5, 'passing': -42.2, 'rushing': -9.3}}"
2026,SEC,Texas A&M,"{'overall': 0.07, 'passing': 0.05, 'rushing': 0.12, 'firstDown': 0.03, 'secondDown': 0.04, 'thirdDown': 0.47, 'cumulative': {'total': 26.5, 'passing': 7.84, 'rushing': 24.2}}","{'overall': -0.01, 'passing': 0.13, 'rushing': -0.1, 'firstDown': -0.14, 'secondDown': 0.12, 'thirdDown': 0.31, 'cumulative': {'total': -2.3, 'passing': 161.9, 'rushing': -14.3}}"
2026,Pac-12,Texas State,"{'overall': 0.24, 'passing': 0.48, 'rushing': 0.12, 'firstDown': 0.11, 'secondDown': 0.38, 'thirdDown': 0.6, 'cumulative': {'total': 95.1, 'passing': 71.05, 'rushing': 29}}","{'overall': 0.11, 'passing': 0.32, 'rushing': -0.04, 'firstDown': 0.06, 'secondDown': 0, 'thirdDown': 0.6, 'cumulative': {'total': 40.6, 'passing': 667.2, 'rushing': -5.7}}"
2026,Big 12,Texas Tech,"{'overall': 0.19, 'passing': 0.36, 'rushing': 0.17, 'firstDown': 0.02, 'secondDown': 0.23, 'thirdDown': 0.74, 'cumulative': {'total': 65.6, 'passing': 52.7, 'rushing': 30.4}}","{'overall': -0.06, 'passing': 0.02, 'rushing': -0.09, 'firstDown': -0.17, 'secondDown': 0.01, 'thirdDown': 0.28, 'cumulative': {'total': -20.7, 'passing': 38.1, 'rushing': -11.5}}"
2026,Mid-American,Toledo,"{'overall': 0.25, 'passing': 0.36, 'rushing': 0.16, 'firstDown': 0.22, 'secondDown': 0.28, 'thirdDown': 0.73, 'cumulative': {'total': 87.8, 'passing': 58.47, 'rushing': 28.9}}","{'overall': -0.01, 'passing': 0.23, 'rushing': -0.1, 'firstDown': -0.17, 'secondDown': 0.03, 'thirdDown': 0.29, 'cumulative': {'total': -3.9, 'passing': 373.8, 'rushing': -17}}"
2026,Sun Belt,Troy,"{'overall': 0.02, 'passing': 0.04, 'rushing': 0.05, 'firstDown': -0.05, 'secondDown': 0.17, 'thirdDown': 0.24, 'cumulative': {'total': 6.8, 'passing': 4.92, 'rushing': 6.9}}","{'overall': 0.04, 'passing': 0.07, 'rushing': -0.04, 'firstDown': 0.01, 'secondDown': -0.09, 'thirdDown': 0.45, 'cumulative': {'total': 8.7, 'passing': 92.8, 'rushing': -4}}"
2026,American Athletic,Tulane,"{'overall': 0.1, 'passing': 0.02, 'rushing': 0.16, 'firstDown': -0.12, 'secondDown': 0.19, 'thirdDown': 0.56, 'cumulative': {'total': 25.2, 'passing': 2.26, 'rushing': 20}}","{'overall': 0.17, 'passing': 0.3, 'rushing': 0.11, 'firstDown': 0.11, 'secondDown': 0.08, 'thirdDown': 0.68, 'cumulative': {'total': 48.5, 'passing': 366.4, 'rushing': 17.2}}"
2026,American Athletic,Tulsa,"{'overall': 0.13, 'passing': 0.05, 'rushing': 0.25, 'firstDown': -0.04, 'secondDown': 0.12, 'thirdDown': 0.13, 'cumulative': {'total': 44.3, 'passing': 7.45, 'rushing': 41.6}}","{'overall': -0.02, 'passing': 0.15, 'rushing': -0.12, 'firstDown': -0.1, 'secondDown': 0.15, 'thirdDown': 0.31, 'cumulative': {'total': -8.4, 'passing': 312.9, 'rushing': -20.3}}"
2026,American Athletic,UAB,"{'overall': 0.09, 'passing': 0.03, 'rushing': 0.17, 'firstDown': -0.08, 'secondDown': 0.18, 'thirdDown': 0.59, 'cumulative': {'total': 30.9, 'passing': 3.55, 'rushing': 33.1}}","{'overall': 0.02, 'passing': -0.04, 'rushing': 0.09, 'firstDown': 0.01, 'secondDown': 0.03, 'thirdDown': 0.28, 'cumulative': {'total': 5.5, 'passing': -38.9, 'rushing': 17.3}}"
2026,Big 12,UCF,"{'overall': 0.11, 'passing': 0.03, 'rushing': 0.17, 'firstDown': 0.18, 'secondDown': 0.12, 'thirdDown': 0.27, 'cumulative': {'total': 31.3, 'passing': 4.54, 'rushing': 25.6}}","{'overall': -0.04, 'passing': 0.07, 'rushing': -0.09, 'firstDown': -0.28, 'secondDown': 0.06, 'thirdDown': 0.3, 'cumulative': {'total': -13.1, 'passing': 115.2, 'rushing': -16.2}}"
2026,Big Ten,UCLA,"{'overall': 0.29, 'passing': 0.12, 'rushing': 0.41, 'firstDown': 0.21, 'secondDown': 0.32, 'thirdDown': 0.5, 'cumulative': {'total': 76.1, 'passing': 12.87, 'rushing': 64}}","{'overall': -0.13, 'passing': -0.12, 'rushing': -0.11, 'firstDown': -0.08, 'secondDown': -0.3, 'thirdDown': 0.15, 'cumulative': {'total': -35, 'passing': -164.6, 'rushing': -13.5}}"
2026,FBS Independents,UConn,"{'overall': 0.21, 'passing': 0.31, 'rushing': 0.18, 'firstDown': 0.06, 'secondDown': 0.34, 'thirdDown': 0.45, 'cumulative': {'total': 69.2, 'passing': 48.35, 'rushing': 31.2}}","{'overall': 0.06, 'passing': 0.14, 'rushing': 0.02, 'firstDown': -0.03, 'secondDown': -0.01, 'thirdDown': 0.51, 'cumulative': {'total': 23.5, 'passing': 284.7, 'rushing': 3.8}}"
2026,Sun Belt,UL Monroe,"{'overall': 0, 'passing': 0.08, 'rushing': 0.03, 'firstDown': -0.05, 'secondDown': 0.03, 'thirdDown': 0.18, 'cumulative': {'total': 1, 'passing': 13.15, 'rushing': 4.8}}","{'overall': 0.32, 'passing': 0.45, 'rushing': 0.27, 'firstDown': 0.19, 'secondDown': 0.31, 'thirdDown': 0.69, 'cumulative': {'total': 116.7, 'passing': 668.7, 'rushing': 55.2}}"
2026,Mountain West,UNLV,"{'overall': 0.07, 'passing': 0.15, 'rushing': 0.08, 'firstDown': 0.03, 'secondDown': 0.04, 'thirdDown': 0.53, 'cumulative': {'total': 24.9, 'passing': 22.16, 'rushing': 14.9}}","{'overall': 0.04, 'passing': 0.08, 'rushing': 0.08, 'firstDown': 0.16, 'secondDown': -0.14, 'thirdDown': 0.28, 'cumulative': {'total': 15.7, 'passing': 149.6, 'rushing': 11.9}}"
2026,Big Ten,USC,"{'overall': 0.29, 'passing': 0.53, 'rushing': 0.08, 'firstDown': 0.09, 'secondDown': 0.45, 'thirdDown': 0.57, 'cumulative': {'total': 123.7, 'passing': 110.04, 'rushing': 17}}","{'overall': 0.16, 'passing': 0.37, 'rushing': 0.05, 'firstDown': -0.04, 'secondDown': 0.35, 'thirdDown': 0.27, 'cumulative': {'total': 57.6, 'passing': 638.6, 'rushing': 9.1}}"
2026,Big 12,Utah,"{'overall': 0.33, 'passing': 0.4, 'rushing': 0.28, 'firstDown': 0.23, 'secondDown': 0.28, 'thirdDown': 0.94, 'cumulative': {'total': 89.9, 'passing': 48, 'rushing': 42.4}}","{'overall': -0.07, 'passing': -0.08, 'rushing': -0.09, 'firstDown': -0.31, 'secondDown': 0.16, 'thirdDown': 0.2, 'cumulative': {'total': -19.9, 'passing': -129, 'rushing': -10}}"
2026,Pac-12,Utah State,"{'overall': -0.07, 'passing': -0.09, 'rushing': -0.02, 'firstDown': -0.17, 'secondDown': -0.14, 'thirdDown': 0.52, 'cumulative': {'total': -22.8, 'passing': -14.99, 'rushing': -3}}","{'overall': 0.07, 'passing': 0.14, 'rushing': 0.02, 'firstDown': -0.05, 'secondDown': 0.07, 'thirdDown': 0.65, 'cumulative': {'total': 26.3, 'passing': 254.3, 'rushing': 3}}"
2026,Mountain West,UTEP,"{'overall': -0.21, 'passing': -0.18, 'rushing': -0.14, 'firstDown': -0.39, 'secondDown': 0.07, 'thirdDown': 0.06, 'cumulative': {'total': -57.5, 'passing': -20.59, 'rushing': -22.8}}","{'overall': 0.26, 'passing': 0.53, 'rushing': 0.16, 'firstDown': 0.06, 'secondDown': 0.25, 'thirdDown': 0.8, 'cumulative': {'total': 84.3, 'passing': 686.5, 'rushing': 28}}"
2026,American Athletic,UTSA,"{'overall': 0.22, 'passing': 0.22, 'rushing': 0.2, 'firstDown': 0.16, 'secondDown': 0.14, 'thirdDown': 0.36, 'cumulative': {'total': 70.5, 'passing': 34.03, 'rushing': 33}}","{'overall': 0.04, 'passing': 0.08, 'rushing': 0.1, 'firstDown': -0.07, 'secondDown': 0.1, 'thirdDown': 0.29, 'cumulative': {'total': 16.8, 'passing': 134, 'rushing': 21.2}}"
2026,SEC,Vanderbilt,"{'overall': 0.09, 'passing': 0.22, 'rushing': 0.14, 'firstDown': -0.01, 'secondDown': 0.03, 'thirdDown': 0.56, 'cumulative': {'total': 30.1, 'passing': 33.36, 'rushing': 21.5}}","{'overall': 0.07, 'passing': 0.16, 'rushing': 0.02, 'firstDown': -0.14, 'secondDown': 0.19, 'thirdDown': 0.48, 'cumulative': {'total': 22.7, 'passing': 249.7, 'rushing': 3.7}}"
2026,ACC,Virginia,"{'overall': 0.17, 'passing': 0.32, 'rushing': 0.09, 'firstDown': -0.05, 'secondDown': 0.25, 'thirdDown': 0.46, 'cumulative': {'total': 62.3, 'passing': 51.22, 'rushing': 16.7}}","{'overall': -0.04, 'passing': -0.08, 'rushing': 0.09, 'firstDown': -0.06, 'secondDown': -0.08, 'thirdDown': 0.25, 'cumulative': {'total': -13.3, 'passing': -107.7, 'rushing': 15.5}}"
2026,ACC,Virginia Tech,"{'overall': 0.22, 'passing': 0.42, 'rushing': 0.07, 'firstDown': 0.12, 'secondDown': 0.2, 'thirdDown': 0.43, 'cumulative': {'total': 84.9, 'passing': 82.44, 'rushing': 12.5}}","{'overall': -0.01, 'passing': 0.16, 'rushing': -0.12, 'firstDown': -0.07, 'secondDown': -0.06, 'thirdDown': 0.39, 'cumulative': {'total': -2.4, 'passing': 226.3, 'rushing': -17.8}}"
2026,ACC,Wake Forest,"{'overall': 0.33, 'passing': 0.41, 'rushing': 0.25, 'firstDown': 0.18, 'secondDown': 0.45, 'thirdDown': 0.61, 'cumulative': {'total': 110.1, 'passing': 67.61, 'rushing': 39.6}}","{'overall': 0.1, 'passing': 0.17, 'rushing': 0.02, 'firstDown': -0.07, 'secondDown': 0.25, 'thirdDown': 0.49, 'cumulative': {'total': 36.9, 'passing': 324.1, 'rushing': 3.4}}"
2026,Big Ten,Washington,"{'overall': 0.13, 'passing': 0.24, 'rushing': 0.03, 'firstDown': 0.16, 'secondDown': 0.17, 'thirdDown': 0.09, 'cumulative': {'total': 40.4, 'passing': 43.28, 'rushing': 3.6}}","{'overall': -0.08, 'passing': 0.08, 'rushing': -0.15, 'firstDown': 0.05, 'secondDown': -0.18, 'thirdDown': -0.01, 'cumulative': {'total': -25.1, 'passing': 115.7, 'rushing': -24.8}}"
2026,Pac-12,Washington State,"{'overall': -0.12, 'passing': -0.14, 'rushing': -0.03, 'firstDown': -0.18, 'secondDown': 0, 'thirdDown': -0.02, 'cumulative': {'total': -35.4, 'passing': -21.23, 'rushing': -5}}","{'overall': 0.03, 'passing': 0.14, 'rushing': 0.04, 'firstDown': 0, 'secondDown': 0.1, 'thirdDown': 0.51, 'cumulative': {'total': 11.6, 'passing': 231.9, 'rushing': 7.2}}"
2026,Conference USA,Western Kentucky,"{'overall': -0.04, 'passing': 0.04, 'rushing': -0.1, 'firstDown': -0.12, 'secondDown': -0.08, 'thirdDown': 0.32, 'cumulative': {'total': -14, 'passing': 6.73, 'rushing': -16.2}}","{'overall': 0.24, 'passing': 0.13, 'rushing': 0.32, 'firstDown': 0.15, 'secondDown': 0.29, 'thirdDown': 0.38, 'cumulative': {'total': 75.3, 'passing': 184.4, 'rushing': 54.6}}"
2026,Mid-American,Western Michigan,"{'overall': 0.1, 'passing': 0.05, 'rushing': 0.13, 'firstDown': 0.07, 'secondDown': 0.08, 'thirdDown': 0.51, 'cumulative': {'total': 29.9, 'passing': 6.36, 'rushing': 22.1}}","{'overall': 0.09, 'passing': 0.18, 'rushing': 0.02, 'firstDown': 0, 'secondDown': 0.01, 'thirdDown': 0.63, 'cumulative': {'total': 31.7, 'passing': 244.5, 'rushing': 4.6}}"
2026,Big 12,West Virginia,"{'overall': 0.22, 'passing': 0.32, 'rushing': 0.18, 'firstDown': 0.13, 'secondDown': 0.16, 'thirdDown': 0.56, 'cumulative': {'total': 78, 'passing': 30.1, 'rushing': 48.2}}","{'overall': 0.17, 'passing': 0.36, 'rushing': 0.04, 'firstDown': 0.12, 'secondDown': 0.18, 'thirdDown': 0.3, 'cumulative': {'total': 61, 'passing': 592, 'rushing': 8.2}}"
2026,Big Ten,Wisconsin,"{'overall': 0.17, 'passing': 0.21, 'rushing': 0.19, 'firstDown': 0.06, 'secondDown': 0.03, 'thirdDown': 0.56, 'cumulative': {'total': 51.9, 'passing': 30.17, 'rushing': 31}}","{'overall': -0.12, 'passing': -0.16, 'rushing': 0.03, 'firstDown': -0.1, 'secondDown': -0.09, 'thirdDown': 0.16, 'cumulative': {'total': -39.2, 'passing': -235.5, 'rushing': 5}}"
2026,Mountain West,Wyoming,"{'overall': 0.08, 'passing': 0.01, 'rushing': 0.11, 'firstDown': 0, 'secondDown': 0.14, 'thirdDown': 0.42, 'cumulative': {'total': 22.2, 'passing': 1.26, 'rushing': 17.8}}","{'overall': 0.14, 'passing': 0.21, 'rushing': 0.14, 'firstDown': 0.08, 'secondDown': 0.1, 'thirdDown': 0.45, 'cumulative': {'total': 46.9, 'passing': 296.3, 'rushing': 27}}"
