season,team,conference,fpi,resumeranks,efficiencies
2026,UAB,American Athletic,-13.337,"{'strengthOfRecord': 93, 'fpi': 122, 'averageWinProbability': 128, 'strengthOfSchedule': 98, 'remainingStrengthOfSchedule': 81, 'gameControl': 127}","{'overall': 34.605, 'offense': 25.526, 'defense': 47.443, 'specialTeams': 56.256}"
2026,South Alabama,Sun Belt,-8.826,"{'strengthOfRecord': 92, 'fpi': 107, 'averageWinProbability': 51, 'strengthOfSchedule': 89, 'remainingStrengthOfSchedule': 119, 'gameControl': 56}","{'overall': 41.408, 'offense': 46.715, 'defense': 31.565, 'specialTeams': 61.573}"
2026,Arkansas,SEC,2.16,"{'strengthOfRecord': 58, 'fpi': 60, 'averageWinProbability': 95, 'strengthOfSchedule': 5, 'remainingStrengthOfSchedule': 4, 'gameControl': 65}","{'overall': 47.452, 'offense': 38.452, 'defense': 58.38, 'specialTeams': 53.977}"
2026,Arizona State,Big 12,3.044,"{'strengthOfRecord': 41, 'fpi': 57, 'averageWinProbability': 44, 'strengthOfSchedule': 32, 'remainingStrengthOfSchedule': 53, 'gameControl': 25}","{'overall': 69.456, 'offense': 45.926, 'defense': 83.652, 'specialTeams': 53.831}"
2026,Arizona,Big 12,5.563,"{'strengthOfRecord': 51, 'fpi': 50, 'averageWinProbability': 41, 'strengthOfSchedule': 68, 'remainingStrengthOfSchedule': 47, 'gameControl': 42}","{'overall': 64.007, 'offense': 58.502, 'defense': 59.618, 'specialTeams': 63.388}"
2026,San Diego State,Pac-12,-5.577,"{'strengthOfRecord': 117, 'fpi': 91, 'averageWinProbability': 123, 'strengthOfSchedule': 60, 'remainingStrengthOfSchedule': 72, 'gameControl': 111}","{'overall': 43.187, 'offense': 23.525, 'defense': 60.861, 'specialTeams': 61.348}"
2026,California,ACC,-2.133,"{'strengthOfRecord': 74, 'fpi': 76, 'averageWinProbability': 85, 'strengthOfSchedule': 81, 'remainingStrengthOfSchedule': 59, 'gameControl': 85}","{'overall': 48.745, 'offense': 47.341, 'defense': 52.013, 'specialTeams': 46.567}"
2026,Colorado,Big 12,-0.633,"{'strengthOfRecord': 59, 'fpi': 71, 'averageWinProbability': 107, 'strengthOfSchedule': 30, 'remainingStrengthOfSchedule': 45, 'gameControl': 76}","{'overall': 48.027, 'offense': 39.377, 'defense': 67.981, 'specialTeams': 25.826}"
2026,Delaware,Conference USA,-8.945,"{'strengthOfRecord': 89, 'fpi': 108, 'averageWinProbability': 105, 'strengthOfSchedule': 58, 'remainingStrengthOfSchedule': 128, 'gameControl': 94}","{'overall': 43.892, 'offense': 42.144, 'defense': 45.973, 'specialTeams': 53.16}"
2026,Jacksonville State,Conference USA,-8.486,"{'strengthOfRecord': 101, 'fpi': 105, 'averageWinProbability': 64, 'strengthOfSchedule': 124, 'remainingStrengthOfSchedule': 134, 'gameControl': 115}","{'overall': 43.382, 'offense': 51.495, 'defense': 41.269, 'specialTeams': 42.052}"
2026,South Florida,American Athletic,-1.452,"{'strengthOfRecord': 28, 'fpi': 73, 'averageWinProbability': 57, 'strengthOfSchedule': 132, 'remainingStrengthOfSchedule': 94, 'gameControl': 99}","{'overall': 54.235, 'offense': 53.098, 'defense': 48.024, 'specialTeams': 65.049}"
2026,Georgia Tech,ACC,0.004,"{'strengthOfRecord': 113, 'fpi': 66, 'averageWinProbability': 76, 'strengthOfSchedule': 69, 'remainingStrengthOfSchedule': 29, 'gameControl': 80}","{'overall': 53.836, 'offense': 48.657, 'defense': 49.532, 'specialTeams': 68.221}"
2026,Georgia,SEC,28.296,"{'strengthOfRecord': 8, 'fpi': 1, 'averageWinProbability': 1, 'strengthOfSchedule': 88, 'remainingStrengthOfSchedule': 22, 'gameControl': 2}","{'overall': 94.59, 'offense': 90.958, 'defense': 89.066, 'specialTeams': 69.853}"
2026,Boise State,Pac-12,11.096,"{'strengthOfRecord': 31, 'fpi': 29, 'averageWinProbability': 42, 'strengthOfSchedule': 31, 'remainingStrengthOfSchedule': 88, 'gameControl': 27}","{'overall': 72.871, 'offense': 71.668, 'defense': 63.23, 'specialTeams': 58.048}"
2026,Iowa State,Big 12,3.988,"{'strengthOfRecord': 91, 'fpi': 55, 'averageWinProbability': 62, 'strengthOfSchedule': 36, 'remainingStrengthOfSchedule': 52, 'gameControl': 59}","{'overall': 67.299, 'offense': 52.933, 'defense': 72.021, 'specialTeams': 58.396}"
2026,Massachusetts,Mid-American,-8.345,"{'strengthOfRecord': 38, 'fpi': 103, 'averageWinProbability': 7, 'strengthOfSchedule': 138, 'remainingStrengthOfSchedule': 122, 'gameControl': 21}","{'overall': 61.927, 'offense': 39.236, 'defense': 61.687, 'specialTeams': 83.318}"
2026,Maryland,Big Ten,-1.69,"{'strengthOfRecord': 86, 'fpi': 74, 'averageWinProbability': 94, 'strengthOfSchedule': 95, 'remainingStrengthOfSchedule': 24, 'gameControl': 105}","{'overall': 45.591, 'offense': 36.643, 'defense': 62.602, 'specialTeams': 39.506}"
2026,Michigan State,Big Ten,3.598,"{'strengthOfRecord': 55, 'fpi': 56, 'averageWinProbability': 91, 'strengthOfSchedule': 8, 'remainingStrengthOfSchedule': 43, 'gameControl': 67}","{'overall': 60.282, 'offense': 46.29, 'defense': 60.787, 'specialTeams': 74.859}"
2026,Ole Miss,SEC,14.409,"{'strengthOfRecord': 6, 'fpi': 19, 'averageWinProbability': 53, 'strengthOfSchedule': 4, 'remainingStrengthOfSchedule': 18, 'gameControl': 20}","{'overall': 73.337, 'offense': 81.376, 'defense': 58.303, 'specialTeams': 47.65}"
2026,Duke,ACC,10.899,"{'strengthOfRecord': 10, 'fpi': 30, 'averageWinProbability': 17, 'strengthOfSchedule': 103, 'remainingStrengthOfSchedule': 46, 'gameControl': 33}","{'overall': 77.902, 'offense': 58.21, 'defense': 83.903, 'specialTeams': 64.297}"
2026,Wake Forest,ACC,5.989,"{'strengthOfRecord': 17, 'fpi': 48, 'averageWinProbability': 68, 'strengthOfSchedule': 13, 'remainingStrengthOfSchedule': 68, 'gameControl': 39}","{'overall': 67.869, 'offense': 68.068, 'defense': 58.067, 'specialTeams': 60.748}"
2026,Rutgers,Big Ten,-3.653,"{'strengthOfRecord': 133, 'fpi': 84, 'averageWinProbability': 120, 'strengthOfSchedule': 102, 'remainingStrengthOfSchedule': 23, 'gameControl': 131}","{'overall': 44.155, 'offense': 46.096, 'defense': 45.786, 'specialTeams': 45.912}"
2026,New Mexico,Mountain West,4.748,"{'strengthOfRecord': 63, 'fpi': 53, 'averageWinProbability': 21, 'strengthOfSchedule': 86, 'remainingStrengthOfSchedule': 114, 'gameControl': 34}","{'overall': 75.833, 'offense': 51.228, 'defense': 82.832, 'specialTeams': 74.312}"
2026,Bowling Green,Mid-American,-21.411,"{'strengthOfRecord': 135, 'fpi': 134, 'averageWinProbability': 137, 'strengthOfSchedule': 39, 'remainingStrengthOfSchedule': 111, 'gameControl': 126}","{'overall': 12.885, 'offense': 5.913, 'defense': 43.096, 'specialTeams': 31.806}"
2026,Miami (OH),Mid-American,-7.681,"{'strengthOfRecord': 80, 'fpi': 101, 'averageWinProbability': 71, 'strengthOfSchedule': 47, 'remainingStrengthOfSchedule': 132, 'gameControl': 58}","{'overall': 50.805, 'offense': 65.766, 'defense': 33.183, 'specialTeams': 58.917}"
2026,Oklahoma State,Big 12,6.898,"{'strengthOfRecord': 32, 'fpi': 43, 'averageWinProbability': 61, 'strengthOfSchedule': 45, 'remainingStrengthOfSchedule': 56, 'gameControl': 52}","{'overall': 74.22, 'offense': 63.019, 'defense': 76.179, 'specialTeams': 58.267}"
2026,Oregon State,Pac-12,-0.097,"{'strengthOfRecord': 72, 'fpi': 67, 'averageWinProbability': 59, 'strengthOfSchedule': 37, 'remainingStrengthOfSchedule': 74, 'gameControl': 43}","{'overall': 70.632, 'offense': 71.32, 'defense': 70.287, 'specialTeams': 33.621}"
2026,Temple,American Athletic,-5.158,"{'strengthOfRecord': 114, 'fpi': 88, 'averageWinProbability': 78, 'strengthOfSchedule': 72, 'remainingStrengthOfSchedule': 98, 'gameControl': 79}","{'overall': 47.877, 'offense': 61.774, 'defense': 39.874, 'specialTeams': 39.627}"
2026,Pittsburgh,ACC,13.455,"{'strengthOfRecord': 22, 'fpi': 22, 'averageWinProbability': 8, 'strengthOfSchedule': 119, 'remainingStrengthOfSchedule': 49, 'gameControl': 16}","{'overall': 78.178, 'offense': 68.427, 'defense': 72.993, 'specialTeams': 70.164}"
2026,Vanderbilt,SEC,5.536,"{'strengthOfRecord': 47, 'fpi': 51, 'averageWinProbability': 97, 'strengthOfSchedule': 71, 'remainingStrengthOfSchedule': 1, 'gameControl': 90}","{'overall': 56.716, 'offense': 45.808, 'defense': 64.36, 'specialTeams': 54.321}"
2026,Rice,American Athletic,-13.954,"{'strengthOfRecord': 115, 'fpi': 123, 'averageWinProbability': 116, 'strengthOfSchedule': 19, 'remainingStrengthOfSchedule': 79, 'gameControl': 108}","{'overall': 27.259, 'offense': 35.412, 'defense': 31.378, 'specialTeams': 35.571}"
2026,Houston,Big 12,11.459,"{'strengthOfRecord': 44, 'fpi': 27, 'averageWinProbability': 18, 'strengthOfSchedule': 50, 'remainingStrengthOfSchedule': 54, 'gameControl': 12}","{'overall': 76.289, 'offense': 83.551, 'defense': 53.848, 'specialTeams': 58.438}"
2026,Utah,Big 12,18.167,"{'strengthOfRecord': 13, 'fpi': 12, 'averageWinProbability': 2, 'strengthOfSchedule': 106, 'remainingStrengthOfSchedule': 61, 'gameControl': 4}","{'overall': 88.105, 'offense': 82.472, 'defense': 80.685, 'specialTeams': 67.046}"
2026,James Madison,Sun Belt,5.899,"{'strengthOfRecord': 26, 'fpi': 49, 'averageWinProbability': 5, 'strengthOfSchedule': 123, 'remainingStrengthOfSchedule': 118, 'gameControl': 6}","{'overall': 77.325, 'offense': 64.079, 'defense': 65.906, 'specialTeams': 86.033}"
2026,Washington State,Pac-12,-7.306,"{'strengthOfRecord': 118, 'fpi': 98, 'averageWinProbability': 113, 'strengthOfSchedule': 49, 'remainingStrengthOfSchedule': 73, 'gameControl': 96}","{'overall': 42.14, 'offense': 27.196, 'defense': 60.733, 'specialTeams': 46.271}"
2026,Wisconsin,Big Ten,7.37,"{'strengthOfRecord': 7, 'fpi': 41, 'averageWinProbability': 79, 'strengthOfSchedule': 6, 'remainingStrengthOfSchedule': 63, 'gameControl': 40}","{'overall': 68.147, 'offense': 53.818, 'defense': 72.618, 'specialTeams': 58.586}"
2026,Marshall,Sun Belt,-13.075,"{'strengthOfRecord': 54, 'fpi': 120, 'averageWinProbability': 103, 'strengthOfSchedule': 74, 'remainingStrengthOfSchedule': 97, 'gameControl': 104}","{'overall': 27.636, 'offense': 31.807, 'defense': 25.419, 'specialTeams': 61.015}"
2026,West Virginia,Big 12,2.523,"{'strengthOfRecord': 45, 'fpi': 59, 'averageWinProbability': 22, 'strengthOfSchedule': 77, 'remainingStrengthOfSchedule': 37, 'gameControl': 28}","{'overall': 61.605, 'offense': 70.095, 'defense': 46.752, 'specialTeams': 53.078}"
2026,Louisiana,Sun Belt,-3.043,"{'strengthOfRecord': 57, 'fpi': 82, 'averageWinProbability': 38, 'strengthOfSchedule': 73, 'remainingStrengthOfSchedule': 127, 'gameControl': 46}","{'overall': 59.684, 'offense': 35.538, 'defense': 82.296, 'specialTeams': 46.552}"
2026,Coastal Carolina,Sun Belt,-11.766,"{'strengthOfRecord': 130, 'fpi': 114, 'averageWinProbability': 106, 'strengthOfSchedule': 111, 'remainingStrengthOfSchedule': 83, 'gameControl': 122}","{'overall': 38.959, 'offense': 29.521, 'defense': 51.025, 'specialTeams': 54.154}"
2026,Texas State,Pac-12,-2.015,"{'strengthOfRecord': 75, 'fpi': 75, 'averageWinProbability': 65, 'strengthOfSchedule': 26, 'remainingStrengthOfSchedule': 71, 'gameControl': 64}","{'overall': 58.492, 'offense': 73.832, 'defense': 46.096, 'specialTeams': 36.608}"
2026,Utah State,Pac-12,-6.961,"{'strengthOfRecord': 108, 'fpi': 95, 'averageWinProbability': 126, 'strengthOfSchedule': 35, 'remainingStrengthOfSchedule': 70, 'gameControl': 112}","{'overall': 38.023, 'offense': 22.904, 'defense': 60.354, 'specialTeams': 44.585}"
2026,Alabama,SEC,24.643,"{'strengthOfRecord': 3, 'fpi': 6, 'averageWinProbability': 23, 'strengthOfSchedule': 46, 'remainingStrengthOfSchedule': 6, 'gameControl': 14}","{'overall': 90.851, 'offense': 87.269, 'defense': 84.146, 'specialTeams': 63.62}"
2026,Kennesaw State,Conference USA,-11.164,"{'strengthOfRecord': 125, 'fpi': 113, 'averageWinProbability': 110, 'strengthOfSchedule': 55, 'remainingStrengthOfSchedule': 125, 'gameControl': 116}","{'overall': 40.612, 'offense': 31.113, 'defense': 48.14, 'specialTeams': 63.429}"
2026,Army,American Athletic,-2.324,"{'strengthOfRecord': 78, 'fpi': 79, 'averageWinProbability': 33, 'strengthOfSchedule': 127, 'remainingStrengthOfSchedule': 93, 'gameControl': 70}","{'overall': 63.077, 'offense': 71.11, 'defense': 33.809, 'specialTeams': 76.58}"
2026,Air Force,Mountain West,-5.34,"{'strengthOfRecord': 81, 'fpi': 89, 'averageWinProbability': 87, 'strengthOfSchedule': 130, 'remainingStrengthOfSchedule': 99, 'gameControl': 118}","{'overall': 43.455, 'offense': 52.27, 'defense': 41.114, 'specialTeams': 37.166}"
2026,App State,Sun Belt,-5.571,"{'strengthOfRecord': 62, 'fpi': 90, 'averageWinProbability': 45, 'strengthOfSchedule': 115, 'remainingStrengthOfSchedule': 107, 'gameControl': 73}","{'overall': 54.173, 'offense': 61.985, 'defense': 49.962, 'specialTeams': 38.191}"
2026,Arkansas State,Sun Belt,-9.898,"{'strengthOfRecord': 99, 'fpi': 109, 'averageWinProbability': 100, 'strengthOfSchedule': 101, 'remainingStrengthOfSchedule': 117, 'gameControl': 106}","{'overall': 41.186, 'offense': 42.004, 'defense': 45.639, 'specialTeams': 43.585}"
2026,Ball State,Mid-American,-23.271,"{'strengthOfRecord': 121, 'fpi': 136, 'averageWinProbability': 132, 'strengthOfSchedule': 28, 'remainingStrengthOfSchedule': 80, 'gameControl': 130}","{'overall': 20.729, 'offense': 26.001, 'defense': 23.895, 'specialTeams': 46.833}"
2026,Buffalo,Mid-American,-18.619,"{'strengthOfRecord': 104, 'fpi': 130, 'averageWinProbability': 129, 'strengthOfSchedule': 79, 'remainingStrengthOfSchedule': 116, 'gameControl': 133}","{'overall': 14.755, 'offense': 14.835, 'defense': 22.775, 'specialTeams': 51.258}"
2026,UCF,Big 12,6.469,"{'strengthOfRecord': 40, 'fpi': 46, 'averageWinProbability': 46, 'strengthOfSchedule': 64, 'remainingStrengthOfSchedule': 62, 'gameControl': 54}","{'overall': 75.143, 'offense': 47.56, 'defense': 78.684, 'specialTeams': 76.739}"
2026,Cincinnati,Big 12,7.055,"{'strengthOfRecord': 19, 'fpi': 42, 'averageWinProbability': 55, 'strengthOfSchedule': 114, 'remainingStrengthOfSchedule': 32, 'gameControl': 88}","{'overall': 66.013, 'offense': 65.908, 'defense': 54.851, 'specialTeams': 64.697}"
2026,Florida Atlantic,American Athletic,-8.242,"{'strengthOfRecord': 53, 'fpi': 102, 'averageWinProbability': 49, 'strengthOfSchedule': 53, 'remainingStrengthOfSchedule': 82, 'gameControl': 57}","{'overall': 43.793, 'offense': 47.78, 'defense': 36.88, 'specialTeams': 59.452}"
2026,Florida International,Conference USA,-11.821,"{'strengthOfRecord': 106, 'fpi': 116, 'averageWinProbability': 75, 'strengthOfSchedule': 126, 'remainingStrengthOfSchedule': 115, 'gameControl': 113}","{'overall': 33.762, 'offense': 18.162, 'defense': 70.042, 'specialTeams': 32.729}"
2026,Georgia State,Sun Belt,-7.358,"{'strengthOfRecord': 69, 'fpi': 99, 'averageWinProbability': 29, 'strengthOfSchedule': 110, 'remainingStrengthOfSchedule': 91, 'gameControl': 53}","{'overall': 60.399, 'offense': 60.437, 'defense': 38.88, 'specialTeams': 80.359}"
2026,Kent State,Mid-American,-21.591,"{'strengthOfRecord': 85, 'fpi': 135, 'averageWinProbability': 111, 'strengthOfSchedule': 11, 'remainingStrengthOfSchedule': 120, 'gameControl': 91}","{'overall': 19.663, 'offense': 16.759, 'defense': 42.583, 'specialTeams': 27.053}"
2026,Liberty,Conference USA,-2.142,"{'strengthOfRecord': 70, 'fpi': 77, 'averageWinProbability': 81, 'strengthOfSchedule': 112, 'remainingStrengthOfSchedule': 135, 'gameControl': 101}","{'overall': 50.963, 'offense': 40.659, 'defense': 60.264, 'specialTeams': 52.057}"
2026,Louisiana Tech,Sun Belt,-6.747,"{'strengthOfRecord': 105, 'fpi': 94, 'averageWinProbability': 108, 'strengthOfSchedule': 7, 'remainingStrengthOfSchedule': 121, 'gameControl': 66}","{'overall': 63.457, 'offense': 40.994, 'defense': 77.54, 'specialTeams': 49.9}"
2026,Middle Tennessee,Conference USA,-13.965,"{'strengthOfRecord': 110, 'fpi': 124, 'averageWinProbability': 84, 'strengthOfSchedule': 136, 'remainingStrengthOfSchedule': 108, 'gameControl': 124}","{'overall': 34.801, 'offense': 31.29, 'defense': 46.336, 'specialTeams': 43.416}"
2026,Charlotte,American Athletic,-18.565,"{'strengthOfRecord': 135, 'fpi': 129, 'averageWinProbability': 135, 'strengthOfSchedule': 66, 'remainingStrengthOfSchedule': 84, 'gameControl': 134}","{'overall': 19.738, 'offense': 13.755, 'defense': 36.961, 'specialTeams': 43.483}"
2026,UL Monroe,Sun Belt,-24.568,"{'strengthOfRecord': 135, 'fpi': 137, 'averageWinProbability': 136, 'strengthOfSchedule': 82, 'remainingStrengthOfSchedule': 112, 'gameControl': 135}","{'overall': 15.262, 'offense': 26.516, 'defense': 20.251, 'specialTeams': 27.041}"
2026,UNLV,Mountain West,-2.901,"{'strengthOfRecord': 98, 'fpi': 81, 'averageWinProbability': 86, 'strengthOfSchedule': 113, 'remainingStrengthOfSchedule': 89, 'gameControl': 93}","{'overall': 45.285, 'offense': 31.937, 'defense': 62.162, 'specialTeams': 47.433}"
2026,Nevada,Mountain West,-8.475,"{'strengthOfRecord': 131, 'fpi': 104, 'averageWinProbability': 93, 'strengthOfSchedule': 133, 'remainingStrengthOfSchedule': 76, 'gameControl': 129}","{'overall': 40.142, 'offense': 33.008, 'defense': 46.189, 'specialTeams': 60.521}"
2026,Northern Illinois,Mountain West,-18.102,"{'strengthOfRecord': 135, 'fpi': 128, 'averageWinProbability': 138, 'strengthOfSchedule': 44, 'remainingStrengthOfSchedule': 109, 'gameControl': 132}","{'overall': 19.047, 'offense': 19.426, 'defense': 45.622, 'specialTeams': 12.768}"
2026,Purdue,Big Ten,-3.132,"{'strengthOfRecord': 103, 'fpi': 83, 'averageWinProbability': 118, 'strengthOfSchedule': 9, 'remainingStrengthOfSchedule': 33, 'gameControl': 86}","{'overall': 44.627, 'offense': 63.538, 'defense': 24.203, 'specialTeams': 54.662}"
2026,Sam Houston,Conference USA,-11.924,"{'strengthOfRecord': 124, 'fpi': 117, 'averageWinProbability': 99, 'strengthOfSchedule': 56, 'remainingStrengthOfSchedule': 124, 'gameControl': 92}","{'overall': 49.007, 'offense': 41.905, 'defense': 60.026, 'specialTeams': 42.911}"
2026,Southern Miss,Sun Belt,-11.774,"{'strengthOfRecord': 128, 'fpi': 115, 'averageWinProbability': 122, 'strengthOfSchedule': 75, 'remainingStrengthOfSchedule': 105, 'gameControl': 120}","{'overall': 31.216, 'offense': 23.305, 'defense': 48.699, 'specialTeams': 43.844}"
2026,South Carolina,SEC,9.85,"{'strengthOfRecord': 88, 'fpi': 33, 'averageWinProbability': 67, 'strengthOfSchedule': 15, 'remainingStrengthOfSchedule': 8, 'gameControl': 61}","{'overall': 62.112, 'offense': 57.769, 'defense': 53.925, 'specialTeams': 67.868}"
2026,Missouri State,Conference USA,-12.219,"{'strengthOfRecord': 120, 'fpi': 118, 'averageWinProbability': 112, 'strengthOfSchedule': 34, 'remainingStrengthOfSchedule': 126, 'gameControl': 89}","{'overall': 35.049, 'offense': 30.614, 'defense': 44.285, 'specialTeams': 49.381}"
2026,TCU,Big 12,6.255,"{'strengthOfRecord': 94, 'fpi': 47, 'averageWinProbability': 60, 'strengthOfSchedule': 93, 'remainingStrengthOfSchedule': 39, 'gameControl': 75}","{'overall': 64.674, 'offense': 45.263, 'defense': 70.789, 'specialTeams': 75.068}"
2026,Tennessee,SEC,18.208,"{'strengthOfRecord': 35, 'fpi': 11, 'averageWinProbability': 28, 'strengthOfSchedule': 38, 'remainingStrengthOfSchedule': 21, 'gameControl': 26}","{'overall': 80.835, 'offense': 68.86, 'defense': 82.924, 'specialTeams': 56.942}"
2026,UTSA,American Athletic,-0.181,"{'strengthOfRecord': 33, 'fpi': 68, 'averageWinProbability': 73, 'strengthOfSchedule': 27, 'remainingStrengthOfSchedule': 103, 'gameControl': 60}","{'overall': 62.44, 'offense': 55.157, 'defense': 63.177, 'specialTeams': 54.533}"
2026,Toledo,Mid-American,0.878,"{'strengthOfRecord': 67, 'fpi': 62, 'averageWinProbability': 70, 'strengthOfSchedule': 117, 'remainingStrengthOfSchedule': 138, 'gameControl': 97}","{'overall': 62.091, 'offense': 63.785, 'defense': 62.875, 'specialTeams': 37.959}"
2026,Troy,Sun Belt,-8.591,"{'strengthOfRecord': 100, 'fpi': 106, 'averageWinProbability': 80, 'strengthOfSchedule': 94, 'remainingStrengthOfSchedule': 87, 'gameControl': 83}","{'overall': 37.695, 'offense': 32.487, 'defense': 54.244, 'specialTeams': 37.877}"
2026,Tulane,American Athletic,-2.184,"{'strengthOfRecord': 73, 'fpi': 78, 'averageWinProbability': 125, 'strengthOfSchedule': 41, 'remainingStrengthOfSchedule': 85, 'gameControl': 100}","{'overall': 45.676, 'offense': 37.068, 'defense': 51.08, 'specialTeams': 58.596}"
2026,San José State,Mountain West,-13.233,"{'strengthOfRecord': 97, 'fpi': 121, 'averageWinProbability': 114, 'strengthOfSchedule': 70, 'remainingStrengthOfSchedule': 106, 'gameControl': 117}","{'overall': 31.422, 'offense': 19.014, 'defense': 52.738, 'specialTeams': 50.182}"
2026,Western Michigan,Mid-American,-2.793,"{'strengthOfRecord': 82, 'fpi': 80, 'averageWinProbability': 82, 'strengthOfSchedule': 51, 'remainingStrengthOfSchedule': 131, 'gameControl': 72}","{'overall': 54.076, 'offense': 39.237, 'defense': 58.621, 'specialTeams': 69.803}"
2026,USC,Big Ten,14.792,"{'strengthOfRecord': 29, 'fpi': 18, 'averageWinProbability': 20, 'strengthOfSchedule': 61, 'remainingStrengthOfSchedule': 9, 'gameControl': 23}","{'overall': 74.345, 'offense': 86.003, 'defense': 38.722, 'specialTeams': 67.288}"
2026,Colorado State,Pac-12,-6.612,"{'strengthOfRecord': 95, 'fpi': 93, 'averageWinProbability': 96, 'strengthOfSchedule': 87, 'remainingStrengthOfSchedule': 75, 'gameControl': 98}","{'overall': 49.611, 'offense': 69.532, 'defense': 30.145, 'specialTeams': 44.011}"
2026,UConn,FBS Independents,-7.171,"{'strengthOfRecord': 102, 'fpi': 97, 'averageWinProbability': 39, 'strengthOfSchedule': 129, 'remainingStrengthOfSchedule': 78, 'gameControl': 78}","{'overall': 52.407, 'offense': 51.217, 'defense': 45.191, 'specialTeams': 66.814}"
2026,Hawai'i,Mountain West,-11.142,"{'strengthOfRecord': 132, 'fpi': 112, 'averageWinProbability': 124, 'strengthOfSchedule': 128, 'remainingStrengthOfSchedule': 86, 'gameControl': 136}","{'overall': 28.136, 'offense': 25.727, 'defense': 34.387, 'specialTeams': 58.678}"
2026,Northwestern,Big Ten,11.24,"{'strengthOfRecord': 39, 'fpi': 28, 'averageWinProbability': 54, 'strengthOfSchedule': 12, 'remainingStrengthOfSchedule': 30, 'gameControl': 30}","{'overall': 80.416, 'offense': 80.354, 'defense': 72.353, 'specialTeams': 51.031}"
2026,Indiana,Big Ten,24.412,"{'strengthOfRecord': 15, 'fpi': 7, 'averageWinProbability': 11, 'strengthOfSchedule': 109, 'remainingStrengthOfSchedule': 31, 'gameControl': 19}","{'overall': 87.249, 'offense': 83.898, 'defense': 80.678, 'specialTeams': 58.016}"
2026,Notre Dame,FBS Independents,27.822,"{'strengthOfRecord': 12, 'fpi': 2, 'averageWinProbability': 9, 'strengthOfSchedule': 99, 'remainingStrengthOfSchedule': 55, 'gameControl': 7}","{'overall': 94.512, 'offense': 80.454, 'defense': 96.582, 'specialTeams': 60.52}"
2026,Louisville,ACC,10.798,"{'strengthOfRecord': 68, 'fpi': 31, 'averageWinProbability': 74, 'strengthOfSchedule': 40, 'remainingStrengthOfSchedule': 64, 'gameControl': 63}","{'overall': 71.106, 'offense': 76.741, 'defense': 57.76, 'specialTeams': 54.484}"
2026,Western Kentucky,Conference USA,-12.784,"{'strengthOfRecord': 109, 'fpi': 119, 'averageWinProbability': 133, 'strengthOfSchedule': 1, 'remainingStrengthOfSchedule': 123, 'gameControl': 95}","{'overall': 27.316, 'offense': 34.319, 'defense': 27.721, 'specialTeams': 44.856}"
2026,LSU,SEC,22.113,"{'strengthOfRecord': 20, 'fpi': 8, 'averageWinProbability': 32, 'strengthOfSchedule': 23, 'remainingStrengthOfSchedule': 11, 'gameControl': 17}","{'overall': 88.283, 'offense': 67.037, 'defense': 96.185, 'specialTeams': 51.008}"
2026,East Carolina,American Athletic,-4.112,"{'strengthOfRecord': 90, 'fpi': 85, 'averageWinProbability': 104, 'strengthOfSchedule': 33, 'remainingStrengthOfSchedule': 100, 'gameControl': 109}","{'overall': 48.851, 'offense': 19.72, 'defense': 73.785, 'specialTeams': 53.167}"
2026,Nebraska,Big Ten,15.952,"{'strengthOfRecord': 21, 'fpi': 14, 'averageWinProbability': 15, 'strengthOfSchedule': 120, 'remainingStrengthOfSchedule': 20, 'gameControl': 24}","{'overall': 81.344, 'offense': 74.577, 'defense': 81.252, 'specialTeams': 48.679}"
2026,New Mexico State,Conference USA,-15.458,"{'strengthOfRecord': 129, 'fpi': 125, 'averageWinProbability': 127, 'strengthOfSchedule': 92, 'remainingStrengthOfSchedule': 129, 'gameControl': 125}","{'overall': 30.685, 'offense': 30.537, 'defense': 45.143, 'specialTeams': 31.095}"
2026,Syracuse,ACC,0.564,"{'strengthOfRecord': 107, 'fpi': 63, 'averageWinProbability': 77, 'strengthOfSchedule': 57, 'remainingStrengthOfSchedule': 50, 'gameControl': 68}","{'overall': 59.352, 'offense': 45.374, 'defense': 72.486, 'specialTeams': 51.325}"
2026,Ohio State,Big Ten,27.814,"{'strengthOfRecord': 30, 'fpi': 3, 'averageWinProbability': 4, 'strengthOfSchedule': 24, 'remainingStrengthOfSchedule': 7, 'gameControl': 1}","{'overall': 89.633, 'offense': 86.398, 'defense': 86.814, 'specialTeams': 41.63}"
2026,Kentucky,SEC,9.445,"{'strengthOfRecord': 11, 'fpi': 36, 'averageWinProbability': 31, 'strengthOfSchedule': 10, 'remainingStrengthOfSchedule': 16, 'gameControl': 11}","{'overall': 76.768, 'offense': 68.012, 'defense': 76.761, 'specialTeams': 51.913}"
2026,Ohio,Mid-American,-9.993,"{'strengthOfRecord': 96, 'fpi': 111, 'averageWinProbability': 115, 'strengthOfSchedule': 65, 'remainingStrengthOfSchedule': 136, 'gameControl': 119}","{'overall': 42.904, 'offense': 50.025, 'defense': 25.905, 'specialTeams': 78.05}"
2026,Oklahoma,SEC,13.859,"{'strengthOfRecord': 49, 'fpi': 21, 'averageWinProbability': 90, 'strengthOfSchedule': 3, 'remainingStrengthOfSchedule': 10, 'gameControl': 45}","{'overall': 72.795, 'offense': 38.367, 'defense': 90.99, 'specialTeams': 53.621}"
2026,Penn State,Big Ten,15.646,"{'strengthOfRecord': 64, 'fpi': 15, 'averageWinProbability': 12, 'strengthOfSchedule': 118, 'remainingStrengthOfSchedule': 60, 'gameControl': 15}","{'overall': 78.728, 'offense': 54.926, 'defense': 88.019, 'specialTeams': 58.718}"
2026,Florida State,ACC,6.593,"{'strengthOfRecord': 87, 'fpi': 45, 'averageWinProbability': 52, 'strengthOfSchedule': 25, 'remainingStrengthOfSchedule': 25, 'gameControl': 47}","{'overall': 60.018, 'offense': 70.287, 'defense': 35.244, 'specialTeams': 75.996}"
2026,Florida,SEC,19.25,"{'strengthOfRecord': 2, 'fpi': 10, 'averageWinProbability': 10, 'strengthOfSchedule': 42, 'remainingStrengthOfSchedule': 12, 'gameControl': 5}","{'overall': 88.028, 'offense': 88.664, 'defense': 65.891, 'specialTeams': 78.931}"
2026,Clemson,ACC,7.389,"{'strengthOfRecord': 24, 'fpi': 40, 'averageWinProbability': 101, 'strengthOfSchedule': 22, 'remainingStrengthOfSchedule': 51, 'gameControl': 74}","{'overall': 59.685, 'offense': 28.122, 'defense': 74.882, 'specialTeams': 74.139}"
2026,North Texas,American Athletic,0.116,"{'strengthOfRecord': 77, 'fpi': 64, 'averageWinProbability': 83, 'strengthOfSchedule': 29, 'remainingStrengthOfSchedule': 102, 'gameControl': 69}","{'overall': 61.819, 'offense': 76.901, 'defense': 52.718, 'specialTeams': 23.309}"
2026,Texas,SEC,26.907,"{'strengthOfRecord': 1, 'fpi': 4, 'averageWinProbability': 35, 'strengthOfSchedule': 2, 'remainingStrengthOfSchedule': 14, 'gameControl': 8}","{'overall': 89.699, 'offense': 65.163, 'defense': 95.58, 'specialTeams': 59.075}"
2026,BYU,Big 12,14.915,"{'strengthOfRecord': 25, 'fpi': 17, 'averageWinProbability': 14, 'strengthOfSchedule': 116, 'remainingStrengthOfSchedule': 40, 'gameControl': 22}","{'overall': 84.9, 'offense': 81.814, 'defense': 72.272, 'specialTeams': 72.103}"
2026,Virginia Tech,ACC,8.885,"{'strengthOfRecord': 23, 'fpi': 38, 'averageWinProbability': 13, 'strengthOfSchedule': 122, 'remainingStrengthOfSchedule': 41, 'gameControl': 18}","{'overall': 75.633, 'offense': 65.418, 'defense': 63.701, 'specialTeams': 82.036}"
2026,Fresno State,Pac-12,-0.884,"{'strengthOfRecord': 60, 'fpi': 72, 'averageWinProbability': 72, 'strengthOfSchedule': 90, 'remainingStrengthOfSchedule': 77, 'gameControl': 81}","{'overall': 53.742, 'offense': 38.142, 'defense': 56.86, 'specialTeams': 73.814}"
2026,Georgia Southern,Sun Belt,-7.372,"{'strengthOfRecord': 119, 'fpi': 100, 'averageWinProbability': 92, 'strengthOfSchedule': 76, 'remainingStrengthOfSchedule': 104, 'gameControl': 84}","{'overall': 43.566, 'offense': 44.31, 'defense': 58.195, 'specialTeams': 23.966}"
2026,Old Dominion,Sun Belt,-9.977,"{'strengthOfRecord': 126, 'fpi': 110, 'averageWinProbability': 119, 'strengthOfSchedule': 85, 'remainingStrengthOfSchedule': 110, 'gameControl': 121}","{'overall': 30.171, 'offense': 10.678, 'defense': 63.441, 'specialTeams': 37.51}"
2026,Akron,Mid-American,-20.103,"{'strengthOfRecord': 127, 'fpi': 132, 'averageWinProbability': 130, 'strengthOfSchedule': 91, 'remainingStrengthOfSchedule': 130, 'gameControl': 128}","{'overall': 20.63, 'offense': 28.298, 'defense': 25.98, 'specialTeams': 34.569}"
2026,Central Michigan,Mid-American,-16.405,"{'strengthOfRecord': 83, 'fpi': 127, 'averageWinProbability': 121, 'strengthOfSchedule': 17, 'remainingStrengthOfSchedule': 137, 'gameControl': 110}","{'overall': 20.818, 'offense': 11.344, 'defense': 44.157, 'specialTeams': 41.473}"
2026,Eastern Michigan,Mid-American,-18.688,"{'strengthOfRecord': 123, 'fpi': 131, 'averageWinProbability': 88, 'strengthOfSchedule': 100, 'remainingStrengthOfSchedule': 113, 'gameControl': 114}","{'overall': 23.128, 'offense': 20.15, 'defense': 42.384, 'specialTeams': 30.639}"
2026,Iowa,Big Ten,12.754,"{'strengthOfRecord': 5, 'fpi': 25, 'averageWinProbability': 37, 'strengthOfSchedule': 67, 'remainingStrengthOfSchedule': 34, 'gameControl': 41}","{'overall': 81.168, 'offense': 57.225, 'defense': 89.537, 'specialTeams': 62.873}"
2026,Michigan,Big Ten,13.275,"{'strengthOfRecord': 36, 'fpi': 23, 'averageWinProbability': 47, 'strengthOfSchedule': 63, 'remainingStrengthOfSchedule': 17, 'gameControl': 62}","{'overall': 67.526, 'offense': 61.619, 'defense': 73.884, 'specialTeams': 35.388}"
2026,Kansas State,Big 12,9.664,"{'strengthOfRecord': 56, 'fpi': 34, 'averageWinProbability': 27, 'strengthOfSchedule': 104, 'remainingStrengthOfSchedule': 66, 'gameControl': 44}","{'overall': 77.089, 'offense': 68.772, 'defense': 73.89, 'specialTeams': 63.623}"
2026,Miami,ACC,25.673,"{'strengthOfRecord': 14, 'fpi': 5, 'averageWinProbability': 3, 'strengthOfSchedule': 108, 'remainingStrengthOfSchedule': 36, 'gameControl': 3}","{'overall': 91.078, 'offense': 88.808, 'defense': 84.078, 'specialTeams': 58.081}"
2026,Minnesota,Big Ten,1.787,"{'strengthOfRecord': 43, 'fpi': 61, 'averageWinProbability': 34, 'strengthOfSchedule': 83, 'remainingStrengthOfSchedule': 26, 'gameControl': 48}","{'overall': 65.088, 'offense': 41.506, 'defense': 68.33, 'specialTeams': 81.244}"
2026,Oregon,Big Ten,21.729,"{'strengthOfRecord': 18, 'fpi': 9, 'averageWinProbability': 58, 'strengthOfSchedule': 18, 'remainingStrengthOfSchedule': 28, 'gameControl': 31}","{'overall': 84.086, 'offense': 73.833, 'defense': 78.87, 'specialTeams': 72.113}"
2026,SMU,ACC,9.093,"{'strengthOfRecord': 37, 'fpi': 37, 'averageWinProbability': 43, 'strengthOfSchedule': 59, 'remainingStrengthOfSchedule': 57, 'gameControl': 36}","{'overall': 67.634, 'offense': 68.999, 'defense': 66.476, 'specialTeams': 37.685}"
2026,Texas Tech,Big 12,16.977,"{'strengthOfRecord': 9, 'fpi': 13, 'averageWinProbability': 25, 'strengthOfSchedule': 96, 'remainingStrengthOfSchedule': 65, 'gameControl': 37}","{'overall': 71.721, 'offense': 52.446, 'defense': 77.89, 'specialTeams': 61.571}"
2026,Missouri,SEC,9.605,"{'strengthOfRecord': 42, 'fpi': 35, 'averageWinProbability': 40, 'strengthOfSchedule': 62, 'remainingStrengthOfSchedule': 3, 'gameControl': 38}","{'overall': 66.228, 'offense': 48.918, 'defense': 71.218, 'specialTeams': 65.211}"
2026,NC State,ACC,2.744,"{'strengthOfRecord': 79, 'fpi': 58, 'averageWinProbability': 36, 'strengthOfSchedule': 54, 'remainingStrengthOfSchedule': 67, 'gameControl': 29}","{'overall': 69.485, 'offense': 68.018, 'defense': 60.822, 'specialTeams': 59.825}"
2026,North Carolina,ACC,5.278,"{'strengthOfRecord': 46, 'fpi': 52, 'averageWinProbability': 26, 'strengthOfSchedule': 52, 'remainingStrengthOfSchedule': 27, 'gameControl': 10}","{'overall': 67.291, 'offense': 55.732, 'defense': 73.512, 'specialTeams': 42.84}"
2026,Tulsa,American Athletic,-4.884,"{'strengthOfRecord': 52, 'fpi': 87, 'averageWinProbability': 69, 'strengthOfSchedule': 105, 'remainingStrengthOfSchedule': 95, 'gameControl': 82}","{'overall': 54.185, 'offense': 39.096, 'defense': 67.822, 'specialTeams': 42.412}"
2026,Texas A&M,SEC,15.085,"{'strengthOfRecord': 65, 'fpi': 16, 'averageWinProbability': 89, 'strengthOfSchedule': 21, 'remainingStrengthOfSchedule': 15, 'gameControl': 71}","{'overall': 66.406, 'offense': 44.513, 'defense': 76.882, 'specialTeams': 69.516}"
2026,Memphis,American Athletic,0.021,"{'strengthOfRecord': 48, 'fpi': 65, 'averageWinProbability': 50, 'strengthOfSchedule': 78, 'remainingStrengthOfSchedule': 101, 'gameControl': 51}","{'overall': 55.903, 'offense': 76.742, 'defense': 36.845, 'specialTeams': 41.757}"
2026,Virginia,ACC,11.806,"{'strengthOfRecord': 66, 'fpi': 26, 'averageWinProbability': 16, 'strengthOfSchedule': 121, 'remainingStrengthOfSchedule': 58, 'gameControl': 49}","{'overall': 75.084, 'offense': 62.311, 'defense': 82.844, 'specialTeams': 45.069}"
2026,Washington,Big Ten,4.353,"{'strengthOfRecord': 71, 'fpi': 54, 'averageWinProbability': 56, 'strengthOfSchedule': 131, 'remainingStrengthOfSchedule': 13, 'gameControl': 107}","{'overall': 50.514, 'offense': 41.215, 'defense': 58.431, 'specialTeams': 52.162}"
2026,Mississippi State,SEC,14.258,"{'strengthOfRecord': 4, 'fpi': 20, 'averageWinProbability': 19, 'strengthOfSchedule': 48, 'remainingStrengthOfSchedule': 5, 'gameControl': 9}","{'overall': 82.755, 'offense': 84.443, 'defense': 74.858, 'specialTeams': 43.48}"
2026,Illinois,Big Ten,6.768,"{'strengthOfRecord': 76, 'fpi': 44, 'averageWinProbability': 63, 'strengthOfSchedule': 16, 'remainingStrengthOfSchedule': 38, 'gameControl': 55}","{'overall': 66.098, 'offense': 86.456, 'defense': 38.719, 'specialTeams': 48.329}"
2026,Kansas,Big 12,-0.443,"{'strengthOfRecord': 112, 'fpi': 70, 'averageWinProbability': 98, 'strengthOfSchedule': 97, 'remainingStrengthOfSchedule': 48, 'gameControl': 102}","{'overall': 50.499, 'offense': 34.829, 'defense': 67.585, 'specialTeams': 50.63}"
2026,North Dakota State,Mountain West,-0.384,"{'strengthOfRecord': 34, 'fpi': 69, 'averageWinProbability': 6, 'strengthOfSchedule': 135, 'remainingStrengthOfSchedule': 96, 'gameControl': 13}","{'overall': 67.633, 'offense': 41.547, 'defense': 78.11, 'specialTeams': 72.482}"
2026,Auburn,SEC,13.039,"{'strengthOfRecord': 27, 'fpi': 24, 'averageWinProbability': 48, 'strengthOfSchedule': 43, 'remainingStrengthOfSchedule': 2, 'gameControl': 50}","{'overall': 71.49, 'offense': 62.407, 'defense': 72.54, 'specialTeams': 49.939}"
2026,UTEP,Mountain West,-20.424,"{'strengthOfRecord': 116, 'fpi': 133, 'averageWinProbability': 131, 'strengthOfSchedule': 20, 'remainingStrengthOfSchedule': 90, 'gameControl': 103}","{'overall': 21.866, 'offense': 24.095, 'defense': 34.882, 'specialTeams': 29.012}"
2026,Wyoming,Mountain West,-16.111,"{'strengthOfRecord': 111, 'fpi': 126, 'averageWinProbability': 109, 'strengthOfSchedule': 137, 'remainingStrengthOfSchedule': 92, 'gameControl': 137}","{'overall': 23.973, 'offense': 20.503, 'defense': 30.749, 'specialTeams': 64.325}"
2026,Stanford,ACC,-5.727,"{'strengthOfRecord': 61, 'fpi': 92, 'averageWinProbability': 117, 'strengthOfSchedule': 14, 'remainingStrengthOfSchedule': 35, 'gameControl': 87}","{'overall': 39.534, 'offense': 43.587, 'defense': 41.523, 'specialTeams': 43.564}"
2026,Baylor,Big 12,7.712,"{'strengthOfRecord': 50, 'fpi': 39, 'averageWinProbability': 30, 'strengthOfSchedule': 80, 'remainingStrengthOfSchedule': 42, 'gameControl': 35}","{'overall': 68.204, 'offense': 43.455, 'defense': 75.937, 'specialTeams': 77.534}"
2026,Boston College,ACC,-4.807,"{'strengthOfRecord': 84, 'fpi': 86, 'averageWinProbability': 66, 'strengthOfSchedule': 84, 'remainingStrengthOfSchedule': 19, 'gameControl': 77}","{'overall': 36.013, 'offense': 22.01, 'defense': 63.535, 'specialTeams': 30.679}"
2026,Navy,American Athletic,-7.079,"{'strengthOfRecord': 122, 'fpi': 96, 'averageWinProbability': 102, 'strengthOfSchedule': 134, 'remainingStrengthOfSchedule': 69, 'gameControl': 123}","{'overall': 33.475, 'offense': 41.726, 'defense': 22.951, 'specialTeams': 64.884}"
2026,Sacramento State,Mid-American,-27.65,"{'strengthOfRecord': 134, 'fpi': 138, 'averageWinProbability': 134, 'strengthOfSchedule': 125, 'remainingStrengthOfSchedule': 133, 'gameControl': 138}","{'overall': 12.912, 'offense': 7.255, 'defense': 22.593, 'specialTeams': 74.948}"
2026,UCLA,Big Ten,10.353,"{'strengthOfRecord': 16, 'fpi': 32, 'averageWinProbability': 24, 'strengthOfSchedule': 107, 'remainingStrengthOfSchedule': 44, 'gameControl': 32}","{'overall': 78.667, 'offense': 70.354, 'defense': 77.299, 'specialTeams': 54.85}"
