game_id,season,week,team,opponent,off_epa,off_epa_pass,off_epa_rush,def_epa,def_epa_pass,def_epa_rush
401864496,2026,1,Air Force,Duquesne,0.4,-0.51,0.51,-0.34,-0.37,-0.15
401858204,2026,1,Akron,Wake Forest,-0.03,0.05,-0.01,0.48,0.64,0.31
401856634,2026,1,Alabama,East Carolina,0.24,0.22,0.26,-0.2,-0.04,-0.38
401866627,2026,1,App State,Maine,0.61,0.74,0.52,-0.16,0.07,-0.37
401856773,2026,1,Arizona,Northern Arizona,0.16,0.23,0.18,-0.43,-0.25,-0.47
401856774,2026,1,Arizona State,Morgan State,0.65,0.87,0.43,-0.12,-0.1,-0.02
401856635,2026,1,Arkansas,North Alabama,0.09,0.49,-0.16,-0.07,-0.07,-0.05
401862695,2026,1,Arkansas State,Memphis,0.09,0.17,0.21,0.43,0.96,0.38
401862701,2026,1,Army,Bryant,0.69,-0.03,0.85,-0.14,-0.2,-0.09
401856636,2026,1,Auburn,Baylor,-0.04,0.01,-0.14,-0.01,0.21,-0.29
401858432,2026,1,Ball State,Ohio State,-0.33,-0.36,-0.27,0.61,0.87,0.46
401856636,2026,1,Baylor,Auburn,-0.01,0.21,-0.29,-0.04,0.01,-0.14
401858433,2026,1,Boise State,Oregon,0.05,0.16,-0.02,0.17,0.18,0.2
401856777,2026,1,Boston College,Cincinnati,-0.04,0.02,0.04,0.24,0.19,0.27
401866410,2026,1,Bowling Green,Tarleton State,-0.1,0.56,-0.64,0.04,0.31,-0.17
401866409,2026,1,Buffalo,UAlbany,0.15,0.2,-0.03,-0.06,0.09,-0.21
401856775,2026,1,BYU,Utah Tech,0.54,0.53,0.56,-0.29,0.04,-0.38
401858210,2026,1,California,UCLA,-0.06,0.07,-0.16,0.41,0.01,0.75
401864498,2026,1,Central Michigan,New Mexico,-0.18,-0.11,-0.01,0.22,0.07,0.34
401862694,2026,1,Charlotte,The Citadel,0.21,0.13,0.41,0.38,0.38,0.38
401856777,2026,1,Cincinnati,Boston College,0.24,0.19,0.27,-0.04,0.02,0.04
401856660,2026,1,Clemson,LSU,-0.3,-0.36,-0.21,0.38,0.43,0.32
401856780,2026,1,Coastal Carolina,West Virginia,0.17,0.45,-0.34,0.13,0.64,0.0
401856776,2026,1,Colorado,Georgia Tech,0.05,0.07,0.02,0.07,0.43,-0.26
401860878,2026,1,Colorado State,Wyoming,0.3,0.54,0.06,-0.13,-0.04,0.08
401864424,2026,1,Delaware,Merrimack,0.34,0.52,0.24,-0.22,-0.01,-0.36
401858209,2026,1,Duke,Tulane,-0.13,-0.3,0.06,-0.13,-0.11,-0.26
401856634,2026,1,East Carolina,Alabama,-0.2,-0.04,-0.38,0.24,0.22,0.26
401864495,2026,1,Eastern Michigan,San José State,-0.17,-0.11,0.0,0.07,0.36,-0.12
401866408,2026,1,Eastern Michigan,Sacramento State,0.06,0.28,-0.23,-0.12,-0.14,-0.05
401856637,2026,1,Florida,Florida Atlantic,0.61,0.88,0.45,-0.01,0.01,-0.05
401856637,2026,1,Florida Atlantic,Florida,-0.01,0.01,-0.05,0.61,0.88,0.45
401862699,2026,1,Florida International,South Florida,-0.12,0.01,-0.37,-0.06,0.16,-0.1
401858212,2026,1,Florida State,SMU,0.14,0.25,0.07,0.36,0.56,0.13
401864570,2026,1,Florida State,New Mexico State,0.27,0.38,0.33,0.11,0.32,-0.07
401858436,2026,1,Fresno State,USC,-0.35,-0.08,-0.28,0.23,1.28,-0.53
401856658,2026,1,Georgia,Tennessee State,0.73,0.76,0.69,-0.14,0.04,-0.36
401868170,2026,1,Georgia Southern,Charleston Southern,0.19,0.35,-0.03,-0.3,-0.12,-0.43
401866623,2026,1,Georgia State,North Carolina A&T,0.51,0.51,0.5,-0.07,-0.19,0.11
401856776,2026,1,Georgia Tech,Colorado,0.07,0.43,-0.26,0.05,0.07,0.02
401858201,2026,1,Hawai'i,Stanford,0.05,0.14,-0.08,0.31,0.38,0.22
401864497,2026,1,Hawai'i,UNLV,-0.08,-0.07,0.12,0.07,-0.41,0.32
401856778,2026,1,Houston,Oregon State,0.28,0.41,0.14,0.06,0.17,-0.21
401858424,2026,1,Illinois,UAB,0.46,0.89,0.11,0.14,0.06,0.23
401858425,2026,1,Indiana,North Texas,0.65,1.64,0.13,0.05,0.15,0.0
401858426,2026,1,Iowa,Northern Illinois,0.03,0.04,0.18,-0.42,-0.15,-0.47
401856779,2026,1,Iowa State,Southeast Missouri State,0.24,0.39,0.18,-0.25,-0.11,-0.29
401864577,2026,1,Jacksonville State,North Dakota State,-0.38,-0.43,-0.31,0.16,0.41,0.11
401868140,2026,1,Jacksonville State,Eastern Kentucky,0.53,1.05,0.23,-0.25,-0.64,-0.06
401869960,2026,1,James Madison,Liberty,0.28,0.39,0.21,-0.02,0.12,-0.12
401856769,2026,1,Kansas,Long Island University,0.55,1.09,0.32,-0.18,0.15,-0.42
401856771,2026,1,Kansas State,Nicholls,0.55,0.81,0.39,-0.28,-0.33,-0.09
401864425,2026,1,Kennesaw State,West Georgia,0.2,0.06,0.32,-0.38,-0.26,-0.54
401856665,2026,1,Kent State,South Carolina,-0.08,-0.06,-0.07,0.68,0.87,0.5
401856659,2026,1,Kentucky,Youngstown State,0.56,0.9,0.32,0.03,0.04,0.04
401869960,2026,1,Liberty,James Madison,-0.02,0.12,-0.12,0.28,0.39,0.21
401869142,2026,1,Louisiana,Lamar,0.27,0.29,0.45,-0.36,0.01,-0.52
401869129,2026,1,Louisiana Tech,Northwestern State,0.6,1.24,0.3,-0.3,0.07,-0.19
401856661,2026,1,Louisville,Ole Miss,0.28,0.47,0.11,0.23,0.54,0.06
401856660,2026,1,LSU,Clemson,0.38,0.43,0.32,-0.3,-0.36,-0.21
401858434,2026,1,Marshall,Penn State,-0.37,0.07,-0.73,0.42,0.93,0.11
401858427,2026,1,Maryland,Hampton,0.48,0.44,0.54,-0.43,-0.43,-0.3
401858423,2026,1,Massachusetts,Rutgers,0.33,0.65,0.17,-0.02,0.19,-0.56
401862695,2026,1,Memphis,Arkansas State,0.43,0.96,0.38,0.09,0.17,0.21
401862693,2026,1,Memphis,UNLV,0.22,0.41,0.06,0.02,-0.06,0.19
401858206,2026,1,Miami,Stanford,0.46,1.1,-0.03,0.01,0.07,-0.08
401858207,2026,1,Miami (OH),Pittsburgh,0.07,0.26,-0.14,0.42,0.72,0.06
401858428,2026,1,Michigan,Western Michigan,0.15,0.13,0.16,-0.04,-0.19,-0.04
401858429,2026,1,Michigan State,Toledo,0.01,0.34,-0.18,0.1,0.16,0.05
401867866,2026,1,Middle Tennessee,Murray State,0.39,0.32,0.52,0.14,0.24,0.06
401858422,2026,1,Minnesota,Eastern Illinois,0.34,0.63,0.1,-0.38,0.36,-0.32
401856662,2026,1,Mississippi State,UL Monroe,0.64,0.62,0.66,-0.08,-0.06,-0.06
401856663,2026,1,Missouri,Arkansas-Pine Bluff,0.35,0.71,0.14,0.02,-0.1,0.21
401856668,2026,1,Missouri State,Texas A&M,-0.43,-0.27,-0.54,0.35,0.38,0.29
401862696,2026,1,Navy,Towson,0.48,-0.37,0.55,0.05,0.39,-0.13
401858202,2026,1,NC State,Virginia,-0.31,-0.23,-0.22,0.27,0.86,0.19
401858430,2026,1,Nebraska,Ohio,0.46,0.37,0.53,0.06,-0.16,0.22
401864432,2026,1,Nevada,Western Kentucky,0.5,0.23,0.57,0.03,0.2,-0.15
401864498,2026,1,New Mexico,Central Michigan,0.22,0.07,0.34,-0.18,-0.11,-0.01
401864570,2026,1,New Mexico State,Florida State,0.11,0.32,-0.07,0.27,0.38,0.33
401870790,2026,1,New Mexico State,Mercyhurst,0.37,0.76,0.19,-0.15,-0.2,-0.17
401856766,2026,1,North Carolina,TCU,-0.01,0.27,-0.35,-0.07,-0.04,-0.03
401864499,2026,1,North Dakota State,Fordham,0.26,0.38,0.14,-0.46,-0.53,-0.4
401864577,2026,1,North Dakota State,Jacksonville State,0.16,0.41,0.11,-0.38,-0.43,-0.31
401858426,2026,1,Northern Illinois,Iowa,-0.42,-0.15,-0.47,0.03,0.04,0.18
401858425,2026,1,North Texas,Indiana,0.05,0.15,0.0,0.65,1.64,0.13
401858431,2026,1,Northwestern,South Dakota State,0.48,0.47,0.52,0.09,0.07,0.1
401858438,2026,1,Notre Dame,Wisconsin,0.35,0.44,0.22,-0.04,0.07,-0.16
401858430,2026,1,Ohio,Nebraska,0.06,-0.16,0.22,0.46,0.37,0.53
401858432,2026,1,Ohio State,Ball State,0.61,0.87,0.46,-0.33,-0.36,-0.27
401856664,2026,1,Oklahoma,UTEP,0.39,0.82,0.16,-0.49,-0.39,-0.31
401856772,2026,1,Oklahoma State,Tulsa,-0.2,0.07,-0.3,0.18,0.44,0.04
401867973,2026,1,Old Dominion,Norfolk State,0.04,0.13,0.04,-0.27,-0.28,-0.27
401856661,2026,1,Ole Miss,Louisville,0.23,0.54,0.06,0.28,0.47,0.11
401858433,2026,1,Oregon,Boise State,0.17,0.18,0.2,0.05,0.16,-0.02
401856778,2026,1,Oregon State,Houston,0.06,0.17,-0.21,0.28,0.41,0.14
401858434,2026,1,Penn State,Marshall,0.42,0.93,0.11,-0.37,0.07,-0.73
401858207,2026,1,Pittsburgh,Miami (OH),0.42,0.72,0.06,0.07,0.26,-0.14
401858435,2026,1,Purdue,Indiana State,0.33,0.63,0.17,0.01,0.09,-0.08
401862697,2026,1,Rice,Houston Christian,0.19,-0.2,0.31,-0.3,-0.51,-0.11
401858423,2026,1,Rutgers,Massachusetts,-0.02,0.19,-0.56,0.33,0.65,0.17
401866408,2026,1,Sacramento State,Eastern Michigan,-0.12,-0.14,-0.05,0.06,0.28,-0.23
401866411,2026,1,Sacramento State,Mississippi Valley State,0.25,0.61,0.13,-0.2,-0.2,-0.3
401870763,2026,1,Sam Houston,Troy,0.07,0.23,-0.33,0.16,0.29,0.02
401860879,2026,1,San Diego State,Portland State,0.13,0.28,0.18,-0.07,0.07,-0.2
401864494,2026,1,San José State,USC,0.21,0.32,0.06,0.34,0.28,0.39
401864495,2026,1,San José State,Eastern Michigan,0.07,0.36,-0.12,-0.17,-0.11,0.0
401858212,2026,1,SMU,Florida State,0.36,0.56,0.13,0.14,0.25,0.07
401868316,2026,1,South Alabama,SE Louisiana,0.09,0.08,0.15,-0.11,0.32,-0.52
401856665,2026,1,South Carolina,Kent State,0.68,0.87,0.5,-0.08,-0.06,-0.07
401868356,2026,1,Southern Miss,Alcorn State,0.35,0.13,0.46,-0.26,0.15,-0.31
401862699,2026,1,South Florida,Florida International,-0.06,0.16,-0.1,-0.12,0.01,-0.37
401858206,2026,1,Stanford,Miami,0.01,0.07,-0.08,0.46,1.1,-0.03
401858201,2026,1,Stanford,Hawai'i,0.31,0.38,0.22,0.05,0.14,-0.08
401858208,2026,1,Syracuse,New Hampshire,0.35,0.41,0.33,-0.39,-0.42,-0.31
401856766,2026,1,TCU,North Carolina,-0.07,-0.04,-0.03,-0.01,0.27,-0.35
401862698,2026,1,Temple,Rhode Island,0.17,0.27,0.15,-0.03,-0.02,-0.02
401856666,2026,1,Tennessee,Furman,0.49,0.72,0.34,-0.21,-0.55,0.12
401856667,2026,1,Texas,Texas State,0.46,0.91,0.14,-0.01,0.14,-0.16
401856668,2026,1,Texas A&M,Missouri State,0.35,0.38,0.29,-0.43,-0.27,-0.54
401856667,2026,1,Texas State,Texas,-0.01,0.14,-0.16,0.46,0.91,0.14
401856770,2026,1,Texas Tech,Abilene Christian,0.28,0.57,0.16,-0.21,-0.27,-0.12
401858429,2026,1,Toledo,Michigan State,0.1,0.16,0.05,0.01,0.34,-0.18
401870763,2026,1,Troy,Sam Houston,0.16,0.29,0.02,0.07,0.23,-0.33
401858209,2026,1,Tulane,Duke,-0.13,-0.11,-0.26,-0.13,-0.3,0.06
401856772,2026,1,Tulsa,Oklahoma State,0.18,0.44,0.04,-0.2,0.07,-0.3
401858424,2026,1,UAB,Illinois,0.14,0.06,0.23,0.46,0.89,0.11
401856767,2026,1,UCF,Bethune-Cookman,0.49,-0.02,0.79,-0.16,-0.17,-0.16
401858210,2026,1,UCLA,California,0.41,0.01,0.75,-0.06,0.07,-0.16
401861962,2026,1,UConn,Lafayette,0.55,0.69,0.47,-0.16,-0.23,-0.05
401856662,2026,1,UL Monroe,Mississippi State,-0.08,-0.06,-0.06,0.64,0.62,0.66
401862693,2026,1,UNLV,Memphis,0.02,-0.06,0.19,0.22,0.41,0.06
401864497,2026,1,UNLV,Hawai'i,0.07,-0.41,0.32,-0.08,-0.07,0.12
401864494,2026,1,USC,San José State,0.34,0.28,0.39,0.21,0.32,0.06
401858436,2026,1,USC,Fresno State,0.23,1.28,-0.53,-0.35,-0.08,-0.28
401856768,2026,1,Utah,Idaho,0.51,0.68,0.45,0.01,-0.14,0.11
401860880,2026,1,Utah State,Idaho State,-0.06,-0.12,-0.03,0.03,0.13,0.0
401856664,2026,1,UTEP,Oklahoma,-0.49,-0.39,-0.31,0.39,0.82,0.16
401862700,2026,1,UTSA,UT Rio Grande Valley,0.48,0.52,0.42,-0.16,-0.23,0.15
401856669,2026,1,Vanderbilt,Austin Peay,0.26,0.34,0.23,-0.03,-0.16,0.21
401858202,2026,1,Virginia,NC State,0.27,0.86,0.19,-0.31,-0.23,-0.22
401858211,2026,1,Virginia Tech,VMI,0.47,0.54,0.47,-0.5,-0.11,-0.51
401858204,2026,1,Wake Forest,Akron,0.48,0.64,0.31,-0.03,0.05,-0.01
401858437,2026,1,Washington,Washington State,0.05,0.2,0.0,-0.17,-0.38,0.0
401858437,2026,1,Washington State,Washington,-0.17,-0.38,0.0,0.05,0.2,0.0
401864432,2026,1,Western Kentucky,Nevada,0.03,0.2,-0.15,0.5,0.23,0.57
401858428,2026,1,Western Michigan,Michigan,-0.04,-0.19,-0.04,0.15,0.13,0.16
401856780,2026,1,West Virginia,Coastal Carolina,0.13,0.64,0.0,0.17,0.45,-0.34
401858438,2026,1,Wisconsin,Notre Dame,-0.04,0.07,-0.16,0.35,0.44,0.22
401860878,2026,1,Wyoming,Colorado State,-0.13,-0.04,0.08,0.3,0.54,0.06
401864502,2026,2,Air Force,North Dakota State,0.22,0.65,0.11,0.11,0.27,0.04
401866412,2026,2,Akron,Robert Morris,0.34,0.39,0.31,-0.26,0.45,-0.9
401856674,2026,2,Alabama,Kentucky,0.13,0.13,0.24,-0.34,-0.19,-0.52
401864571,2026,2,App State,East Carolina,0.17,0.49,-0.03,0.28,0.22,0.33
401856810,2026,2,Arizona,BYU,0.11,0.13,0.08,0.46,0.39,0.41
401856683,2026,2,Arizona State,Texas A&M,-0.33,-0.28,-0.37,0.0,0.35,-0.17
401856670,2026,2,Arkansas,Utah,-0.04,-0.11,0.02,0.28,0.3,0.31
401868241,2026,2,Arkansas State,West Georgia,0.45,0.41,0.5,-0.1,0.29,-0.48
401862702,2026,2,Army,South Florida,0.13,0.8,-0.01,0.35,0.41,0.32
401856671,2026,2,Auburn,Southern Miss,0.29,0.25,0.49,-0.23,-0.1,-0.16
401866413,2026,2,Ball State,Stony Brook,0.26,0.43,0.34,-0.04,-0.27,0.3
401856784,2026,2,Baylor,Prairie View A&M,0.26,0.15,0.41,-0.33,-0.22,-0.56
401860881,2026,2,Boise State,Memphis,0.46,0.25,0.51,0.01,0.48,-0.08
401858214,2026,2,Boston College,Rutgers,-0.02,0.26,0.0,-0.08,0.4,-0.11
401858441,2026,2,Bowling Green,Nebraska,0.04,-0.04,0.06,0.59,0.67,0.59
401866414,2026,2,Buffalo,Florida International,-0.03,0.08,-0.22,0.11,0.41,-0.15
401856810,2026,2,BYU,Arizona,0.46,0.39,0.41,0.11,0.13,0.08
401858216,2026,2,California,Syracuse,-0.11,-0.07,-0.17,-0.14,-0.06,-0.05
401866415,2026,2,Central Michigan,Colgate,-0.08,-0.6,0.17,-0.11,-0.04,-0.28
401856676,2026,2,Charlotte,Ole Miss,-0.02,0.02,-0.05,0.34,0.46,0.5
401856786,2026,2,Cincinnati,Western Carolina,0.57,0.51,0.63,0.0,0.04,0.09
401858219,2026,2,Clemson,Georgia Southern,-0.11,0.09,-0.11,-0.1,-0.09,-0.13
401868008,2026,2,Coastal Carolina,Fordham,0.24,0.11,0.34,-0.2,0.13,-0.05
401856785,2026,2,Colorado,Weber State,0.47,0.58,0.36,-0.16,0.0,-0.28
401860882,2026,2,Colorado State,Southern Utah,0.49,0.45,0.63,-0.01,0.21,0.03
401856684,2026,2,Delaware,Vanderbilt,-0.18,-0.14,-0.02,-0.08,0.17,-0.1
401858217,2026,2,Duke,Illinois,0.4,0.76,0.17,0.06,0.25,-0.11
401864571,2026,2,East Carolina,App State,0.28,0.22,0.33,0.17,0.49,-0.03
401858440,2026,2,Eastern Michigan,Michigan State,0.04,-0.18,0.25,0.3,0.23,0.36
401856672,2026,2,Florida,Campbell,0.39,0.58,0.35,-0.43,-0.21,-0.29
401862703,2026,2,Florida Atlantic,Navy,0.2,0.59,-0.06,0.1,-0.17,0.28
401866414,2026,2,Florida International,Buffalo,0.11,0.41,-0.15,-0.03,0.08,-0.22
401860883,2026,2,Fresno State,Sacramento State,0.39,0.78,0.16,-0.19,-0.42,0.04
401856673,2026,2,Georgia,Western Kentucky,0.56,0.81,0.29,-0.18,-0.26,-0.09
401858219,2026,2,Georgia Southern,Clemson,-0.1,-0.09,-0.13,-0.11,0.09,-0.11
401869955,2026,2,Georgia State,Kennesaw State,0.26,0.63,0.11,0.02,0.15,0.03
401856681,2026,2,Georgia Tech,Tennessee,-0.07,-0.27,0.26,0.24,0.34,0.37
401864578,2026,2,Hawai'i,New Mexico State,0.13,0.35,-0.23,-0.01,-0.09,0.09
401856787,2026,2,Houston,Southern,0.77,1.18,0.62,-0.31,-0.24,-0.38
401858217,2026,2,Illinois,Duke,0.06,0.25,-0.11,0.4,0.76,0.17
401858439,2026,2,Indiana,Howard,0.53,0.91,0.35,-0.42,-0.56,-0.2
401856788,2026,2,Iowa,Iowa State,-0.04,0.19,-0.17,0.08,0.47,-0.12
401856788,2026,2,Iowa State,Iowa,0.08,0.47,-0.12,-0.04,0.19,-0.17
401866418,2026,2,Jacksonville State,Ohio,0.27,0.81,-0.04,0.1,0.07,0.12
401867929,2026,2,James Madison,Wagner,0.64,0.58,0.73,-0.52,-0.16,-0.29
401856678,2026,2,Kansas,Missouri,-0.13,-0.09,-0.26,0.13,0.73,-0.06
401856781,2026,2,Kansas State,Washington State,0.13,-0.09,0.35,-0.28,-0.27,-0.28
401869955,2026,2,Kennesaw State,Georgia State,0.02,0.15,0.03,0.26,0.63,0.11
401866416,2026,2,Kent State,Wofford,0.13,0.28,0.19,-0.42,-0.44,-0.05
401856674,2026,2,Kentucky,Alabama,-0.34,-0.19,-0.52,0.13,0.13,0.24
401868187,2026,2,Liberty,Gardner-Webb,-0.21,-0.01,-0.25,-0.14,-0.15,0.0
401858445,2026,2,Louisiana,USC,0.31,0.76,0.25,0.34,0.68,0.18
401867796,2026,2,Louisiana Tech,LSU,-0.61,-0.53,-0.69,0.02,0.03,-0.04
401858215,2026,2,Louisville,Villanova,0.63,1.02,0.36,-0.01,0.13,-0.21
401867796,2026,2,LSU,Louisiana Tech,0.02,0.03,-0.04,-0.61,-0.53,-0.69
401871045,2026,2,Marshall,Middle Tennessee,0.1,0.4,-0.09,0.17,0.2,0.04
401858444,2026,2,Maryland,UConn,0.24,0.44,0.05,-0.09,0.04,-0.21
401866420,2026,2,Massachusetts,Sacred Heart,0.44,0.56,0.38,-0.15,-0.04,-0.08
401860881,2026,2,Memphis,Boise State,0.01,0.48,-0.08,0.46,0.25,0.51
401858213,2026,2,Miami,Florida A&M,0.63,1.25,0.25,-0.21,-0.22,-0.19
401866417,2026,2,Miami (OH),Holy Cross,0.49,1.35,0.18,-0.23,0.0,-0.17
401856679,2026,2,Michigan,Oklahoma,0.03,-0.02,0.06,-0.14,-0.16,-0.1
401858440,2026,2,Michigan State,Eastern Michigan,0.3,0.23,0.36,0.04,-0.18,0.25
401871045,2026,2,Middle Tennessee,Marshall,0.17,0.2,0.04,0.1,0.4,-0.09
401856677,2026,2,Minnesota,Mississippi State,-0.12,-0.02,-0.19,0.44,0.61,0.37
401856677,2026,2,Mississippi State,Minnesota,0.44,0.61,0.37,-0.12,-0.02,-0.19
401856678,2026,2,Missouri,Kansas,0.13,0.73,-0.06,-0.13,-0.09,-0.26
401871046,2026,2,Missouri State,Lindenwood,0.32,0.65,0.22,-0.06,0.13,-0.12
401862703,2026,2,Navy,Florida Atlantic,0.1,-0.17,0.28,0.2,0.59,-0.06
401858222,2026,2,NC State,Richmond,0.76,0.77,0.75,-0.38,-0.24,-0.67
401858441,2026,2,Nebraska,Bowling Green,0.59,0.67,0.59,0.04,-0.04,0.06
401864500,2026,2,Nevada,Montana State,-0.18,-0.19,0.0,0.14,0.38,0.04
401865252,2026,2,New Mexico,Mercyhurst,0.25,0.13,0.3,-0.4,-0.4,-0.26
401864578,2026,2,New Mexico State,Hawai'i,-0.01,-0.09,0.09,0.13,0.35,-0.23
401858218,2026,2,North Carolina,East Tennessee State,0.5,0.52,0.42,-0.17,-0.11,-0.16
401864502,2026,2,North Dakota State,Air Force,0.11,0.27,0.04,0.22,0.65,0.11
401864503,2026,2,Northern Illinois,Illinois State,-0.08,0.01,-0.01,-0.03,0.05,0.04
401862705,2026,2,North Texas,UNLV,0.35,0.52,0.19,-0.24,0.2,-0.48
401859184,2026,2,Notre Dame,Rice,0.43,0.7,0.14,-0.32,0.19,-0.61
401866418,2026,2,Ohio,Jacksonville State,0.1,0.07,0.12,0.27,0.81,-0.04
401856682,2026,2,Ohio State,Texas,0.12,0.41,-0.16,0.06,0.12,0.0
401856679,2026,2,Oklahoma,Michigan,-0.14,-0.16,-0.1,0.03,-0.02,0.06
401856782,2026,2,Oklahoma State,Oregon,-0.04,-0.26,0.21,-0.08,-0.09,-0.14
401858221,2026,2,Old Dominion,Virginia Tech,0.03,0.16,-0.08,0.21,0.39,0.01
401856676,2026,2,Ole Miss,Charlotte,0.34,0.46,0.5,-0.02,0.02,-0.05
401856782,2026,2,Oregon,Oklahoma State,-0.08,-0.09,-0.14,-0.04,-0.26,0.21
401856783,2026,2,Oregon State,Texas Tech,0.17,0.25,-0.1,0.2,0.35,0.11
401858442,2026,2,Penn State,Temple,0.21,0.49,-0.05,0.09,-0.4,0.39
401856790,2026,2,Pittsburgh,UCF,-0.04,0.25,-0.23,-0.25,-0.09,-0.4
401858224,2026,2,Purdue,Wake Forest,0.29,0.41,0.12,0.36,0.5,0.2
401859184,2026,2,Rice,Notre Dame,-0.32,0.19,-0.61,0.43,0.7,0.14
401858214,2026,2,Rutgers,Boston College,-0.08,0.4,-0.11,-0.02,0.26,0.0
401860883,2026,2,Sacramento State,Fresno State,-0.19,-0.42,0.04,0.39,0.78,0.16
401862707,2026,2,Sam Houston,Tulsa,0.07,0.24,-0.1,0.01,-0.41,0.45
401858443,2026,2,San Diego State,UCLA,-0.23,-0.6,-0.03,0.1,-0.16,0.26
401864504,2026,2,San José State,Cal Poly,0.22,0.42,0.06,0.03,0.12,0.14
401858223,2026,2,SMU,UC Davis,0.58,1.13,-0.25,-0.32,-0.25,-0.41
401864575,2026,2,South Alabama,Tulane,0.26,0.46,0.13,0.36,0.49,0.29
401856680,2026,2,South Carolina,Towson,0.17,-0.34,0.66,-0.1,0.26,-0.33
401856671,2026,2,Southern Miss,Auburn,-0.23,-0.1,-0.16,0.29,0.25,0.49
401862702,2026,2,South Florida,Army,0.35,0.41,0.32,0.13,0.8,-0.01
401858216,2026,2,Syracuse,California,-0.14,-0.06,-0.05,-0.11,-0.07,-0.17
401856789,2026,2,TCU,Grambling,0.62,0.64,0.51,-0.24,-0.02,-0.39
401858442,2026,2,Temple,Penn State,0.09,-0.4,0.39,0.21,0.49,-0.05
401856681,2026,2,Tennessee,Georgia Tech,0.24,0.34,0.37,-0.07,-0.27,0.26
401856682,2026,2,Texas,Ohio State,0.06,0.12,0.0,0.12,0.41,-0.16
401856683,2026,2,Texas A&M,Arizona State,0.0,0.35,-0.17,-0.33,-0.28,-0.37
401860884,2026,2,Texas State,UTSA,0.14,0.29,0.19,0.23,0.26,0.19
401856783,2026,2,Texas Tech,Oregon State,0.2,0.35,0.11,0.17,0.25,-0.1
401866419,2026,2,Toledo,Central Connecticut,0.32,0.36,0.29,-0.32,-0.15,-0.11
401868326,2026,2,Troy,Alabama State,0.21,0.19,0.25,-0.23,-0.34,-0.14
401864575,2026,2,Tulane,South Alabama,0.36,0.49,0.29,0.26,0.46,0.13
401862707,2026,2,Tulsa,Sam Houston,0.01,-0.41,0.45,0.07,0.24,-0.1
401862708,2026,2,UAB,UL Monroe,0.11,-0.27,0.27,-0.18,-0.46,0.06
401856790,2026,2,UCF,Pittsburgh,-0.25,-0.09,-0.4,-0.04,0.25,-0.23
401858443,2026,2,UCLA,San Diego State,0.1,-0.16,0.26,-0.23,-0.6,-0.03
401858444,2026,2,UConn,Maryland,-0.09,0.04,-0.21,0.24,0.44,0.05
401862708,2026,2,UL Monroe,UAB,-0.18,-0.46,0.06,0.11,-0.27,0.27
401862705,2026,2,UNLV,North Texas,-0.24,0.2,-0.48,0.35,0.52,0.19
401858445,2026,2,USC,Louisiana,0.34,0.68,0.18,0.31,0.76,0.25
401856670,2026,2,Utah,Arkansas,0.28,0.3,0.31,-0.04,-0.11,0.02
401858446,2026,2,Utah State,Washington,-0.22,-0.02,-0.33,0.03,0.07,-0.03
401864505,2026,2,UTEP,Texas Southern,0.24,0.79,-0.07,-0.01,0.16,0.01
401860884,2026,2,UTSA,Texas State,0.23,0.26,0.19,0.14,0.29,0.19
401856684,2026,2,Vanderbilt,Delaware,-0.08,0.17,-0.1,-0.18,-0.14,-0.02
401858220,2026,2,Virginia,Norfolk State,0.41,0.83,0.28,-0.41,-0.39,-0.33
401858221,2026,2,Virginia Tech,Old Dominion,0.21,0.39,0.01,0.03,0.16,-0.08
401858224,2026,2,Wake Forest,Purdue,0.36,0.5,0.2,0.29,0.41,0.12
401858446,2026,2,Washington,Utah State,0.03,0.07,-0.03,-0.22,-0.02,-0.33
401856781,2026,2,Washington State,Kansas State,-0.28,-0.27,-0.28,0.13,-0.09,0.35
401856673,2026,2,Western Kentucky,Georgia,-0.18,-0.26,-0.09,0.56,0.81,0.29
401866421,2026,2,Western Michigan,Monmouth,0.45,0.7,0.27,-0.11,0.01,-0.3
401856791,2026,2,West Virginia,UT Martin,0.45,1.46,0.22,-0.22,0.0,-0.23
401858447,2026,2,Wisconsin,Western Illinois,0.25,0.15,0.36,-0.06,0.05,0.04
401864506,2026,2,Wyoming,Northern Colorado,0.11,0.32,-0.03,-0.19,0.13,-0.17
401858451,2026,3,Akron,Minnesota,-0.12,-0.1,-0.12,0.22,0.17,0.24
401856685,2026,3,Alabama,Florida State,0.46,0.59,0.33,0.17,0.23,0.16
401864574,2026,3,App State,Charlotte,0.07,0.43,-0.3,-0.18,0.0,-0.26
401856793,2026,3,Arizona,Northern Illinois,0.42,0.45,0.31,0.04,0.18,0.06
401856812,2026,3,Arizona State,Kansas,-0.2,-0.18,-0.06,0.14,0.05,0.1
401856686,2026,3,Arkansas,Georgia,0.07,0.19,-0.23,0.38,0.46,0.39
401856799,2026,3,Arkansas State,TCU,-0.19,-0.49,0.1,0.21,0.77,-0.18
401856687,2026,3,Auburn,Florida,0.17,0.27,0.22,0.31,0.58,0.21
401866422,2026,3,Ball State,Liberty,0.18,0.01,0.35,0.5,0.78,0.34
401867804,2026,3,Baylor,Louisiana Tech,0.21,0.31,0.18,0.01,0.05,-0.01
401860885,2026,3,Boise State,South Dakota,0.3,0.39,0.24,0.02,0.23,-0.23
401858227,2026,3,Boston College,Maine,-0.06,0.12,-0.15,-0.04,0.24,-0.16
401856798,2026,3,Bowling Green,Iowa State,-0.16,-0.28,-0.07,0.32,0.26,0.44
401858456,2026,3,Buffalo,Penn State,-0.12,-0.18,-0.01,0.4,0.64,0.27
401856795,2026,3,BYU,Colorado State,0.32,0.15,0.44,-0.02,-0.08,0.06
401858233,2026,3,California,Wagner,0.46,0.7,0.11,-0.15,-0.24,-0.05
401864508,2026,3,Central Michigan,Wyoming,0.29,-0.05,0.34,0.12,-0.15,0.21
401864574,2026,3,Charlotte,App State,-0.18,0.0,-0.26,0.07,0.43,-0.3
401856797,2026,3,Cincinnati,Miami (OH),0.23,0.35,0.08,0.22,0.75,0.09
401858229,2026,3,Clemson,North Carolina,0.19,0.25,0.36,-0.08,-0.27,0.27
401869940,2026,3,Coastal Carolina,Delaware,0.29,0.29,0.24,0.16,0.39,-0.04
401856796,2026,3,Colorado,Northwestern,-0.14,-0.24,-0.07,0.21,0.78,-0.02
401856795,2026,3,Colorado State,BYU,-0.02,-0.08,0.06,0.32,0.15,0.44
401869940,2026,3,Delaware,Coastal Carolina,0.16,0.39,-0.04,0.29,0.29,0.24
401858231,2026,3,Duke,Stanford,0.4,0.57,0.31,-0.13,-0.21,-0.05
401862710,2026,3,East Carolina,Old Dominion,-0.28,-0.32,-0.24,-0.25,-0.57,-0.07
401858460,2026,3,Eastern Michigan,Wisconsin,-0.3,-0.17,0.0,0.41,0.74,0.17
401856687,2026,3,Florida,Auburn,0.31,0.58,0.21,0.17,0.27,0.22
401862771,2026,3,Florida Atlantic,Florida International,0.06,0.1,-0.04,-0.03,0.06,-0.05
401862771,2026,3,Florida International,Florida Atlantic,-0.03,0.06,-0.05,0.06,0.1,-0.04
401856685,2026,3,Florida State,Alabama,0.17,0.23,0.16,0.46,0.59,0.33
401860888,2026,3,Fresno State,San José State,0.04,0.3,-0.13,-0.17,-0.1,-0.05
401856686,2026,3,Georgia,Arkansas,0.38,0.46,0.39,0.07,0.19,-0.23
401869948,2026,3,Georgia Southern,Jacksonville State,0.04,0.01,0.24,0.37,0.45,0.3
401856800,2026,3,Georgia State,UCF,0.05,0.11,0.15,0.23,-0.25,0.44
401858228,2026,3,Georgia Tech,Mercer,0.33,0.71,0.13,0.04,-0.14,0.06
401856811,2026,3,Houston,Texas Tech,0.28,0.35,0.23,0.26,0.6,0.25
401858448,2026,3,Illinois,Southern Illinois,0.45,0.57,0.51,-0.24,-0.22,-0.28
401858449,2026,3,Indiana,Western Kentucky,0.32,0.51,0.23,-0.38,-0.34,-0.42
401858471,2026,3,Iowa,Northern Iowa,0.67,0.37,0.86,-0.37,-0.46,-0.25
401856798,2026,3,Iowa State,Bowling Green,0.32,0.26,0.44,-0.16,-0.28,-0.07
401869948,2026,3,Jacksonville State,Georgia Southern,0.37,0.45,0.3,0.04,0.01,0.24
401860887,2026,3,James Madison,San Diego State,0.17,0.42,0.02,-0.08,-0.25,0.06
401856812,2026,3,Kansas,Arizona State,0.14,0.05,0.1,-0.2,-0.18,-0.06
401856792,2026,3,Kansas State,Tulane,0.36,0.49,0.28,0.06,-0.14,0.31
401856692,2026,3,Kennesaw State,Tennessee,0.06,0.16,0.04,0.38,0.29,0.43
401858454,2026,3,Kent State,Ohio State,-0.45,-0.38,-0.51,0.29,0.53,0.11
401856694,2026,3,Kentucky,Texas A&M,0.45,0.83,0.19,-0.05,-0.12,0.16
401866422,2026,3,Liberty,Ball State,0.5,0.78,0.34,0.18,0.01,0.35
401862776,2026,3,Louisiana,UAB,0.06,-0.05,0.11,-0.26,-0.12,-0.23
401867804,2026,3,Louisiana Tech,Baylor,0.01,0.05,-0.01,0.21,0.31,0.18
401858230,2026,3,Louisville,SMU,0.41,0.59,0.32,0.0,0.34,0.03
401856688,2026,3,LSU,Ole Miss,0.23,0.4,0.15,0.31,0.31,0.31
401871047,2026,3,Marshall,Missouri State,0.34,0.54,0.23,0.39,0.64,0.17
401858232,2026,3,Maryland,Virginia Tech,0.31,0.39,0.04,0.39,0.62,0.14
401866424,2026,3,Massachusetts,Stonehill,0.14,0.09,0.29,-0.27,0.2,-0.61
401862772,2026,3,Memphis,UT Martin,0.32,0.52,0.2,0.13,0.18,0.1
401858226,2026,3,Miami,Wake Forest,0.25,0.46,0.08,0.05,0.09,-0.02
401856797,2026,3,Miami (OH),Cincinnati,0.22,0.75,0.09,0.23,0.35,0.08
401858450,2026,3,Michigan,UTEP,0.33,0.72,0.16,-0.24,-0.33,-0.19
401858453,2026,3,Michigan State,Notre Dame,-0.1,-0.18,0.0,0.18,0.47,0.03
401864443,2026,3,Middle Tennessee,Nevada,0.15,0.28,0.15,-0.03,0.17,-0.17
401858451,2026,3,Minnesota,Akron,0.22,0.17,0.24,-0.12,-0.1,-0.12
401856691,2026,3,Mississippi State,South Carolina,0.27,0.7,0.07,0.12,0.13,0.11
401856689,2026,3,Missouri,Troy,0.18,0.18,0.08,-0.09,0.1,-0.08
401871047,2026,3,Missouri State,Marshall,0.39,0.64,0.17,0.34,0.54,0.23
401856695,2026,3,NC State,Vanderbilt,0.03,0.28,-0.17,0.4,0.46,0.6
401858452,2026,3,Nebraska,North Dakota,0.38,0.51,0.31,-0.03,-0.35,-0.02
401864443,2026,3,Nevada,Middle Tennessee,-0.03,0.17,-0.17,0.15,0.28,0.15
401856690,2026,3,New Mexico,Oklahoma,-0.23,-0.43,-0.08,-0.08,0.46,-0.2
401858229,2026,3,North Carolina,Clemson,-0.08,-0.27,0.27,0.19,0.25,0.36
401864507,2026,3,North Dakota State,Sacramento State,0.09,0.45,-0.16,-0.14,0.27,-0.65
401856793,2026,3,Northern Illinois,Arizona,0.04,0.18,0.06,0.42,0.45,0.31
401860889,2026,3,North Texas,Texas State,0.23,0.36,0.0,0.53,1.13,0.32
401856796,2026,3,Northwestern,Colorado,0.21,0.78,-0.02,-0.14,-0.24,-0.07
401858453,2026,3,Notre Dame,Michigan State,0.18,0.47,0.03,-0.1,-0.18,0.0
401866423,2026,3,Ohio,South Alabama,0.39,0.28,0.48,0.39,0.68,0.29
401858454,2026,3,Ohio State,Kent State,0.29,0.53,0.11,-0.45,-0.38,-0.51
401856690,2026,3,Oklahoma,New Mexico,-0.08,0.46,-0.2,-0.23,-0.43,-0.08
401856803,2026,3,Oklahoma State,Murray State,0.59,1.23,0.19,-0.2,-0.14,-0.26
401862710,2026,3,Old Dominion,East Carolina,-0.25,-0.57,-0.07,-0.28,-0.32,-0.24
401856688,2026,3,Ole Miss,LSU,0.31,0.31,0.31,0.23,0.4,0.15
401858455,2026,3,Oregon,Portland State,0.61,0.7,0.54,-0.57,-0.16,-0.52
401860886,2026,3,Oregon State,Montana,0.51,0.83,0.12,0.06,0.1,0.01
401858456,2026,3,Penn State,Buffalo,0.4,0.64,0.27,-0.12,-0.18,-0.01
401858225,2026,3,Pittsburgh,Syracuse,0.14,-0.31,0.45,-0.08,-0.21,0.11
401858458,2026,3,Purdue,UCLA,0.39,0.74,0.02,0.52,0.42,0.61
401862773,2026,3,Rice,Western Michigan,0.09,0.08,0.11,0.13,-0.09,0.26
401858457,2026,3,Rutgers,USC,0.18,0.19,0.21,0.36,0.42,0.26
401864507,2026,3,Sacramento State,North Dakota State,-0.14,0.27,-0.65,0.09,0.45,-0.16
401870764,2026,3,Sam Houston,Nicholls,0.5,0.85,0.3,-0.33,-0.43,-0.13
401860887,2026,3,San Diego State,James Madison,-0.08,-0.25,0.06,0.17,0.42,0.02
401860888,2026,3,San José State,Fresno State,-0.17,-0.1,-0.05,0.04,0.3,-0.13
401858230,2026,3,SMU,Louisville,0.0,0.34,0.03,0.41,0.59,0.32
401866423,2026,3,South Alabama,Ohio,0.39,0.68,0.29,0.39,0.28,0.48
401856691,2026,3,South Carolina,Mississippi State,0.12,0.13,0.11,0.27,0.7,0.07
401861963,2026,3,Southern Miss,UConn,-0.17,-0.32,0.12,0.24,0.44,0.23
401862777,2026,3,South Florida,Delaware State,0.68,0.54,0.87,0.15,0.62,-0.25
401858231,2026,3,Stanford,Duke,-0.13,-0.21,-0.05,0.4,0.57,0.31
401858225,2026,3,Syracuse,Pittsburgh,-0.08,-0.21,0.11,0.14,-0.31,0.45
401856799,2026,3,TCU,Arkansas State,0.21,0.77,-0.18,-0.19,-0.49,0.1
401862774,2026,3,Temple,Toledo,0.33,0.56,0.23,0.38,0.44,0.3
401856692,2026,3,Tennessee,Kennesaw State,0.38,0.29,0.43,0.06,0.16,0.04
401856693,2026,3,Texas,UTSA,0.04,-0.03,0.1,-0.17,-0.28,-0.05
401856694,2026,3,Texas A&M,Kentucky,-0.05,-0.12,0.16,0.45,0.83,0.19
401860889,2026,3,Texas State,North Texas,0.53,1.13,0.32,0.23,0.36,0.0
401856811,2026,3,Texas Tech,Houston,0.26,0.6,0.25,0.28,0.35,0.23
401862774,2026,3,Toledo,Temple,0.38,0.44,0.3,0.33,0.56,0.23
401856689,2026,3,Troy,Missouri,-0.09,0.1,-0.08,0.18,0.18,0.08
401856792,2026,3,Tulane,Kansas State,0.06,-0.14,0.31,0.36,0.49,0.28
401862775,2026,3,Tulsa,East Texas A&M,0.32,0.25,0.37,-0.19,-0.29,-0.12
401862776,2026,3,UAB,Louisiana,-0.26,-0.12,-0.23,0.06,-0.05,0.11
401856800,2026,3,UCF,Georgia State,0.23,-0.25,0.44,0.05,0.11,0.15
401858458,2026,3,UCLA,Purdue,0.52,0.42,0.61,0.39,0.74,0.02
401861963,2026,3,UConn,Southern Miss,0.24,0.44,0.23,-0.17,-0.32,0.12
401868317,2026,3,UL Monroe,SE Louisiana,-0.08,-0.25,0.38,0.08,0.35,-0.03
401858457,2026,3,USC,Rutgers,0.36,0.42,0.26,0.18,0.19,0.21
401856801,2026,3,Utah,Utah State,0.19,0.3,0.07,-0.17,-0.06,-0.36
401856801,2026,3,Utah State,Utah,-0.17,-0.06,-0.36,0.19,0.3,0.07
401858450,2026,3,UTEP,Michigan,-0.24,-0.33,-0.19,0.33,0.72,0.16
401856693,2026,3,UTSA,Texas,-0.17,-0.28,-0.05,0.04,-0.03,0.1
401856695,2026,3,Vanderbilt,NC State,0.4,0.46,0.6,0.03,0.28,-0.17
401856802,2026,3,Virginia,West Virginia,0.15,0.11,0.22,0.3,0.69,0.17
401858232,2026,3,Virginia Tech,Maryland,0.39,0.62,0.14,0.31,0.39,0.04
401858226,2026,3,Wake Forest,Miami,0.05,0.09,-0.02,0.25,0.46,0.08
401858459,2026,3,Washington,Eastern Washington,0.48,0.68,0.17,-0.24,-0.12,-0.27
401860890,2026,3,Washington State,Duquesne,0.33,0.66,0.32,-0.37,-0.19,-0.07
401858449,2026,3,Western Kentucky,Indiana,-0.38,-0.34,-0.42,0.32,0.51,0.23
401862773,2026,3,Western Michigan,Rice,0.13,-0.09,0.26,0.09,0.08,0.11
401856802,2026,3,West Virginia,Virginia,0.3,0.69,0.17,0.15,0.11,0.22
401858460,2026,3,Wisconsin,Eastern Michigan,0.41,0.74,0.17,-0.3,-0.17,0.0
401864508,2026,3,Wyoming,Central Michigan,0.12,-0.15,0.21,0.29,-0.05,0.34
401864509,2026,4,Air Force,Nevada,0.26,0.27,0.32,0.14,-0.09,0.41
401864512,2026,4,Akron,UNLV,-0.17,-0.27,0.11,0.42,0.7,0.18
401856696,2026,4,Alabama,South Carolina,0.51,0.92,0.09,-0.06,-0.06,-0.09
401864572,2026,4,App State,NC State,0.09,0.3,-0.11,0.27,0.22,0.27
401856804,2026,4,Arizona,Washington State,0.17,0.28,0.06,-0.08,-0.05,-0.14
401856697,2026,4,Arkansas,Tulsa,0.08,0.28,0.03,-0.06,-0.01,-0.14
401869931,2026,4,Arkansas State,Kennesaw State,0.24,0.43,0.05,0.06,0.01,0.12
401862779,2026,4,Army,Temple,0.25,0.19,0.31,0.35,0.42,0.31
401856698,2026,4,Auburn,Vanderbilt,0.02,0.0,0.04,-0.15,-0.09,0.08
401866425,2026,4,Ball State,Kent State,0.06,0.26,-0.26,0.19,0.56,-0.02
401856813,2026,4,Baylor,Colorado,-0.07,0.07,-0.1,-0.15,0.01,-0.42
401860897,2026,4,Boise State,Western Michigan,0.35,0.61,0.18,-0.16,-0.42,0.14
401858242,2026,4,Boston College,Virginia Tech,-0.01,-0.15,0.1,-0.08,-0.13,-0.03
401862785,2026,4,Bowling Green,South Florida,-0.21,-0.12,-0.32,-0.12,-0.65,0.08
401866426,2026,4,Buffalo,Robert Morris,-0.03,-0.07,0.04,0.0,-0.06,0.15
401858234,2026,4,California,Clemson,-0.32,-0.33,0.02,0.06,-0.08,0.23
401858238,2026,4,Central Michigan,Miami,-0.1,0.08,-0.3,0.41,0.64,0.13
401862780,2026,4,Charlotte,Louisiana,-0.62,-0.09,-1.39,-0.04,0.08,-0.11
401856814,2026,4,Cincinnati,Kansas State,0.37,0.47,0.35,0.21,0.2,0.23
401858234,2026,4,Clemson,California,0.06,-0.08,0.23,-0.32,-0.33,0.02
401869941,2026,4,Coastal Carolina,Liberty,-0.07,0.07,0.0,0.25,0.76,0.04
401856813,2026,4,Colorado,Baylor,-0.15,0.01,-0.42,-0.07,0.07,-0.1
401860896,2026,4,Colorado State,UTSA,0.3,0.37,0.36,0.41,0.58,0.33
401858239,2026,4,Delaware,Virginia,-0.22,-0.29,0.01,0.31,0.61,-0.11
401858244,2026,4,Duke,William & Mary,0.56,0.71,0.43,-0.08,0.27,-0.39
401862781,2026,4,East Carolina,North Carolina Central,0.32,0.65,-0.06,-0.3,-0.3,-0.11
401866427,2026,4,Eastern Michigan,Lindenwood,0.29,0.37,0.19,-0.16,-0.18,-0.17
401856699,2026,4,Florida,Ole Miss,0.36,0.31,0.38,0.13,0.49,-0.13
401862782,2026,4,Florida Atlantic,UL Monroe,0.31,0.33,0.29,0.17,0.41,-0.13
401867909,2026,4,Florida International,Long Island University,0.09,0.01,0.18,0.01,-0.21,0.11
401858237,2026,4,Florida State,Central Arkansas,0.46,0.72,0.38,-0.02,-0.19,0.07
401860891,2026,4,Fresno State,Rice,0.24,0.26,0.29,0.18,-0.31,0.39
401856700,2026,4,Georgia,Oklahoma,-0.02,0.18,-0.1,-0.3,0.3,-0.91
401856806,2026,4,Georgia Southern,Houston,0.27,0.54,-0.17,0.48,1.03,0.2
401864511,2026,4,Georgia State,Northern Illinois,0.23,0.58,-0.03,-0.06,-0.06,-0.04
401858240,2026,4,Georgia Tech,Stanford,0.23,0.25,0.27,0.28,0.76,-0.16
401864510,2026,4,Hawai'i,Wyoming,0.07,0.03,0.17,0.48,0.49,0.33
401856806,2026,4,Houston,Georgia Southern,0.48,1.03,0.2,0.27,0.54,-0.17
401858465,2026,4,Illinois,Ohio State,0.26,-0.03,0.57,0.52,0.77,0.26
401858461,2026,4,Indiana,Northwestern,0.27,0.25,0.27,0.25,0.44,0.09
401858463,2026,4,Iowa,Michigan,0.03,0.25,-0.29,0.12,0.71,-0.21
401856816,2026,4,Iowa State,Utah,-0.11,-0.02,-0.19,0.31,0.37,0.26
401871048,2026,4,Jacksonville State,Middle Tennessee,0.18,-0.02,0.37,0.12,0.19,-0.03
401869961,2026,4,James Madison,Old Dominion,0.14,0.19,0.1,-0.17,-0.18,-0.33
401856814,2026,4,Kansas State,Cincinnati,0.21,0.2,0.23,0.37,0.47,0.35
401869931,2026,4,Kennesaw State,Arkansas State,0.06,0.01,0.12,0.24,0.43,0.05
401866425,2026,4,Kent State,Ball State,0.19,0.56,-0.02,0.06,0.26,-0.26
401864576,2026,4,Kentucky,South Alabama,0.34,-0.18,0.67,-0.02,-0.11,0.09
401869941,2026,4,Liberty,Coastal Carolina,0.25,0.76,0.04,-0.07,0.07,0.0
401862780,2026,4,Louisiana,Charlotte,-0.04,0.08,-0.11,-0.62,-0.09,-1.39
401858243,2026,4,Louisville,Wake Forest,0.1,0.07,0.0,0.21,0.59,0.0
401856702,2026,4,LSU,Texas A&M,0.32,0.69,0.19,-0.22,-0.51,-0.01
401868188,2026,4,Marshall,Gardner-Webb,0.16,0.44,-0.05,0.35,0.58,0.09
401858462,2026,4,Maryland,UCLA,-0.56,-0.79,-0.24,0.07,0.11,0.06
401866429,2026,4,Massachusetts,Sacramento State,0.26,0.25,0.27,-0.12,-0.14,-0.06
401858238,2026,4,Miami,Central Michigan,0.41,0.64,0.13,-0.1,0.08,-0.3
401861970,2026,4,Miami (OH),UConn,0.18,0.58,-0.18,0.11,0.21,0.21
401858463,2026,4,Michigan,Iowa,0.12,0.71,-0.21,0.03,0.25,-0.29
401858464,2026,4,Michigan State,Nebraska,-0.15,0.1,-0.28,0.24,0.44,-0.01
401871048,2026,4,Middle Tennessee,Jacksonville State,0.12,0.19,-0.03,0.18,-0.02,0.37
401858470,2026,4,Minnesota,Washington,0.05,0.49,-0.2,0.07,0.14,0.11
401856703,2026,4,Mississippi State,Missouri,0.17,0.28,0.15,0.12,0.19,-0.01
401856703,2026,4,Missouri,Mississippi State,0.12,0.19,-0.01,0.17,0.28,0.15
401858241,2026,4,Missouri State,SMU,-0.12,-0.13,-0.08,0.19,0.43,-0.09
401862778,2026,4,Navy,UAB,0.0,-0.28,0.09,0.18,0.23,0.1
401864572,2026,4,NC State,App State,0.27,0.22,0.27,0.09,0.3,-0.11
401858464,2026,4,Nebraska,Michigan State,0.24,0.44,-0.01,-0.15,0.1,-0.28
401864509,2026,4,Nevada,Air Force,0.14,-0.09,0.41,0.26,0.27,0.32
401864579,2026,4,New Mexico,New Mexico State,0.36,0.25,0.4,0.03,0.28,-0.12
401864579,2026,4,New Mexico State,New Mexico,0.03,0.28,-0.12,0.36,0.25,0.4
401864511,2026,4,Northern Illinois,Georgia State,-0.06,-0.06,-0.04,0.23,0.58,-0.03
401862783,2026,4,North Texas,Houston Christian,0.68,0.94,0.51,-0.31,-0.41,-0.24
401858461,2026,4,Northwestern,Indiana,0.25,0.44,0.09,0.27,0.25,0.27
401858467,2026,4,Notre Dame,Purdue,0.39,0.62,0.21,-0.06,-0.07,-0.04
401866428,2026,4,Ohio,Stonehill,0.35,0.27,0.38,-0.23,0.09,-0.64
401858465,2026,4,Ohio State,Illinois,0.52,0.77,0.26,0.26,-0.03,0.57
401856700,2026,4,Oklahoma,Georgia,-0.3,0.3,-0.91,-0.02,0.18,-0.1
401856881,2026,4,Oklahoma State,West Virginia,0.41,0.89,0.13,-0.05,-0.72,0.23
401869961,2026,4,Old Dominion,James Madison,-0.17,-0.18,-0.33,0.14,0.19,0.1
401856699,2026,4,Ole Miss,Florida,0.13,0.49,-0.13,0.36,0.31,0.38
401858469,2026,4,Oregon,USC,0.44,0.79,0.08,0.27,0.35,0.16
401860895,2026,4,Oregon State,UTEP,0.31,0.38,0.25,-0.21,-0.17,-0.21
401858466,2026,4,Penn State,Wisconsin,-0.17,-0.4,0.05,-0.03,-0.19,0.37
401858236,2026,4,Pittsburgh,Bucknell,0.58,0.87,0.08,-0.2,-0.06,-0.47
401858467,2026,4,Purdue,Notre Dame,-0.06,-0.07,-0.04,0.39,0.62,0.21
401860891,2026,4,Rice,Fresno State,0.18,-0.31,0.39,0.24,0.26,0.29
401858468,2026,4,Rutgers,Howard,0.43,0.71,0.26,-0.15,-0.18,0.0
401866429,2026,4,Sacramento State,Massachusetts,-0.12,-0.14,-0.06,0.26,0.25,0.27
401856805,2026,4,Sam Houston,Texas Tech,-0.29,-0.39,0.03,0.36,0.34,0.48
401860893,2026,4,San Diego State,Toledo,-0.17,0.05,-0.51,0.2,0.87,-0.15
401858241,2026,4,SMU,Missouri State,0.19,0.43,-0.09,-0.12,-0.13,-0.08
401864576,2026,4,South Alabama,Kentucky,-0.02,-0.11,0.09,0.34,-0.18,0.67
401856696,2026,4,South Carolina,Alabama,-0.06,-0.06,-0.09,0.51,0.92,0.09
401862784,2026,4,Southern Miss,Tulane,0.24,0.47,-0.02,0.13,-0.02,0.21
401862785,2026,4,South Florida,Bowling Green,-0.12,-0.65,0.08,-0.21,-0.12,-0.32
401858240,2026,4,Stanford,Georgia Tech,0.28,0.76,-0.16,0.23,0.25,0.27
401856815,2026,4,TCU,UCF,-0.07,0.04,-0.25,-0.05,0.6,-0.47
401862779,2026,4,Temple,Army,0.35,0.42,0.31,0.25,0.19,0.31
401856704,2026,4,Tennessee,Texas,-0.17,-0.38,0.07,-0.14,0.11,-0.08
401856704,2026,4,Texas,Tennessee,-0.14,0.11,-0.08,-0.17,-0.38,0.07
401856702,2026,4,Texas A&M,LSU,-0.22,-0.51,-0.01,0.32,0.69,0.19
401860892,2026,4,Texas State,Incarnate Word,0.6,1.32,0.2,-0.23,0.1,-0.39
401856805,2026,4,Texas Tech,Sam Houston,0.36,0.34,0.48,-0.29,-0.39,0.03
401860893,2026,4,Toledo,San Diego State,0.2,0.87,-0.15,-0.17,0.05,-0.51
401860894,2026,4,Troy,Utah State,-0.15,-0.24,-0.02,0.15,0.11,0.17
401862784,2026,4,Tulane,Southern Miss,0.13,-0.02,0.21,0.24,0.47,-0.02
401856697,2026,4,Tulsa,Arkansas,-0.06,-0.01,-0.14,0.08,0.28,0.03
401862778,2026,4,UAB,Navy,0.18,0.23,0.1,0.0,-0.28,0.09
401856815,2026,4,UCF,TCU,-0.05,0.6,-0.47,-0.07,0.04,-0.25
401858462,2026,4,UCLA,Maryland,0.07,0.11,0.06,-0.56,-0.79,-0.24
401861970,2026,4,UConn,Miami (OH),0.11,0.21,0.21,0.18,0.58,-0.18
401862782,2026,4,UL Monroe,Florida Atlantic,0.17,0.41,-0.13,0.31,0.33,0.29
401864512,2026,4,UNLV,Akron,0.42,0.7,0.18,-0.17,-0.27,0.11
401858469,2026,4,USC,Oregon,0.27,0.35,0.16,0.44,0.79,0.08
401856816,2026,4,Utah,Iowa State,0.31,0.37,0.26,-0.11,-0.02,-0.19
401860894,2026,4,Utah State,Troy,0.15,0.11,0.17,-0.15,-0.24,-0.02
401860895,2026,4,UTEP,Oregon State,-0.21,-0.17,-0.21,0.31,0.38,0.25
401860896,2026,4,UTSA,Colorado State,0.41,0.58,0.33,0.3,0.37,0.36
401856698,2026,4,Vanderbilt,Auburn,-0.15,-0.09,0.08,0.02,0.0,0.04
401858239,2026,4,Virginia,Delaware,0.31,0.61,-0.11,-0.22,-0.29,0.01
401858242,2026,4,Virginia Tech,Boston College,-0.08,-0.13,-0.03,-0.01,-0.15,0.1
401858243,2026,4,Wake Forest,Louisville,0.21,0.59,0.0,0.1,0.07,0.0
401858470,2026,4,Washington,Minnesota,0.07,0.14,0.11,0.05,0.49,-0.2
401856804,2026,4,Washington State,Arizona,-0.08,-0.05,-0.14,0.17,0.28,0.06
401870745,2026,4,Western Kentucky,Mercyhurst,0.53,0.93,0.2,-0.11,-0.23,0.19
401860897,2026,4,Western Michigan,Boise State,-0.16,-0.42,0.14,0.35,0.61,0.18
401856881,2026,4,West Virginia,Oklahoma State,-0.05,-0.72,0.23,0.41,0.89,0.13
401858466,2026,4,Wisconsin,Penn State,-0.03,-0.19,0.37,-0.17,-0.4,0.05
401864510,2026,4,Wyoming,Hawai'i,0.48,0.49,0.33,0.07,0.03,0.17
401862791,2026,5,Air Force,Navy,-0.15,-0.54,-0.05,-0.01,0.31,-0.23
401866430,2026,5,Akron,Central Michigan,0.18,0.01,0.43,0.45,0.35,0.49
401856707,2026,5,Alabama,Mississippi State,0.45,0.73,0.25,-0.16,0.11,-0.5
401856820,2026,5,Arizona,Cincinnati,0.23,0.44,0.12,-0.08,-0.04,-0.03
401856817,2026,5,Arizona State,Baylor,-0.07,0.08,-0.13,0.41,0.52,0.36
401856711,2026,5,Arkansas,Texas A&M,-0.21,-0.2,-0.22,0.19,0.25,0.21
401869932,2026,5,Arkansas State,Louisiana,0.17,0.23,0.07,0.3,0.47,0.22
401869842,2026,5,Army,Louisiana Tech,0.23,-0.05,0.41,0.34,0.46,0.35
401856710,2026,5,Auburn,Tennessee,-0.12,-0.33,0.16,0.09,-0.38,0.27
401866431,2026,5,Ball State,Toledo,0.05,0.45,-0.13,0.19,0.09,0.29
401856817,2026,5,Baylor,Arizona State,0.41,0.52,0.36,-0.07,0.08,-0.13
401860898,2026,5,Boise State,Utah State,0.33,0.87,0.05,-0.07,-0.34,0.36
401858246,2026,5,Boston College,SMU,0.13,0.1,0.18,0.08,0.1,0.02
401866477,2026,5,Bowling Green,Miami (OH),0.15,0.31,-0.06,0.01,0.06,0.1
401866432,2026,5,Buffalo,Western Michigan,0.08,0.23,0.03,0.12,0.27,0.06
401856818,2026,5,BYU,TCU,-0.05,-0.34,0.18,-0.09,0.04,-0.24
401858247,2026,5,California,UNLV,-0.05,-0.01,-0.2,0.16,0.21,0.18
401866430,2026,5,Central Michigan,Akron,0.45,0.35,0.49,0.18,0.01,0.43
401862787,2026,5,Charlotte,Memphis,-0.04,-0.09,0.19,0.33,0.77,0.25
401856820,2026,5,Cincinnati,Arizona,-0.08,-0.04,-0.03,0.23,0.44,0.12
401858249,2026,5,Clemson,Miami,-0.08,0.01,-0.12,0.33,0.32,0.25
401869942,2026,5,Coastal Carolina,Georgia Southern,0.06,0.06,0.06,0.25,0.38,0.13
401856821,2026,5,Colorado,Texas Tech,-0.26,0.01,-0.5,-0.15,-0.12,-0.15
401860899,2026,5,Colorado State,Oregon State,0.09,0.0,0.19,0.48,0.88,0.19
401871050,2026,5,Delaware,Liberty,-0.16,-0.07,-0.21,0.13,-0.23,0.34
401866433,2026,5,Eastern Michigan,Massachusetts,0.34,0.57,0.26,0.06,0.27,-0.17
401856708,2026,5,Florida,Missouri,0.02,0.32,-0.52,0.4,0.75,0.21
401862790,2026,5,Florida Atlantic,Texas Southern,0.39,0.4,0.42,0.09,0.17,0.07
401858253,2026,5,Florida State,Virginia,0.33,0.23,0.5,-0.29,-0.3,-0.28
401860921,2026,5,Fresno State,Washington State,0.08,0.36,-0.2,-0.43,-0.41,-0.31
401856705,2026,5,Georgia,Vanderbilt,0.47,0.71,0.18,0.16,0.29,0.0
401869942,2026,5,Georgia Southern,Coastal Carolina,0.25,0.38,0.13,0.06,0.06,0.06
401869956,2026,5,Georgia State,Old Dominion,0.18,1.03,-0.12,-0.32,-0.27,-0.38
401864513,2026,5,Hawai'i,San José State,0.01,0.17,-0.16,0.16,0.44,-0.1
401856819,2026,5,Houston,UCF,0.01,0.01,0.0,0.07,-0.01,0.13
401858472,2026,5,Illinois,Purdue,0.09,0.19,0.1,0.3,0.55,0.02
401858477,2026,5,Indiana,Rutgers,0.53,0.62,0.43,-0.03,0.26,-0.25
401858473,2026,5,Iowa,Ohio State,-0.09,0.17,-0.27,0.2,0.68,-0.05
401856822,2026,5,Iowa State,West Virginia,0.34,0.47,0.26,0.37,0.37,0.36
401869962,2026,5,James Madison,Marshall,0.47,0.64,0.31,0.26,0.24,0.2
401856807,2026,5,Kansas,Middle Tennessee,0.54,0.2,0.7,-0.47,-0.37,-0.62
401866434,2026,5,Kent State,Ohio,-0.07,0.12,0.0,-0.1,0.0,-0.14
401856709,2026,5,Kentucky,South Carolina,0.19,0.26,0.09,0.09,0.29,-0.03
401871050,2026,5,Liberty,Delaware,0.13,-0.23,0.34,-0.16,-0.07,-0.21
401869932,2026,5,Louisiana,Arkansas State,0.3,0.47,0.22,0.17,0.23,0.07
401869842,2026,5,Louisiana Tech,Army,0.34,0.46,0.35,0.23,-0.05,0.41
401858248,2026,5,Louisville,NC State,0.23,0.36,0.04,0.26,0.68,-0.15
401856706,2026,5,LSU,McNeese,0.42,0.47,0.38,-0.14,-0.23,-0.04
401869962,2026,5,Marshall,James Madison,0.26,0.24,0.2,0.47,0.64,0.31
401858475,2026,5,Maryland,Nebraska,-0.18,-0.45,0.33,0.2,0.02,0.44
401866433,2026,5,Massachusetts,Eastern Michigan,0.06,0.27,-0.17,0.34,0.57,0.26
401862787,2026,5,Memphis,Charlotte,0.33,0.77,0.25,-0.04,-0.09,0.19
401858249,2026,5,Miami,Clemson,0.33,0.32,0.25,-0.08,0.01,-0.12
401866477,2026,5,Miami (OH),Bowling Green,0.01,0.06,0.1,0.15,0.31,-0.06
401858474,2026,5,Michigan,Minnesota,-0.26,-0.69,0.11,-0.21,-0.3,-0.15
401858479,2026,5,Michigan State,Wisconsin,-0.33,-0.57,-0.13,0.26,0.43,0.23
401856807,2026,5,Middle Tennessee,Kansas,-0.47,-0.37,-0.62,0.54,0.2,0.7
401858474,2026,5,Minnesota,Michigan,-0.21,-0.3,-0.15,-0.26,-0.69,0.11
401856707,2026,5,Mississippi State,Alabama,-0.16,0.11,-0.5,0.45,0.73,0.25
401856708,2026,5,Missouri,Florida,0.4,0.75,0.21,0.02,0.32,-0.52
401862791,2026,5,Navy,Air Force,-0.01,0.31,-0.23,-0.15,-0.54,-0.05
401858248,2026,5,NC State,Louisville,0.26,0.68,-0.15,0.23,0.36,0.04
401858475,2026,5,Nebraska,Maryland,0.2,0.02,0.44,-0.18,-0.45,0.33
401864514,2026,5,New Mexico,UTEP,0.3,0.6,0.22,-0.32,-0.86,0.08
401871049,2026,5,New Mexico State,Western Kentucky,-0.05,-0.33,0.23,-0.21,-0.22,-0.07
401858250,2026,5,North Carolina,Notre Dame,0.17,0.35,0.02,0.27,0.39,0.23
401864515,2026,5,North Dakota State,Wyoming,0.21,0.27,0.18,-0.3,-0.87,-0.04
401862786,2026,5,North Texas,Tulsa,0.15,0.52,-0.11,0.17,0.14,0.33
401858476,2026,5,Northwestern,Penn State,0.25,-0.3,0.4,0.01,0.28,-0.11
401858250,2026,5,Notre Dame,North Carolina,0.27,0.39,0.23,0.17,0.35,0.02
401866434,2026,5,Ohio,Kent State,-0.1,0.0,-0.14,-0.07,0.12,0.0
401858473,2026,5,Ohio State,Iowa,0.2,0.68,-0.05,-0.09,0.17,-0.27
401869956,2026,5,Old Dominion,Georgia State,-0.32,-0.27,-0.38,0.18,1.03,-0.12
401860899,2026,5,Oregon State,Colorado State,0.48,0.88,0.19,0.09,0.0,0.19
401858476,2026,5,Penn State,Northwestern,0.01,0.28,-0.11,0.25,-0.3,0.4
401858245,2026,5,Pittsburgh,Virginia Tech,0.08,0.23,-0.01,0.12,0.68,-0.34
401858472,2026,5,Purdue,Illinois,0.3,0.55,0.02,0.09,0.19,0.1
401862788,2026,5,Rice,UTSA,-0.13,0.02,-0.21,0.04,-0.11,0.07
401858477,2026,5,Rutgers,Indiana,-0.03,0.26,-0.25,0.53,0.62,0.43
401860900,2026,5,San Diego State,Texas State,-0.13,-0.03,-0.12,0.06,0.08,0.03
401864513,2026,5,San José State,Hawai'i,0.16,0.44,-0.1,0.01,0.17,-0.16
401858246,2026,5,SMU,Boston College,0.08,0.1,0.02,0.13,0.1,0.18
401871089,2026,5,South Alabama,UL Monroe,0.39,1.17,0.1,0.22,0.58,-0.16
401856709,2026,5,South Carolina,Kentucky,0.09,0.29,-0.03,0.19,0.26,0.09
401862792,2026,5,South Florida,Temple,0.01,0.05,-0.08,0.06,0.21,0.0
401858251,2026,5,Stanford,Wake Forest,-0.15,-0.17,-0.11,0.56,0.45,0.65
401858252,2026,5,Syracuse,UConn,0.2,0.47,0.12,0.12,0.14,0.09
401856818,2026,5,TCU,BYU,-0.09,0.04,-0.24,-0.05,-0.34,0.18
401862792,2026,5,Temple,South Florida,0.06,0.21,0.0,0.01,0.05,-0.08
401856710,2026,5,Tennessee,Auburn,0.09,-0.38,0.27,-0.12,-0.33,0.16
401856711,2026,5,Texas A&M,Arkansas,0.19,0.25,0.21,-0.21,-0.2,-0.22
401860900,2026,5,Texas State,San Diego State,0.06,0.08,0.03,-0.13,-0.03,-0.12
401856821,2026,5,Texas Tech,Colorado,-0.15,-0.12,-0.15,-0.26,0.01,-0.5
401866431,2026,5,Toledo,Ball State,0.19,0.09,0.29,0.05,0.45,-0.13
401862786,2026,5,Tulsa,North Texas,0.17,0.14,0.33,0.15,0.52,-0.11
401862793,2026,5,UAB,Samford,0.25,0.22,0.26,-0.14,-0.11,0.07
401856819,2026,5,UCF,Houston,0.07,-0.01,0.13,0.01,0.01,0.0
401858252,2026,5,UConn,Syracuse,0.12,0.14,0.09,0.2,0.47,0.12
401871089,2026,5,UL Monroe,South Alabama,0.22,0.58,-0.16,0.39,1.17,0.1
401858247,2026,5,UNLV,California,0.16,0.21,0.18,-0.05,-0.01,-0.2
401858478,2026,5,USC,Washington,0.18,0.35,0.07,0.02,0.11,-0.07
401860898,2026,5,Utah State,Boise State,-0.07,-0.34,0.36,0.33,0.87,0.05
401864514,2026,5,UTEP,New Mexico,-0.32,-0.86,0.08,0.3,0.6,0.22
401862788,2026,5,UTSA,Rice,0.04,-0.11,0.07,-0.13,0.02,-0.21
401856705,2026,5,Vanderbilt,Georgia,0.16,0.29,0.0,0.47,0.71,0.18
401858253,2026,5,Virginia,Florida State,-0.29,-0.3,-0.28,0.33,0.23,0.5
401858245,2026,5,Virginia Tech,Pittsburgh,0.12,0.68,-0.34,0.08,0.23,-0.01
401858251,2026,5,Wake Forest,Stanford,0.56,0.45,0.65,-0.15,-0.17,-0.11
401858478,2026,5,Washington,USC,0.02,0.11,-0.07,0.18,0.35,0.07
401860921,2026,5,Washington State,Fresno State,-0.43,-0.41,-0.31,0.08,0.36,-0.2
401871049,2026,5,Western Kentucky,New Mexico State,-0.21,-0.22,-0.07,-0.05,-0.33,0.23
401866432,2026,5,Western Michigan,Buffalo,0.12,0.27,0.06,0.08,0.23,0.03
401856822,2026,5,West Virginia,Iowa State,0.37,0.37,0.36,0.34,0.47,0.26
401858479,2026,5,Wisconsin,Michigan State,0.26,0.43,0.23,-0.33,-0.57,-0.13
401864515,2026,5,Wyoming,North Dakota State,-0.3,-0.87,-0.04,0.21,0.27,0.18
