year,team,conference,rating,ranking,secondOrderWins,sos,offense,defense,specialTeams,season
2026,Ohio State,Big Ten,29.7,1.0,,,"{'ranking': 5, 'rating': 40.1, 'success': None, 'explosiveness': None, 'rushing': None, 'passing': None, 'standardDowns': None, 'passingDowns': None, 'runRate': None, 'pace': None}","{'ranking': 1, 'rating': 10.5, 'success': None, 'explosiveness': None, 'rushing': None, 'passing': None, 'standardDowns': None, 'passingDowns': None, 'havoc': {'total': None, 'frontSeven': None, 'db': None}}",{'rating': 0},2026
2026,Georgia,SEC,28.2,2.0,,,"{'ranking': 2, 'rating': 40.7, 'success': None, 'explosiveness': None, 'rushing': None, 'passing': None, 'standardDowns': None, 'passingDowns': None, 'runRate': None, 'pace': None}","{'ranking': 3, 'rating': 13, 'success': None, 'explosiveness': None, 'rushing': None, 'passing': None, 'standardDowns': None, 'passingDowns': None, 'havoc': {'total': None, 'frontSeven': None, 'db': None}}",{'rating': 0.5},2026
2026,Notre Dame,FBS Independents,26.7,3.0,,,"{'ranking': 4, 'rating': 40.2, 'success': None, 'explosiveness': None, 'rushing': None, 'passing': None, 'standardDowns': None, 'passingDowns': None, 'runRate': None, 'pace': None}","{'ranking': 6, 'rating': 13.7, 'success': None, 'explosiveness': None, 'rushing': None, 'passing': None, 'standardDowns': None, 'passingDowns': None, 'havoc': {'total': None, 'frontSeven': None, 'db': None}}",{'rating': 0.2},2026
2026,Indiana,Big Ten,25.8,4.0,,,"{'ranking': 7, 'rating': 38.4, 'success': None, 'explosiveness': None, 'rushing': None, 'passing': None, 'standardDowns': None, 'passingDowns': None, 'runRate': None, 'pace': None}","{'ranking': 3, 'rating': 13, 'success': None, 'explosiveness': None, 'rushing': None, 'passing': None, 'standardDowns': None, 'passingDowns': None, 'havoc': {'total': None, 'frontSeven': None, 'db': None}}",{'rating': 0.4},2026
2026,Oregon,Big Ten,24.4,5.0,,,"{'ranking': 6, 'rating': 39.7, 'success': None, 'explosiveness': None, 'rushing': None, 'passing': None, 'standardDowns': None, 'passingDowns': None, 'runRate': None, 'pace': None}","{'ranking': 12, 'rating': 15.5, 'success': None, 'explosiveness': None, 'rushing': None, 'passing': None, 'standardDowns': None, 'passingDowns': None, 'havoc': {'total': None, 'frontSeven': None, 'db': None}}",{'rating': 0.3},2026
2026,Texas,SEC,24.1,6.0,,,"{'ranking': 8, 'rating': 37.9, 'success': None, 'explosiveness': None, 'rushing': None, 'passing': None, 'standardDowns': None, 'passingDowns': None, 'runRate': None, 'pace': None}","{'ranking': 8, 'rating': 14.2, 'success': None, 'explosiveness': None, 'rushing': None, 'passing': None, 'standardDowns': None, 'passingDowns': None, 'havoc': {'total': None, 'frontSeven': None, 'db': None}}",{'rating': 0.4},2026
2026,Miami,ACC,23.2,7.0,,,"{'ranking': 9, 'rating': 36.8, 'success': None, 'explosiveness': None, 'rushing': None, 'passing': None, 'standardDowns': None, 'passingDowns': None, 'runRate': None, 'pace': None}","{'ranking': 7, 'rating': 13.9, 'success': None, 'explosiveness': None, 'rushing': None, 'passing': None, 'standardDowns': None, 'passingDowns': None, 'havoc': {'total': None, 'frontSeven': None, 'db': None}}",{'rating': 0.3},2026
2026,USC,Big Ten,21.6,8.0,,,"{'ranking': 1, 'rating': 42.3, 'success': None, 'explosiveness': None, 'rushing': None, 'passing': None, 'standardDowns': None, 'passingDowns': None, 'runRate': None, 'pace': None}","{'ranking': 34, 'rating': 20.7, 'success': None, 'explosiveness': None, 'rushing': None, 'passing': None, 'standardDowns': None, 'passingDowns': None, 'havoc': {'total': None, 'frontSeven': None, 'db': None}}",{'rating': -0.1},2026
2026,LSU,SEC,20.3,9.0,,,"{'ranking': 25, 'rating': 33.3, 'success': None, 'explosiveness': None, 'rushing': None, 'passing': None, 'standardDowns': None, 'passingDowns': None, 'runRate': None, 'pace': None}","{'ranking': 5, 'rating': 13.2, 'success': None, 'explosiveness': None, 'rushing': None, 'passing': None, 'standardDowns': None, 'passingDowns': None, 'havoc': {'total': None, 'frontSeven': None, 'db': None}}",{'rating': 0.2},2026
2026,Tennessee,SEC,20.2,10.0,,,"{'ranking': 3, 'rating': 40.6, 'success': None, 'explosiveness': None, 'rushing': None, 'passing': None, 'standardDowns': None, 'passingDowns': None, 'runRate': None, 'pace': None}","{'ranking': 34, 'rating': 20.7, 'success': None, 'explosiveness': None, 'rushing': None, 'passing': None, 'standardDowns': None, 'passingDowns': None, 'havoc': {'total': None, 'frontSeven': None, 'db': None}}",{'rating': 0.3},2026
2026,Alabama,SEC,19.5,11.0,,,"{'ranking': 18, 'rating': 34.5, 'success': None, 'explosiveness': None, 'rushing': None, 'passing': None, 'standardDowns': None, 'passingDowns': None, 'runRate': None, 'pace': None}","{'ranking': 10, 'rating': 14.7, 'success': None, 'explosiveness': None, 'rushing': None, 'passing': None, 'standardDowns': None, 'passingDowns': None, 'havoc': {'total': None, 'frontSeven': None, 'db': None}}",{'rating': -0.3},2026
2026,Penn State,Big Ten,19.1,12.0,,,"{'ranking': 14, 'rating': 35.2, 'success': None, 'explosiveness': None, 'rushing': None, 'passing': None, 'standardDowns': None, 'passingDowns': None, 'runRate': None, 'pace': None}","{'ranking': 14, 'rating': 16.6, 'success': None, 'explosiveness': None, 'rushing': None, 'passing': None, 'standardDowns': None, 'passingDowns': None, 'havoc': {'total': None, 'frontSeven': None, 'db': None}}",{'rating': 0.5},2026
2026,Texas Tech,Big 12,18.5,13.0,,,"{'ranking': 12, 'rating': 35.6, 'success': None, 'explosiveness': None, 'rushing': None, 'passing': None, 'standardDowns': None, 'passingDowns': None, 'runRate': None, 'pace': None}","{'ranking': 16, 'rating': 17.4, 'success': None, 'explosiveness': None, 'rushing': None, 'passing': None, 'standardDowns': None, 'passingDowns': None, 'havoc': {'total': None, 'frontSeven': None, 'db': None}}",{'rating': 0.2},2026
2026,Texas A&M,SEC,18.3,14.0,,,"{'ranking': 10, 'rating': 36.4, 'success': None, 'explosiveness': None, 'rushing': None, 'passing': None, 'standardDowns': None, 'passingDowns': None, 'runRate': None, 'pace': None}","{'ranking': 19, 'rating': 17.9, 'success': None, 'explosiveness': None, 'rushing': None, 'passing': None, 'standardDowns': None, 'passingDowns': None, 'havoc': {'total': None, 'frontSeven': None, 'db': None}}",{'rating': -0.2},2026
2026,Florida,SEC,17.8,15.0,,,"{'ranking': 20, 'rating': 34.2, 'success': None, 'explosiveness': None, 'rushing': None, 'passing': None, 'standardDowns': None, 'passingDowns': None, 'runRate': None, 'pace': None}","{'ranking': 15, 'rating': 16.9, 'success': None, 'explosiveness': None, 'rushing': None, 'passing': None, 'standardDowns': None, 'passingDowns': None, 'havoc': {'total': None, 'frontSeven': None, 'db': None}}",{'rating': 0.5},2026
2026,Oklahoma,SEC,17.6,16.0,,,"{'ranking': 47, 'rating': 30.1, 'success': None, 'explosiveness': None, 'rushing': None, 'passing': None, 'standardDowns': None, 'passingDowns': None, 'runRate': None, 'pace': None}","{'ranking': 2, 'rating': 12.8, 'success': None, 'explosiveness': None, 'rushing': None, 'passing': None, 'standardDowns': None, 'passingDowns': None, 'havoc': {'total': None, 'frontSeven': None, 'db': None}}",{'rating': 0.4},2026
2026,BYU,Big 12,17.5,17.0,,,"{'ranking': 16, 'rating': 35, 'success': None, 'explosiveness': None, 'rushing': None, 'passing': None, 'standardDowns': None, 'passingDowns': None, 'runRate': None, 'pace': None}","{'ranking': 17, 'rating': 17.7, 'success': None, 'explosiveness': None, 'rushing': None, 'passing': None, 'standardDowns': None, 'passingDowns': None, 'havoc': {'total': None, 'frontSeven': None, 'db': None}}",{'rating': 0.3},2026
2026,Iowa,Big Ten,17.3,18.0,,,"{'ranking': 37, 'rating': 31.4, 'success': None, 'explosiveness': None, 'rushing': None, 'passing': None, 'standardDowns': None, 'passingDowns': None, 'runRate': None, 'pace': None}","{'ranking': 9, 'rating': 14.6, 'success': None, 'explosiveness': None, 'rushing': None, 'passing': None, 'standardDowns': None, 'passingDowns': None, 'havoc': {'total': None, 'frontSeven': None, 'db': None}}",{'rating': 0.5},2026
2026,Utah,Big 12,17.0,19.0,,,"{'ranking': 14, 'rating': 35.2, 'success': None, 'explosiveness': None, 'rushing': None, 'passing': None, 'standardDowns': None, 'passingDowns': None, 'runRate': None, 'pace': None}","{'ranking': 21, 'rating': 18.2, 'success': None, 'explosiveness': None, 'rushing': None, 'passing': None, 'standardDowns': None, 'passingDowns': None, 'havoc': {'total': None, 'frontSeven': None, 'db': None}}",{'rating': 0.1},2026
2026,Ole Miss,SEC,15.6,20.0,,,"{'ranking': 11, 'rating': 36.3, 'success': None, 'explosiveness': None, 'rushing': None, 'passing': None, 'standardDowns': None, 'passingDowns': None, 'runRate': None, 'pace': None}","{'ranking': 39, 'rating': 21.3, 'success': None, 'explosiveness': None, 'rushing': None, 'passing': None, 'standardDowns': None, 'passingDowns': None, 'havoc': {'total': None, 'frontSeven': None, 'db': None}}",{'rating': 0.6},2026
2026,Michigan,Big Ten,15.1,21.0,,,"{'ranking': 41, 'rating': 30.9, 'success': None, 'explosiveness': None, 'rushing': None, 'passing': None, 'standardDowns': None, 'passingDowns': None, 'runRate': None, 'pace': None}","{'ranking': 11, 'rating': 15.4, 'success': None, 'explosiveness': None, 'rushing': None, 'passing': None, 'standardDowns': None, 'passingDowns': None, 'havoc': {'total': None, 'frontSeven': None, 'db': None}}",{'rating': -0.3},2026
2026,Missouri,SEC,15.0,22.0,,,"{'ranking': 32, 'rating': 31.7, 'success': None, 'explosiveness': None, 'rushing': None, 'passing': None, 'standardDowns': None, 'passingDowns': None, 'runRate': None, 'pace': None}","{'ranking': 13, 'rating': 16.3, 'success': None, 'explosiveness': None, 'rushing': None, 'passing': None, 'standardDowns': None, 'passingDowns': None, 'havoc': {'total': None, 'frontSeven': None, 'db': None}}",{'rating': -0.4},2026
2026,Nebraska,Big Ten,14.5,23.0,,,"{'ranking': 24, 'rating': 33.5, 'success': None, 'explosiveness': None, 'rushing': None, 'passing': None, 'standardDowns': None, 'passingDowns': None, 'runRate': None, 'pace': None}","{'ranking': 24, 'rating': 19, 'success': None, 'explosiveness': None, 'rushing': None, 'passing': None, 'standardDowns': None, 'passingDowns': None, 'havoc': {'total': None, 'frontSeven': None, 'db': None}}",{'rating': 0},2026
2026,Kansas State,Big 12,14.4,24.0,,,"{'ranking': 17, 'rating': 34.7, 'success': None, 'explosiveness': None, 'rushing': None, 'passing': None, 'standardDowns': None, 'passingDowns': None, 'runRate': None, 'pace': None}","{'ranking': 33, 'rating': 20.6, 'success': None, 'explosiveness': None, 'rushing': None, 'passing': None, 'standardDowns': None, 'passingDowns': None, 'havoc': {'total': None, 'frontSeven': None, 'db': None}}",{'rating': 0.3},2026
2026,Louisville,ACC,13.3,25.0,,,"{'ranking': 18, 'rating': 34.5, 'success': None, 'explosiveness': None, 'rushing': None, 'passing': None, 'standardDowns': None, 'passingDowns': None, 'runRate': None, 'pace': None}","{'ranking': 40, 'rating': 21.4, 'success': None, 'explosiveness': None, 'rushing': None, 'passing': None, 'standardDowns': None, 'passingDowns': None, 'havoc': {'total': None, 'frontSeven': None, 'db': None}}",{'rating': 0.2},2026
2026,South Carolina,SEC,13.0,26.0,,,"{'ranking': 32, 'rating': 31.7, 'success': None, 'explosiveness': None, 'rushing': None, 'passing': None, 'standardDowns': None, 'passingDowns': None, 'runRate': None, 'pace': None}","{'ranking': 25, 'rating': 19.3, 'success': None, 'explosiveness': None, 'rushing': None, 'passing': None, 'standardDowns': None, 'passingDowns': None, 'havoc': {'total': None, 'frontSeven': None, 'db': None}}",{'rating': 0.5},2026
2026,Washington,Big Ten,12.8,27.0,,,"{'ranking': 43, 'rating': 30.7, 'success': None, 'explosiveness': None, 'rushing': None, 'passing': None, 'standardDowns': None, 'passingDowns': None, 'runRate': None, 'pace': None}","{'ranking': 17, 'rating': 17.7, 'success': None, 'explosiveness': None, 'rushing': None, 'passing': None, 'standardDowns': None, 'passingDowns': None, 'havoc': {'total': None, 'frontSeven': None, 'db': None}}",{'rating': -0.3},2026
2026,Virginia Tech,ACC,12.4,28.0,,,"{'ranking': 22, 'rating': 33.8, 'success': None, 'explosiveness': None, 'rushing': None, 'passing': None, 'standardDowns': None, 'passingDowns': None, 'runRate': None, 'pace': None}","{'ranking': 38, 'rating': 21.2, 'success': None, 'explosiveness': None, 'rushing': None, 'passing': None, 'standardDowns': None, 'passingDowns': None, 'havoc': {'total': None, 'frontSeven': None, 'db': None}}",{'rating': -0.2},2026
2026,SMU,ACC,12.0,29.0,,,"{'ranking': 21, 'rating': 33.9, 'success': None, 'explosiveness': None, 'rushing': None, 'passing': None, 'standardDowns': None, 'passingDowns': None, 'runRate': None, 'pace': None}","{'ranking': 41, 'rating': 21.5, 'success': None, 'explosiveness': None, 'rushing': None, 'passing': None, 'standardDowns': None, 'passingDowns': None, 'havoc': {'total': None, 'frontSeven': None, 'db': None}}",{'rating': -0.4},2026
2026,Mississippi State,SEC,12.0,29.0,,,"{'ranking': 13, 'rating': 35.4, 'success': None, 'explosiveness': None, 'rushing': None, 'passing': None, 'standardDowns': None, 'passingDowns': None, 'runRate': None, 'pace': None}","{'ranking': 56, 'rating': 23.9, 'success': None, 'explosiveness': None, 'rushing': None, 'passing': None, 'standardDowns': None, 'passingDowns': None, 'havoc': {'total': None, 'frontSeven': None, 'db': None}}",{'rating': 0.5},2026
2026,Auburn,SEC,11.6,31.0,,,"{'ranking': 51, 'rating': 29.3, 'success': None, 'explosiveness': None, 'rushing': None, 'passing': None, 'standardDowns': None, 'passingDowns': None, 'runRate': None, 'pace': None}","{'ranking': 20, 'rating': 18, 'success': None, 'explosiveness': None, 'rushing': None, 'passing': None, 'standardDowns': None, 'passingDowns': None, 'havoc': {'total': None, 'frontSeven': None, 'db': None}}",{'rating': 0.3},2026
2026,TCU,Big 12,11.2,32.0,,,"{'ranking': 37, 'rating': 31.4, 'success': None, 'explosiveness': None, 'rushing': None, 'passing': None, 'standardDowns': None, 'passingDowns': None, 'runRate': None, 'pace': None}","{'ranking': 30, 'rating': 20.1, 'success': None, 'explosiveness': None, 'rushing': None, 'passing': None, 'standardDowns': None, 'passingDowns': None, 'havoc': {'total': None, 'frontSeven': None, 'db': None}}",{'rating': -0.2},2026
2026,Illinois,Big Ten,11.1,33.0,,,"{'ranking': 23, 'rating': 33.7, 'success': None, 'explosiveness': None, 'rushing': None, 'passing': None, 'standardDowns': None, 'passingDowns': None, 'runRate': None, 'pace': None}","{'ranking': 52, 'rating': 23, 'success': None, 'explosiveness': None, 'rushing': None, 'passing': None, 'standardDowns': None, 'passingDowns': None, 'havoc': {'total': None, 'frontSeven': None, 'db': None}}",{'rating': 0.4},2026
2026,Houston,Big 12,10.8,34.0,,,"{'ranking': 25, 'rating': 33.3, 'success': None, 'explosiveness': None, 'rushing': None, 'passing': None, 'standardDowns': None, 'passingDowns': None, 'runRate': None, 'pace': None}","{'ranking': 47, 'rating': 22.3, 'success': None, 'explosiveness': None, 'rushing': None, 'passing': None, 'standardDowns': None, 'passingDowns': None, 'havoc': {'total': None, 'frontSeven': None, 'db': None}}",{'rating': -0.3},2026
2026,North Dakota State,Mountain West,10.6,35.0,,,"{'ranking': 49, 'rating': 30, 'success': None, 'explosiveness': None, 'rushing': None, 'passing': None, 'standardDowns': None, 'passingDowns': None, 'runRate': None, 'pace': None}","{'ranking': 26, 'rating': 19.5, 'success': None, 'explosiveness': None, 'rushing': None, 'passing': None, 'standardDowns': None, 'passingDowns': None, 'havoc': {'total': None, 'frontSeven': None, 'db': None}}",{'rating': 0.1},2026
2026,Virginia,ACC,10.5,36.0,,,"{'ranking': 51, 'rating': 29.3, 'success': None, 'explosiveness': None, 'rushing': None, 'passing': None, 'standardDowns': None, 'passingDowns': None, 'runRate': None, 'pace': None}","{'ranking': 23, 'rating': 18.9, 'success': None, 'explosiveness': None, 'rushing': None, 'passing': None, 'standardDowns': None, 'passingDowns': None, 'havoc': {'total': None, 'frontSeven': None, 'db': None}}",{'rating': 0.2},2026
2026,Pittsburgh,ACC,10.4,37.0,,,"{'ranking': 40, 'rating': 31, 'success': None, 'explosiveness': None, 'rushing': None, 'passing': None, 'standardDowns': None, 'passingDowns': None, 'runRate': None, 'pace': None}","{'ranking': 34, 'rating': 20.7, 'success': None, 'explosiveness': None, 'rushing': None, 'passing': None, 'standardDowns': None, 'passingDowns': None, 'havoc': {'total': None, 'frontSeven': None, 'db': None}}",{'rating': 0.1},2026
2026,Arizona,Big 12,9.8,38.0,,,"{'ranking': 32, 'rating': 31.7, 'success': None, 'explosiveness': None, 'rushing': None, 'passing': None, 'standardDowns': None, 'passingDowns': None, 'runRate': None, 'pace': None}","{'ranking': 42, 'rating': 21.6, 'success': None, 'explosiveness': None, 'rushing': None, 'passing': None, 'standardDowns': None, 'passingDowns': None, 'havoc': {'total': None, 'frontSeven': None, 'db': None}}",{'rating': -0.4},2026
2026,Vanderbilt,SEC,9.7,39.0,,,"{'ranking': 28, 'rating': 33.2, 'success': None, 'explosiveness': None, 'rushing': None, 'passing': None, 'standardDowns': None, 'passingDowns': None, 'runRate': None, 'pace': None}","{'ranking': 57, 'rating': 24, 'success': None, 'explosiveness': None, 'rushing': None, 'passing': None, 'standardDowns': None, 'passingDowns': None, 'havoc': {'total': None, 'frontSeven': None, 'db': None}}",{'rating': 0.5},2026
2026,UCLA,Big Ten,9.0,40.0,,,"{'ranking': 29, 'rating': 32.6, 'success': None, 'explosiveness': None, 'rushing': None, 'passing': None, 'standardDowns': None, 'passingDowns': None, 'runRate': None, 'pace': None}","{'ranking': 53, 'rating': 23.6, 'success': None, 'explosiveness': None, 'rushing': None, 'passing': None, 'standardDowns': None, 'passingDowns': None, 'havoc': {'total': None, 'frontSeven': None, 'db': None}}",{'rating': 0},2026
2026,Oklahoma State,Big 12,8.7,41.0,,,"{'ranking': 45, 'rating': 30.5, 'success': None, 'explosiveness': None, 'rushing': None, 'passing': None, 'standardDowns': None, 'passingDowns': None, 'runRate': None, 'pace': None}","{'ranking': 47, 'rating': 22.3, 'success': None, 'explosiveness': None, 'rushing': None, 'passing': None, 'standardDowns': None, 'passingDowns': None, 'havoc': {'total': None, 'frontSeven': None, 'db': None}}",{'rating': 0.4},2026
2026,Cincinnati,Big 12,8.0,42.0,,,"{'ranking': 30, 'rating': 32.3, 'success': None, 'explosiveness': None, 'rushing': None, 'passing': None, 'standardDowns': None, 'passingDowns': None, 'runRate': None, 'pace': None}","{'ranking': 62, 'rating': 24.6, 'success': None, 'explosiveness': None, 'rushing': None, 'passing': None, 'standardDowns': None, 'passingDowns': None, 'havoc': {'total': None, 'frontSeven': None, 'db': None}}",{'rating': 0.3},2026
2026,Maryland,Big Ten,7.9,43.0,,,"{'ranking': 50, 'rating': 29.6, 'success': None, 'explosiveness': None, 'rushing': None, 'passing': None, 'standardDowns': None, 'passingDowns': None, 'runRate': None, 'pace': None}","{'ranking': 45, 'rating': 21.9, 'success': None, 'explosiveness': None, 'rushing': None, 'passing': None, 'standardDowns': None, 'passingDowns': None, 'havoc': {'total': None, 'frontSeven': None, 'db': None}}",{'rating': 0.2},2026
2026,Northwestern,Big Ten,7.7,44.0,,,"{'ranking': 63, 'rating': 27.1, 'success': None, 'explosiveness': None, 'rushing': None, 'passing': None, 'standardDowns': None, 'passingDowns': None, 'runRate': None, 'pace': None}","{'ranking': 28, 'rating': 19.9, 'success': None, 'explosiveness': None, 'rushing': None, 'passing': None, 'standardDowns': None, 'passingDowns': None, 'havoc': {'total': None, 'frontSeven': None, 'db': None}}",{'rating': 0.4},2026
2026,Clemson,ACC,7.1,45.0,,,"{'ranking': 72, 'rating': 26.4, 'success': None, 'explosiveness': None, 'rushing': None, 'passing': None, 'standardDowns': None, 'passingDowns': None, 'runRate': None, 'pace': None}","{'ranking': 27, 'rating': 19.6, 'success': None, 'explosiveness': None, 'rushing': None, 'passing': None, 'standardDowns': None, 'passingDowns': None, 'havoc': {'total': None, 'frontSeven': None, 'db': None}}",{'rating': 0.3},2026
2026,Duke,ACC,7.0,46.0,,,"{'ranking': 31, 'rating': 31.9, 'success': None, 'explosiveness': None, 'rushing': None, 'passing': None, 'standardDowns': None, 'passingDowns': None, 'runRate': None, 'pace': None}","{'ranking': 64, 'rating': 25.2, 'success': None, 'explosiveness': None, 'rushing': None, 'passing': None, 'standardDowns': None, 'passingDowns': None, 'havoc': {'total': None, 'frontSeven': None, 'db': None}}",{'rating': 0.3},2026
2026,Boise State,Pac-12,6.9,47.0,,,"{'ranking': 39, 'rating': 31.2, 'success': None, 'explosiveness': None, 'rushing': None, 'passing': None, 'standardDowns': None, 'passingDowns': None, 'runRate': None, 'pace': None}","{'ranking': 59, 'rating': 24.1, 'success': None, 'explosiveness': None, 'rushing': None, 'passing': None, 'standardDowns': None, 'passingDowns': None, 'havoc': {'total': None, 'frontSeven': None, 'db': None}}",{'rating': -0.2},2026
2026,Baylor,Big 12,6.8,48.0,,,"{'ranking': 32, 'rating': 31.7, 'success': None, 'explosiveness': None, 'rushing': None, 'passing': None, 'standardDowns': None, 'passingDowns': None, 'runRate': None, 'pace': None}","{'ranking': 66, 'rating': 25.4, 'success': None, 'explosiveness': None, 'rushing': None, 'passing': None, 'standardDowns': None, 'passingDowns': None, 'havoc': {'total': None, 'frontSeven': None, 'db': None}}",{'rating': 0.6},2026
2026,Kentucky,SEC,6.5,49.0,,,"{'ranking': 57, 'rating': 28.2, 'success': None, 'explosiveness': None, 'rushing': None, 'passing': None, 'standardDowns': None, 'passingDowns': None, 'runRate': None, 'pace': None}","{'ranking': 43, 'rating': 21.7, 'success': None, 'explosiveness': None, 'rushing': None, 'passing': None, 'standardDowns': None, 'passingDowns': None, 'havoc': {'total': None, 'frontSeven': None, 'db': None}}",{'rating': 0},2026
2026,James Madison,Sun Belt,6.2,50.0,,,"{'ranking': 55, 'rating': 28.8, 'success': None, 'explosiveness': None, 'rushing': None, 'passing': None, 'standardDowns': None, 'passingDowns': None, 'runRate': None, 'pace': None}","{'ranking': 47, 'rating': 22.3, 'success': None, 'explosiveness': None, 'rushing': None, 'passing': None, 'standardDowns': None, 'passingDowns': None, 'havoc': {'total': None, 'frontSeven': None, 'db': None}}",{'rating': -0.2},2026
2026,Minnesota,Big Ten,5.9,51.0,,,"{'ranking': 69, 'rating': 26.5, 'success': None, 'explosiveness': None, 'rushing': None, 'passing': None, 'standardDowns': None, 'passingDowns': None, 'runRate': None, 'pace': None}","{'ranking': 31, 'rating': 20.2, 'success': None, 'explosiveness': None, 'rushing': None, 'passing': None, 'standardDowns': None, 'passingDowns': None, 'havoc': {'total': None, 'frontSeven': None, 'db': None}}",{'rating': -0.4},2026
2026,Iowa State,Big 12,5.8,52.0,,,"{'ranking': 80, 'rating': 25.4, 'success': None, 'explosiveness': None, 'rushing': None, 'passing': None, 'standardDowns': None, 'passingDowns': None, 'runRate': None, 'pace': None}","{'ranking': 28, 'rating': 19.9, 'success': None, 'explosiveness': None, 'rushing': None, 'passing': None, 'standardDowns': None, 'passingDowns': None, 'havoc': {'total': None, 'frontSeven': None, 'db': None}}",{'rating': 0.4},2026
2026,UCF,Big 12,5.5,53.0,,,"{'ranking': 77, 'rating': 25.9, 'success': None, 'explosiveness': None, 'rushing': None, 'passing': None, 'standardDowns': None, 'passingDowns': None, 'runRate': None, 'pace': None}","{'ranking': 32, 'rating': 20.4, 'success': None, 'explosiveness': None, 'rushing': None, 'passing': None, 'standardDowns': None, 'passingDowns': None, 'havoc': {'total': None, 'frontSeven': None, 'db': None}}",{'rating': -0.1},2026
2026,Florida State,ACC,5.5,53.0,,,"{'ranking': 46, 'rating': 30.2, 'success': None, 'explosiveness': None, 'rushing': None, 'passing': None, 'standardDowns': None, 'passingDowns': None, 'runRate': None, 'pace': None}","{'ranking': 60, 'rating': 24.5, 'success': None, 'explosiveness': None, 'rushing': None, 'passing': None, 'standardDowns': None, 'passingDowns': None, 'havoc': {'total': None, 'frontSeven': None, 'db': None}}",{'rating': -0.2},2026
2026,Arizona State,Big 12,5.3,55.0,,,"{'ranking': 60, 'rating': 27.5, 'success': None, 'explosiveness': None, 'rushing': None, 'passing': None, 'standardDowns': None, 'passingDowns': None, 'runRate': None, 'pace': None}","{'ranking': 43, 'rating': 21.7, 'success': None, 'explosiveness': None, 'rushing': None, 'passing': None, 'standardDowns': None, 'passingDowns': None, 'havoc': {'total': None, 'frontSeven': None, 'db': None}}",{'rating': -0.5},2026
2026,Wisconsin,Big Ten,5.1,56.0,,,"{'ranking': 90, 'rating': 23.4, 'success': None, 'explosiveness': None, 'rushing': None, 'passing': None, 'standardDowns': None, 'passingDowns': None, 'runRate': None, 'pace': None}","{'ranking': 21, 'rating': 18.2, 'success': None, 'explosiveness': None, 'rushing': None, 'passing': None, 'standardDowns': None, 'passingDowns': None, 'havoc': {'total': None, 'frontSeven': None, 'db': None}}",{'rating': -0.2},2026
2026,NC State,ACC,5.0,57.0,,,"{'ranking': 41, 'rating': 30.9, 'success': None, 'explosiveness': None, 'rushing': None, 'passing': None, 'standardDowns': None, 'passingDowns': None, 'runRate': None, 'pace': None}","{'ranking': 69, 'rating': 25.6, 'success': None, 'explosiveness': None, 'rushing': None, 'passing': None, 'standardDowns': None, 'passingDowns': None, 'havoc': {'total': None, 'frontSeven': None, 'db': None}}",{'rating': -0.3},2026
2026,New Mexico,Mountain West,4.8,58.0,,,"{'ranking': 66, 'rating': 26.7, 'success': None, 'explosiveness': None, 'rushing': None, 'passing': None, 'standardDowns': None, 'passingDowns': None, 'runRate': None, 'pace': None}","{'ranking': 50, 'rating': 22.4, 'success': None, 'explosiveness': None, 'rushing': None, 'passing': None, 'standardDowns': None, 'passingDowns': None, 'havoc': {'total': None, 'frontSeven': None, 'db': None}}",{'rating': 0.5},2026
2026,North Carolina,ACC,4.5,59.0,,,"{'ranking': 83, 'rating': 25, 'success': None, 'explosiveness': None, 'rushing': None, 'passing': None, 'standardDowns': None, 'passingDowns': None, 'runRate': None, 'pace': None}","{'ranking': 37, 'rating': 20.8, 'success': None, 'explosiveness': None, 'rushing': None, 'passing': None, 'standardDowns': None, 'passingDowns': None, 'havoc': {'total': None, 'frontSeven': None, 'db': None}}",{'rating': 0.3},2026
2026,Georgia Tech,ACC,4.4,60.0,,,"{'ranking': 58, 'rating': 27.9, 'success': None, 'explosiveness': None, 'rushing': None, 'passing': None, 'standardDowns': None, 'passingDowns': None, 'runRate': None, 'pace': None}","{'ranking': 57, 'rating': 24, 'success': None, 'explosiveness': None, 'rushing': None, 'passing': None, 'standardDowns': None, 'passingDowns': None, 'havoc': {'total': None, 'frontSeven': None, 'db': None}}",{'rating': 0.4},2026
2026,West Virginia,Big 12,3.8,61.0,,,"{'ranking': 53, 'rating': 29.2, 'success': None, 'explosiveness': None, 'rushing': None, 'passing': None, 'standardDowns': None, 'passingDowns': None, 'runRate': None, 'pace': None}","{'ranking': 67, 'rating': 25.5, 'success': None, 'explosiveness': None, 'rushing': None, 'passing': None, 'standardDowns': None, 'passingDowns': None, 'havoc': {'total': None, 'frontSeven': None, 'db': None}}",{'rating': 0.1},2026
2026,Memphis,American Athletic,3.7,62.0,,,"{'ranking': 25, 'rating': 33.3, 'success': None, 'explosiveness': None, 'rushing': None, 'passing': None, 'standardDowns': None, 'passingDowns': None, 'runRate': None, 'pace': None}","{'ranking': 94, 'rating': 29.8, 'success': None, 'explosiveness': None, 'rushing': None, 'passing': None, 'standardDowns': None, 'passingDowns': None, 'havoc': {'total': None, 'frontSeven': None, 'db': None}}",{'rating': 0.2},2026
2026,Wake Forest,ACC,3.6,63.0,,,"{'ranking': 72, 'rating': 26.4, 'success': None, 'explosiveness': None, 'rushing': None, 'passing': None, 'standardDowns': None, 'passingDowns': None, 'runRate': None, 'pace': None}","{'ranking': 51, 'rating': 22.8, 'success': None, 'explosiveness': None, 'rushing': None, 'passing': None, 'standardDowns': None, 'passingDowns': None, 'havoc': {'total': None, 'frontSeven': None, 'db': None}}",{'rating': 0},2026
2026,Kansas,Big 12,3.0,64.0,,,"{'ranking': 61, 'rating': 27.4, 'success': None, 'explosiveness': None, 'rushing': None, 'passing': None, 'standardDowns': None, 'passingDowns': None, 'runRate': None, 'pace': None}","{'ranking': 63, 'rating': 24.8, 'success': None, 'explosiveness': None, 'rushing': None, 'passing': None, 'standardDowns': None, 'passingDowns': None, 'havoc': {'total': None, 'frontSeven': None, 'db': None}}",{'rating': 0.4},2026
2026,Michigan State,Big Ten,2.3,65.0,,,"{'ranking': 63, 'rating': 27.1, 'success': None, 'explosiveness': None, 'rushing': None, 'passing': None, 'standardDowns': None, 'passingDowns': None, 'runRate': None, 'pace': None}","{'ranking': 60, 'rating': 24.5, 'success': None, 'explosiveness': None, 'rushing': None, 'passing': None, 'standardDowns': None, 'passingDowns': None, 'havoc': {'total': None, 'frontSeven': None, 'db': None}}",{'rating': -0.3},2026
2026,South Florida,American Athletic,1.9,66.0,,,"{'ranking': 47, 'rating': 30.1, 'success': None, 'explosiveness': None, 'rushing': None, 'passing': None, 'standardDowns': None, 'passingDowns': None, 'runRate': None, 'pace': None}","{'ranking': 83, 'rating': 28.1, 'success': None, 'explosiveness': None, 'rushing': None, 'passing': None, 'standardDowns': None, 'passingDowns': None, 'havoc': {'total': None, 'frontSeven': None, 'db': None}}",{'rating': -0.1},2026
2026,California,ACC,0.8,67.0,,,"{'ranking': 59, 'rating': 27.6, 'success': None, 'explosiveness': None, 'rushing': None, 'passing': None, 'standardDowns': None, 'passingDowns': None, 'runRate': None, 'pace': None}","{'ranking': 74, 'rating': 26.5, 'success': None, 'explosiveness': None, 'rushing': None, 'passing': None, 'standardDowns': None, 'passingDowns': None, 'havoc': {'total': None, 'frontSeven': None, 'db': None}}",{'rating': -0.3},2026
2026,Army,American Athletic,0.2,68.0,,,"{'ranking': 69, 'rating': 26.5, 'success': None, 'explosiveness': None, 'rushing': None, 'passing': None, 'standardDowns': None, 'passingDowns': None, 'runRate': None, 'pace': None}","{'ranking': 73, 'rating': 26.3, 'success': None, 'explosiveness': None, 'rushing': None, 'passing': None, 'standardDowns': None, 'passingDowns': None, 'havoc': {'total': None, 'frontSeven': None, 'db': None}}",{'rating': 0.1},2026
2026,Syracuse,ACC,-0.2,69.0,,,"{'ranking': 90, 'rating': 23.4, 'success': None, 'explosiveness': None, 'rushing': None, 'passing': None, 'standardDowns': None, 'passingDowns': None, 'runRate': None, 'pace': None}","{'ranking': 55, 'rating': 23.8, 'success': None, 'explosiveness': None, 'rushing': None, 'passing': None, 'standardDowns': None, 'passingDowns': None, 'havoc': {'total': None, 'frontSeven': None, 'db': None}}",{'rating': 0.3},2026
2026,Arkansas,SEC,-0.3,70.0,,,"{'ranking': 44, 'rating': 30.6, 'success': None, 'explosiveness': None, 'rushing': None, 'passing': None, 'standardDowns': None, 'passingDowns': None, 'runRate': None, 'pace': None}","{'ranking': 105, 'rating': 31.1, 'success': None, 'explosiveness': None, 'rushing': None, 'passing': None, 'standardDowns': None, 'passingDowns': None, 'havoc': {'total': None, 'frontSeven': None, 'db': None}}",{'rating': 0.3},2026
2026,Fresno State,Pac-12,-0.4,71.0,,,"{'ranking': 104, 'rating': 21.5, 'success': None, 'explosiveness': None, 'rushing': None, 'passing': None, 'standardDowns': None, 'passingDowns': None, 'runRate': None, 'pace': None}","{'ranking': 46, 'rating': 22, 'success': None, 'explosiveness': None, 'rushing': None, 'passing': None, 'standardDowns': None, 'passingDowns': None, 'havoc': {'total': None, 'frontSeven': None, 'db': None}}",{'rating': 0},2026
2026,Colorado,Big 12,-1.2,72.0,,,"{'ranking': 84, 'rating': 24.9, 'success': None, 'explosiveness': None, 'rushing': None, 'passing': None, 'standardDowns': None, 'passingDowns': None, 'runRate': None, 'pace': None}","{'ranking': 72, 'rating': 25.7, 'success': None, 'explosiveness': None, 'rushing': None, 'passing': None, 'standardDowns': None, 'passingDowns': None, 'havoc': {'total': None, 'frontSeven': None, 'db': None}}",{'rating': -0.4},2026
2026,Tulsa,American Athletic,-1.2,72.0,,,"{'ranking': 82, 'rating': 25.2, 'success': None, 'explosiveness': None, 'rushing': None, 'passing': None, 'standardDowns': None, 'passingDowns': None, 'runRate': None, 'pace': None}","{'ranking': 75, 'rating': 26.8, 'success': None, 'explosiveness': None, 'rushing': None, 'passing': None, 'standardDowns': None, 'passingDowns': None, 'havoc': {'total': None, 'frontSeven': None, 'db': None}}",{'rating': 0.4},2026
2026,UTSA,American Athletic,-1.4,74.0,,,"{'ranking': 56, 'rating': 28.7, 'success': None, 'explosiveness': None, 'rushing': None, 'passing': None, 'standardDowns': None, 'passingDowns': None, 'runRate': None, 'pace': None}","{'ranking': 99, 'rating': 30.2, 'success': None, 'explosiveness': None, 'rushing': None, 'passing': None, 'standardDowns': None, 'passingDowns': None, 'havoc': {'total': None, 'frontSeven': None, 'db': None}}",{'rating': 0.1},2026
2026,Purdue,Big Ten,-2.1,75.0,,,"{'ranking': 61, 'rating': 27.4, 'success': None, 'explosiveness': None, 'rushing': None, 'passing': None, 'standardDowns': None, 'passingDowns': None, 'runRate': None, 'pace': None}","{'ranking': 97, 'rating': 30, 'success': None, 'explosiveness': None, 'rushing': None, 'passing': None, 'standardDowns': None, 'passingDowns': None, 'havoc': {'total': None, 'frontSeven': None, 'db': None}}",{'rating': 0.5},2026
2026,Navy,American Athletic,-2.3,76.0,,,"{'ranking': 66, 'rating': 26.7, 'success': None, 'explosiveness': None, 'rushing': None, 'passing': None, 'standardDowns': None, 'passingDowns': None, 'runRate': None, 'pace': None}","{'ranking': 89, 'rating': 29.1, 'success': None, 'explosiveness': None, 'rushing': None, 'passing': None, 'standardDowns': None, 'passingDowns': None, 'havoc': {'total': None, 'frontSeven': None, 'db': None}}",{'rating': 0.2},2026
2026,Rutgers,Big Ten,-2.4,77.0,,,"{'ranking': 54, 'rating': 29.1, 'success': None, 'explosiveness': None, 'rushing': None, 'passing': None, 'standardDowns': None, 'passingDowns': None, 'runRate': None, 'pace': None}","{'ranking': 106, 'rating': 31.6, 'success': None, 'explosiveness': None, 'rushing': None, 'passing': None, 'standardDowns': None, 'passingDowns': None, 'havoc': {'total': None, 'frontSeven': None, 'db': None}}",{'rating': 0.1},2026
2026,San Diego State,Pac-12,-2.5,78.0,,,"{'ranking': 98, 'rating': 22.4, 'success': None, 'explosiveness': None, 'rushing': None, 'passing': None, 'standardDowns': None, 'passingDowns': None, 'runRate': None, 'pace': None}","{'ranking': 67, 'rating': 25.5, 'success': None, 'explosiveness': None, 'rushing': None, 'passing': None, 'standardDowns': None, 'passingDowns': None, 'havoc': {'total': None, 'frontSeven': None, 'db': None}}",{'rating': 0.6},2026
2026,Oregon State,Pac-12,-2.5,78.0,,,"{'ranking': 88, 'rating': 23.8, 'success': None, 'explosiveness': None, 'rushing': None, 'passing': None, 'standardDowns': None, 'passingDowns': None, 'runRate': None, 'pace': None}","{'ranking': 69, 'rating': 25.6, 'success': None, 'explosiveness': None, 'rushing': None, 'passing': None, 'standardDowns': None, 'passingDowns': None, 'havoc': {'total': None, 'frontSeven': None, 'db': None}}",{'rating': -0.6},2026
2026,Western Michigan,Mid-American,-2.6,80.0,,,"{'ranking': 105, 'rating': 21.2, 'success': None, 'explosiveness': None, 'rushing': None, 'passing': None, 'standardDowns': None, 'passingDowns': None, 'runRate': None, 'pace': None}","{'ranking': 53, 'rating': 23.6, 'success': None, 'explosiveness': None, 'rushing': None, 'passing': None, 'standardDowns': None, 'passingDowns': None, 'havoc': {'total': None, 'frontSeven': None, 'db': None}}",{'rating': -0.3},2026
2026,Air Force,Mountain West,-2.8,81.0,,,"{'ranking': 80, 'rating': 25.4, 'success': None, 'explosiveness': None, 'rushing': None, 'passing': None, 'standardDowns': None, 'passingDowns': None, 'runRate': None, 'pace': None}","{'ranking': 85, 'rating': 28.3, 'success': None, 'explosiveness': None, 'rushing': None, 'passing': None, 'standardDowns': None, 'passingDowns': None, 'havoc': {'total': None, 'frontSeven': None, 'db': None}}",{'rating': 0.1},2026
2026,Liberty,Conference USA,-3.0,82.0,,,"{'ranking': 76, 'rating': 26.1, 'success': None, 'explosiveness': None, 'rushing': None, 'passing': None, 'standardDowns': None, 'passingDowns': None, 'runRate': None, 'pace': None}","{'ranking': 88, 'rating': 28.9, 'success': None, 'explosiveness': None, 'rushing': None, 'passing': None, 'standardDowns': None, 'passingDowns': None, 'havoc': {'total': None, 'frontSeven': None, 'db': None}}",{'rating': -0.2},2026
2026,Jacksonville State,Conference USA,-3.2,83.0,,,"{'ranking': 65, 'rating': 26.9, 'success': None, 'explosiveness': None, 'rushing': None, 'passing': None, 'standardDowns': None, 'passingDowns': None, 'runRate': None, 'pace': None}","{'ranking': 92, 'rating': 29.7, 'success': None, 'explosiveness': None, 'rushing': None, 'passing': None, 'standardDowns': None, 'passingDowns': None, 'havoc': {'total': None, 'frontSeven': None, 'db': None}}",{'rating': -0.3},2026
2026,UNLV,Mountain West,-3.3,84.0,,,"{'ranking': 69, 'rating': 26.5, 'success': None, 'explosiveness': None, 'rushing': None, 'passing': None, 'standardDowns': None, 'passingDowns': None, 'runRate': None, 'pace': None}","{'ranking': 94, 'rating': 29.8, 'success': None, 'explosiveness': None, 'rushing': None, 'passing': None, 'standardDowns': None, 'passingDowns': None, 'havoc': {'total': None, 'frontSeven': None, 'db': None}}",{'rating': 0},2026
2026,Boston College,ACC,-4.9,85.0,,,"{'ranking': 95, 'rating': 22.8, 'success': None, 'explosiveness': None, 'rushing': None, 'passing': None, 'standardDowns': None, 'passingDowns': None, 'runRate': None, 'pace': None}","{'ranking': 81, 'rating': 28, 'success': None, 'explosiveness': None, 'rushing': None, 'passing': None, 'standardDowns': None, 'passingDowns': None, 'havoc': {'total': None, 'frontSeven': None, 'db': None}}",{'rating': 0.3},2026
2026,UConn,FBS Independents,-5.2,86.0,,,"{'ranking': 87, 'rating': 24.1, 'success': None, 'explosiveness': None, 'rushing': None, 'passing': None, 'standardDowns': None, 'passingDowns': None, 'runRate': None, 'pace': None}","{'ranking': 94, 'rating': 29.8, 'success': None, 'explosiveness': None, 'rushing': None, 'passing': None, 'standardDowns': None, 'passingDowns': None, 'havoc': {'total': None, 'frontSeven': None, 'db': None}}",{'rating': 0.5},2026
2026,Toledo,Mid-American,-5.4,87.0,,,"{'ranking': 101, 'rating': 21.9, 'success': None, 'explosiveness': None, 'rushing': None, 'passing': None, 'standardDowns': None, 'passingDowns': None, 'runRate': None, 'pace': None}","{'ranking': 76, 'rating': 26.9, 'success': None, 'explosiveness': None, 'rushing': None, 'passing': None, 'standardDowns': None, 'passingDowns': None, 'havoc': {'total': None, 'frontSeven': None, 'db': None}}",{'rating': -0.4},2026
2026,East Carolina,American Athletic,-5.6,88.0,,,"{'ranking': 100, 'rating': 22.1, 'success': None, 'explosiveness': None, 'rushing': None, 'passing': None, 'standardDowns': None, 'passingDowns': None, 'runRate': None, 'pace': None}","{'ranking': 78, 'rating': 27.5, 'success': None, 'explosiveness': None, 'rushing': None, 'passing': None, 'standardDowns': None, 'passingDowns': None, 'havoc': {'total': None, 'frontSeven': None, 'db': None}}",{'rating': -0.1},2026
2026,Tulane,American Athletic,-5.6,88.0,,,"{'ranking': 103, 'rating': 21.6, 'success': None, 'explosiveness': None, 'rushing': None, 'passing': None, 'standardDowns': None, 'passingDowns': None, 'runRate': None, 'pace': None}","{'ranking': 79, 'rating': 27.6, 'success': None, 'explosiveness': None, 'rushing': None, 'passing': None, 'standardDowns': None, 'passingDowns': None, 'havoc': {'total': None, 'frontSeven': None, 'db': None}}",{'rating': 0.5},2026
2026,Washington State,Pac-12,-5.6,88.0,,,"{'ranking': 112, 'rating': 19.8, 'success': None, 'explosiveness': None, 'rushing': None, 'passing': None, 'standardDowns': None, 'passingDowns': None, 'runRate': None, 'pace': None}","{'ranking': 65, 'rating': 25.3, 'success': None, 'explosiveness': None, 'rushing': None, 'passing': None, 'standardDowns': None, 'passingDowns': None, 'havoc': {'total': None, 'frontSeven': None, 'db': None}}",{'rating': -0.2},2026
2026,Texas State,Pac-12,-5.9,91.0,,,"{'ranking': 32, 'rating': 31.7, 'success': None, 'explosiveness': None, 'rushing': None, 'passing': None, 'standardDowns': None, 'passingDowns': None, 'runRate': None, 'pace': None}","{'ranking': 133, 'rating': 37.7, 'success': None, 'explosiveness': None, 'rushing': None, 'passing': None, 'standardDowns': None, 'passingDowns': None, 'havoc': {'total': None, 'frontSeven': None, 'db': None}}",{'rating': 0},2026
2026,Miami (OH),Mid-American,-6.0,92.0,,,"{'ranking': 106, 'rating': 21, 'success': None, 'explosiveness': None, 'rushing': None, 'passing': None, 'standardDowns': None, 'passingDowns': None, 'runRate': None, 'pace': None}","{'ranking': 77, 'rating': 27.4, 'success': None, 'explosiveness': None, 'rushing': None, 'passing': None, 'standardDowns': None, 'passingDowns': None, 'havoc': {'total': None, 'frontSeven': None, 'db': None}}",{'rating': 0.4},2026
2026,Troy,Sun Belt,-6.2,93.0,,,"{'ranking': 97, 'rating': 22.5, 'success': None, 'explosiveness': None, 'rushing': None, 'passing': None, 'standardDowns': None, 'passingDowns': None, 'runRate': None, 'pace': None}","{'ranking': 87, 'rating': 28.8, 'success': None, 'explosiveness': None, 'rushing': None, 'passing': None, 'standardDowns': None, 'passingDowns': None, 'havoc': {'total': None, 'frontSeven': None, 'db': None}}",{'rating': 0.2},2026
2026,App State,Sun Belt,-6.3,94.0,,,"{'ranking': 90, 'rating': 23.4, 'success': None, 'explosiveness': None, 'rushing': None, 'passing': None, 'standardDowns': None, 'passingDowns': None, 'runRate': None, 'pace': None}","{'ranking': 98, 'rating': 30.1, 'success': None, 'explosiveness': None, 'rushing': None, 'passing': None, 'standardDowns': None, 'passingDowns': None, 'havoc': {'total': None, 'frontSeven': None, 'db': None}}",{'rating': 0.3},2026
2026,Temple,American Athletic,-6.5,95.0,,,"{'ranking': 68, 'rating': 26.6, 'success': None, 'explosiveness': None, 'rushing': None, 'passing': None, 'standardDowns': None, 'passingDowns': None, 'runRate': None, 'pace': None}","{'ranking': 114, 'rating': 33.5, 'success': None, 'explosiveness': None, 'rushing': None, 'passing': None, 'standardDowns': None, 'passingDowns': None, 'havoc': {'total': None, 'frontSeven': None, 'db': None}}",{'rating': 0.3},2026
2026,Colorado State,Pac-12,-6.6,96.0,,,"{'ranking': 102, 'rating': 21.7, 'success': None, 'explosiveness': None, 'rushing': None, 'passing': None, 'standardDowns': None, 'passingDowns': None, 'runRate': None, 'pace': None}","{'ranking': 84, 'rating': 28.2, 'success': None, 'explosiveness': None, 'rushing': None, 'passing': None, 'standardDowns': None, 'passingDowns': None, 'havoc': {'total': None, 'frontSeven': None, 'db': None}}",{'rating': -0.1},2026
2026,Old Dominion,Sun Belt,-7.0,97.0,,,"{'ranking': 115, 'rating': 19.1, 'success': None, 'explosiveness': None, 'rushing': None, 'passing': None, 'standardDowns': None, 'passingDowns': None, 'runRate': None, 'pace': None}","{'ranking': 69, 'rating': 25.6, 'success': None, 'explosiveness': None, 'rushing': None, 'passing': None, 'standardDowns': None, 'passingDowns': None, 'havoc': {'total': None, 'frontSeven': None, 'db': None}}",{'rating': -0.5},2026
2026,Hawai'i,Mountain West,-7.1,98.0,,,"{'ranking': 93, 'rating': 23.1, 'success': None, 'explosiveness': None, 'rushing': None, 'passing': None, 'standardDowns': None, 'passingDowns': None, 'runRate': None, 'pace': None}","{'ranking': 102, 'rating': 30.7, 'success': None, 'explosiveness': None, 'rushing': None, 'passing': None, 'standardDowns': None, 'passingDowns': None, 'havoc': {'total': None, 'frontSeven': None, 'db': None}}",{'rating': 0.5},2026
2026,Louisiana,Sun Belt,-7.2,99.0,,,"{'ranking': 79, 'rating': 25.5, 'success': None, 'explosiveness': None, 'rushing': None, 'passing': None, 'standardDowns': None, 'passingDowns': None, 'runRate': None, 'pace': None}","{'ranking': 110, 'rating': 32.3, 'success': None, 'explosiveness': None, 'rushing': None, 'passing': None, 'standardDowns': None, 'passingDowns': None, 'havoc': {'total': None, 'frontSeven': None, 'db': None}}",{'rating': -0.4},2026
2026,Florida Atlantic,American Athletic,-7.4,100.0,,,"{'ranking': 72, 'rating': 26.4, 'success': None, 'explosiveness': None, 'rushing': None, 'passing': None, 'standardDowns': None, 'passingDowns': None, 'runRate': None, 'pace': None}","{'ranking': 118, 'rating': 34.2, 'success': None, 'explosiveness': None, 'rushing': None, 'passing': None, 'standardDowns': None, 'passingDowns': None, 'havoc': {'total': None, 'frontSeven': None, 'db': None}}",{'rating': 0.4},2026
2026,Stanford,ACC,-7.4,100.0,,,"{'ranking': 107, 'rating': 20.8, 'success': None, 'explosiveness': None, 'rushing': None, 'passing': None, 'standardDowns': None, 'passingDowns': None, 'runRate': None, 'pace': None}","{'ranking': 80, 'rating': 27.8, 'success': None, 'explosiveness': None, 'rushing': None, 'passing': None, 'standardDowns': None, 'passingDowns': None, 'havoc': {'total': None, 'frontSeven': None, 'db': None}}",{'rating': -0.5},2026
2026,Georgia Southern,Sun Belt,-7.7,102.0,,,"{'ranking': 96, 'rating': 22.7, 'success': None, 'explosiveness': None, 'rushing': None, 'passing': None, 'standardDowns': None, 'passingDowns': None, 'runRate': None, 'pace': None}","{'ranking': 100, 'rating': 30.4, 'success': None, 'explosiveness': None, 'rushing': None, 'passing': None, 'standardDowns': None, 'passingDowns': None, 'havoc': {'total': None, 'frontSeven': None, 'db': None}}",{'rating': 0},2026
2026,Delaware,Conference USA,-8.1,103.0,,,"{'ranking': 85, 'rating': 24.5, 'success': None, 'explosiveness': None, 'rushing': None, 'passing': None, 'standardDowns': None, 'passingDowns': None, 'runRate': None, 'pace': None}","{'ranking': 110, 'rating': 32.3, 'success': None, 'explosiveness': None, 'rushing': None, 'passing': None, 'standardDowns': None, 'passingDowns': None, 'havoc': {'total': None, 'frontSeven': None, 'db': None}}",{'rating': -0.3},2026
2026,Louisiana Tech,Sun Belt,-8.2,104.0,,,"{'ranking': 99, 'rating': 22.2, 'success': None, 'explosiveness': None, 'rushing': None, 'passing': None, 'standardDowns': None, 'passingDowns': None, 'runRate': None, 'pace': None}","{'ranking': 100, 'rating': 30.4, 'success': None, 'explosiveness': None, 'rushing': None, 'passing': None, 'standardDowns': None, 'passingDowns': None, 'havoc': {'total': None, 'frontSeven': None, 'db': None}}",{'rating': 0},2026
2026,North Texas,American Athletic,-9.2,105.0,,,"{'ranking': 75, 'rating': 26.2, 'success': None, 'explosiveness': None, 'rushing': None, 'passing': None, 'standardDowns': None, 'passingDowns': None, 'runRate': None, 'pace': None}","{'ranking': 125, 'rating': 35.2, 'success': None, 'explosiveness': None, 'rushing': None, 'passing': None, 'standardDowns': None, 'passingDowns': None, 'havoc': {'total': None, 'frontSeven': None, 'db': None}}",{'rating': -0.2},2026
2026,Utah State,Pac-12,-9.3,106.0,,,"{'ranking': 107, 'rating': 20.8, 'success': None, 'explosiveness': None, 'rushing': None, 'passing': None, 'standardDowns': None, 'passingDowns': None, 'runRate': None, 'pace': None}","{'ranking': 92, 'rating': 29.7, 'success': None, 'explosiveness': None, 'rushing': None, 'passing': None, 'standardDowns': None, 'passingDowns': None, 'havoc': {'total': None, 'frontSeven': None, 'db': None}}",{'rating': -0.4},2026
2026,Arkansas State,Sun Belt,-9.5,107.0,,,"{'ranking': 89, 'rating': 23.7, 'success': None, 'explosiveness': None, 'rushing': None, 'passing': None, 'standardDowns': None, 'passingDowns': None, 'runRate': None, 'pace': None}","{'ranking': 113, 'rating': 33.3, 'success': None, 'explosiveness': None, 'rushing': None, 'passing': None, 'standardDowns': None, 'passingDowns': None, 'havoc': {'total': None, 'frontSeven': None, 'db': None}}",{'rating': 0.1},2026
2026,Nevada,Mountain West,-9.6,108.0,,,"{'ranking': 117, 'rating': 18.7, 'success': None, 'explosiveness': None, 'rushing': None, 'passing': None, 'standardDowns': None, 'passingDowns': None, 'runRate': None, 'pace': None}","{'ranking': 86, 'rating': 28.7, 'success': None, 'explosiveness': None, 'rushing': None, 'passing': None, 'standardDowns': None, 'passingDowns': None, 'havoc': {'total': None, 'frontSeven': None, 'db': None}}",{'rating': 0.3},2026
2026,Coastal Carolina,Sun Belt,-10.2,109.0,,,"{'ranking': 93, 'rating': 23.1, 'success': None, 'explosiveness': None, 'rushing': None, 'passing': None, 'standardDowns': None, 'passingDowns': None, 'runRate': None, 'pace': None}","{'ranking': 112, 'rating': 32.9, 'success': None, 'explosiveness': None, 'rushing': None, 'passing': None, 'standardDowns': None, 'passingDowns': None, 'havoc': {'total': None, 'frontSeven': None, 'db': None}}",{'rating': -0.3},2026
2026,Marshall,Sun Belt,-11.0,110.0,,,"{'ranking': 78, 'rating': 25.7, 'success': None, 'explosiveness': None, 'rushing': None, 'passing': None, 'standardDowns': None, 'passingDowns': None, 'runRate': None, 'pace': None}","{'ranking': 130, 'rating': 36.8, 'success': None, 'explosiveness': None, 'rushing': None, 'passing': None, 'standardDowns': None, 'passingDowns': None, 'havoc': {'total': None, 'frontSeven': None, 'db': None}}",{'rating': 0.2},2026
2026,South Alabama,Sun Belt,-12.1,111.0,,,"{'ranking': 86, 'rating': 24.2, 'success': None, 'explosiveness': None, 'rushing': None, 'passing': None, 'standardDowns': None, 'passingDowns': None, 'runRate': None, 'pace': None}","{'ranking': 127, 'rating': 35.7, 'success': None, 'explosiveness': None, 'rushing': None, 'passing': None, 'standardDowns': None, 'passingDowns': None, 'havoc': {'total': None, 'frontSeven': None, 'db': None}}",{'rating': -0.6},2026
2026,Florida International,Conference USA,-12.3,112.0,,,"{'ranking': 113, 'rating': 19.5, 'success': None, 'explosiveness': None, 'rushing': None, 'passing': None, 'standardDowns': None, 'passingDowns': None, 'runRate': None, 'pace': None}","{'ranking': 106, 'rating': 31.6, 'success': None, 'explosiveness': None, 'rushing': None, 'passing': None, 'standardDowns': None, 'passingDowns': None, 'havoc': {'total': None, 'frontSeven': None, 'db': None}}",{'rating': -0.2},2026
2026,Kennesaw State,Conference USA,-12.5,113.0,,,"{'ranking': 111, 'rating': 19.9, 'success': None, 'explosiveness': None, 'rushing': None, 'passing': None, 'standardDowns': None, 'passingDowns': None, 'runRate': None, 'pace': None}","{'ranking': 108, 'rating': 31.9, 'success': None, 'explosiveness': None, 'rushing': None, 'passing': None, 'standardDowns': None, 'passingDowns': None, 'havoc': {'total': None, 'frontSeven': None, 'db': None}}",{'rating': -0.5},2026
2026,Ohio,Mid-American,-12.7,114.0,,,"{'ranking': 123, 'rating': 16.9, 'success': None, 'explosiveness': None, 'rushing': None, 'passing': None, 'standardDowns': None, 'passingDowns': None, 'runRate': None, 'pace': None}","{'ranking': 89, 'rating': 29.1, 'success': None, 'explosiveness': None, 'rushing': None, 'passing': None, 'standardDowns': None, 'passingDowns': None, 'havoc': {'total': None, 'frontSeven': None, 'db': None}}",{'rating': -0.6},2026
2026,San José State,Mountain West,-13.9,115.0,,,"{'ranking': 122, 'rating': 17.1, 'success': None, 'explosiveness': None, 'rushing': None, 'passing': None, 'standardDowns': None, 'passingDowns': None, 'runRate': None, 'pace': None}","{'ranking': 103, 'rating': 30.8, 'success': None, 'explosiveness': None, 'rushing': None, 'passing': None, 'standardDowns': None, 'passingDowns': None, 'havoc': {'total': None, 'frontSeven': None, 'db': None}}",{'rating': -0.2},2026
2026,Central Michigan,Mid-American,-14.9,116.0,,,"{'ranking': 128, 'rating': 14.9, 'success': None, 'explosiveness': None, 'rushing': None, 'passing': None, 'standardDowns': None, 'passingDowns': None, 'runRate': None, 'pace': None}","{'ranking': 91, 'rating': 29.6, 'success': None, 'explosiveness': None, 'rushing': None, 'passing': None, 'standardDowns': None, 'passingDowns': None, 'havoc': {'total': None, 'frontSeven': None, 'db': None}}",{'rating': -0.2},2026
2026,Rice,American Athletic,-14.9,116.0,,,"{'ranking': 123, 'rating': 16.9, 'success': None, 'explosiveness': None, 'rushing': None, 'passing': None, 'standardDowns': None, 'passingDowns': None, 'runRate': None, 'pace': None}","{'ranking': 109, 'rating': 32.1, 'success': None, 'explosiveness': None, 'rushing': None, 'passing': None, 'standardDowns': None, 'passingDowns': None, 'havoc': {'total': None, 'frontSeven': None, 'db': None}}",{'rating': 0.3},2026
2026,Wyoming,Mountain West,-15.0,118.0,,,"{'ranking': 135, 'rating': 13.4, 'success': None, 'explosiveness': None, 'rushing': None, 'passing': None, 'standardDowns': None, 'passingDowns': None, 'runRate': None, 'pace': None}","{'ranking': 81, 'rating': 28, 'success': None, 'explosiveness': None, 'rushing': None, 'passing': None, 'standardDowns': None, 'passingDowns': None, 'havoc': {'total': None, 'frontSeven': None, 'db': None}}",{'rating': -0.5},2026
2026,New Mexico State,Conference USA,-15.7,119.0,,,"{'ranking': 119, 'rating': 17.9, 'success': None, 'explosiveness': None, 'rushing': None, 'passing': None, 'standardDowns': None, 'passingDowns': None, 'runRate': None, 'pace': None}","{'ranking': 114, 'rating': 33.5, 'success': None, 'explosiveness': None, 'rushing': None, 'passing': None, 'standardDowns': None, 'passingDowns': None, 'havoc': {'total': None, 'frontSeven': None, 'db': None}}",{'rating': -0.1},2026
2026,Buffalo,Mid-American,-16.1,120.0,,,"{'ranking': 130, 'rating': 14.3, 'success': None, 'explosiveness': None, 'rushing': None, 'passing': None, 'standardDowns': None, 'passingDowns': None, 'runRate': None, 'pace': None}","{'ranking': 104, 'rating': 30.9, 'success': None, 'explosiveness': None, 'rushing': None, 'passing': None, 'standardDowns': None, 'passingDowns': None, 'havoc': {'total': None, 'frontSeven': None, 'db': None}}",{'rating': 0.5},2026
2026,Sam Houston,Conference USA,-16.3,121.0,,,"{'ranking': 118, 'rating': 18.3, 'success': None, 'explosiveness': None, 'rushing': None, 'passing': None, 'standardDowns': None, 'passingDowns': None, 'runRate': None, 'pace': None}","{'ranking': 118, 'rating': 34.2, 'success': None, 'explosiveness': None, 'rushing': None, 'passing': None, 'standardDowns': None, 'passingDowns': None, 'havoc': {'total': None, 'frontSeven': None, 'db': None}}",{'rating': -0.4},2026
2026,Western Kentucky,Conference USA,-16.5,122.0,,,"{'ranking': 109, 'rating': 20.2, 'success': None, 'explosiveness': None, 'rushing': None, 'passing': None, 'standardDowns': None, 'passingDowns': None, 'runRate': None, 'pace': None}","{'ranking': 131, 'rating': 37.1, 'success': None, 'explosiveness': None, 'rushing': None, 'passing': None, 'standardDowns': None, 'passingDowns': None, 'havoc': {'total': None, 'frontSeven': None, 'db': None}}",{'rating': 0.3},2026
2026,UAB,American Athletic,-17.0,123.0,,,"{'ranking': 113, 'rating': 19.5, 'success': None, 'explosiveness': None, 'rushing': None, 'passing': None, 'standardDowns': None, 'passingDowns': None, 'runRate': None, 'pace': None}","{'ranking': 128, 'rating': 36.1, 'success': None, 'explosiveness': None, 'rushing': None, 'passing': None, 'standardDowns': None, 'passingDowns': None, 'havoc': {'total': None, 'frontSeven': None, 'db': None}}",{'rating': -0.4},2026
2026,Missouri State,Conference USA,-17.4,124.0,,,"{'ranking': 120, 'rating': 17.7, 'success': None, 'explosiveness': None, 'rushing': None, 'passing': None, 'standardDowns': None, 'passingDowns': None, 'runRate': None, 'pace': None}","{'ranking': 123, 'rating': 34.6, 'success': None, 'explosiveness': None, 'rushing': None, 'passing': None, 'standardDowns': None, 'passingDowns': None, 'havoc': {'total': None, 'frontSeven': None, 'db': None}}",{'rating': -0.5},2026
2026,Eastern Michigan,Mid-American,-18.9,125.0,,,"{'ranking': 126, 'rating': 15.8, 'success': None, 'explosiveness': None, 'rushing': None, 'passing': None, 'standardDowns': None, 'passingDowns': None, 'runRate': None, 'pace': None}","{'ranking': 121, 'rating': 34.5, 'success': None, 'explosiveness': None, 'rushing': None, 'passing': None, 'standardDowns': None, 'passingDowns': None, 'havoc': {'total': None, 'frontSeven': None, 'db': None}}",{'rating': -0.2},2026
2026,Middle Tennessee,Conference USA,-18.9,125.0,,,"{'ranking': 121, 'rating': 17.2, 'success': None, 'explosiveness': None, 'rushing': None, 'passing': None, 'standardDowns': None, 'passingDowns': None, 'runRate': None, 'pace': None}","{'ranking': 129, 'rating': 36.2, 'success': None, 'explosiveness': None, 'rushing': None, 'passing': None, 'standardDowns': None, 'passingDowns': None, 'havoc': {'total': None, 'frontSeven': None, 'db': None}}",{'rating': 0.2},2026
2026,Southern Miss,Sun Belt,-19.1,127.0,,,"{'ranking': 115, 'rating': 19.1, 'success': None, 'explosiveness': None, 'rushing': None, 'passing': None, 'standardDowns': None, 'passingDowns': None, 'runRate': None, 'pace': None}","{'ranking': 134, 'rating': 37.8, 'success': None, 'explosiveness': None, 'rushing': None, 'passing': None, 'standardDowns': None, 'passingDowns': None, 'havoc': {'total': None, 'frontSeven': None, 'db': None}}",{'rating': -0.4},2026
2026,Georgia State,Sun Belt,-19.6,128.0,,,"{'ranking': 109, 'rating': 20.2, 'success': None, 'explosiveness': None, 'rushing': None, 'passing': None, 'standardDowns': None, 'passingDowns': None, 'runRate': None, 'pace': None}","{'ranking': 137, 'rating': 39.2, 'success': None, 'explosiveness': None, 'rushing': None, 'passing': None, 'standardDowns': None, 'passingDowns': None, 'havoc': {'total': None, 'frontSeven': None, 'db': None}}",{'rating': -0.5},2026
2026,UTEP,Mountain West,-19.7,129.0,,,"{'ranking': 125, 'rating': 16.2, 'success': None, 'explosiveness': None, 'rushing': None, 'passing': None, 'standardDowns': None, 'passingDowns': None, 'runRate': None, 'pace': None}","{'ranking': 126, 'rating': 35.5, 'success': None, 'explosiveness': None, 'rushing': None, 'passing': None, 'standardDowns': None, 'passingDowns': None, 'havoc': {'total': None, 'frontSeven': None, 'db': None}}",{'rating': -0.5},2026
2026,Northern Illinois,Mountain West,-19.7,129.0,,,"{'ranking': 130, 'rating': 14.3, 'success': None, 'explosiveness': None, 'rushing': None, 'passing': None, 'standardDowns': None, 'passingDowns': None, 'runRate': None, 'pace': None}","{'ranking': 117, 'rating': 33.8, 'success': None, 'explosiveness': None, 'rushing': None, 'passing': None, 'standardDowns': None, 'passingDowns': None, 'havoc': {'total': None, 'frontSeven': None, 'db': None}}",{'rating': -0.2},2026
2026,Massachusetts,Mid-American,-19.9,131.0,,,"{'ranking': 128, 'rating': 14.9, 'success': None, 'explosiveness': None, 'rushing': None, 'passing': None, 'standardDowns': None, 'passingDowns': None, 'runRate': None, 'pace': None}","{'ranking': 121, 'rating': 34.5, 'success': None, 'explosiveness': None, 'rushing': None, 'passing': None, 'standardDowns': None, 'passingDowns': None, 'havoc': {'total': None, 'frontSeven': None, 'db': None}}",{'rating': -0.4},2026
2026,Akron,Mid-American,-20.8,132.0,,,"{'ranking': 135, 'rating': 13.4, 'success': None, 'explosiveness': None, 'rushing': None, 'passing': None, 'standardDowns': None, 'passingDowns': None, 'runRate': None, 'pace': None}","{'ranking': 116, 'rating': 33.6, 'success': None, 'explosiveness': None, 'rushing': None, 'passing': None, 'standardDowns': None, 'passingDowns': None, 'havoc': {'total': None, 'frontSeven': None, 'db': None}}",{'rating': -0.6},2026
2026,Sacramento State,Mid-American,-20.9,133.0,,,"{'ranking': 132, 'rating': 13.8, 'success': None, 'explosiveness': None, 'rushing': None, 'passing': None, 'standardDowns': None, 'passingDowns': None, 'runRate': None, 'pace': None}","{'ranking': 123, 'rating': 34.6, 'success': None, 'explosiveness': None, 'rushing': None, 'passing': None, 'standardDowns': None, 'passingDowns': None, 'havoc': {'total': None, 'frontSeven': None, 'db': None}}",{'rating': -0.1},2026
2026,Bowling Green,Mid-American,-22.0,134.0,,,"{'ranking': 138, 'rating': 11.9, 'success': None, 'explosiveness': None, 'rushing': None, 'passing': None, 'standardDowns': None, 'passingDowns': None, 'runRate': None, 'pace': None}","{'ranking': 118, 'rating': 34.2, 'success': None, 'explosiveness': None, 'rushing': None, 'passing': None, 'standardDowns': None, 'passingDowns': None, 'havoc': {'total': None, 'frontSeven': None, 'db': None}}",{'rating': 0.2},2026
2026,Charlotte,American Athletic,-24.1,135.0,,,"{'ranking': 127, 'rating': 15, 'success': None, 'explosiveness': None, 'rushing': None, 'passing': None, 'standardDowns': None, 'passingDowns': None, 'runRate': None, 'pace': None}","{'ranking': 136, 'rating': 38.7, 'success': None, 'explosiveness': None, 'rushing': None, 'passing': None, 'standardDowns': None, 'passingDowns': None, 'havoc': {'total': None, 'frontSeven': None, 'db': None}}",{'rating': -0.4},2026
2026,Ball State,Mid-American,-24.3,136.0,,,"{'ranking': 134, 'rating': 13.5, 'success': None, 'explosiveness': None, 'rushing': None, 'passing': None, 'standardDowns': None, 'passingDowns': None, 'runRate': None, 'pace': None}","{'ranking': 132, 'rating': 37.2, 'success': None, 'explosiveness': None, 'rushing': None, 'passing': None, 'standardDowns': None, 'passingDowns': None, 'havoc': {'total': None, 'frontSeven': None, 'db': None}}",{'rating': -0.5},2026
2026,Kent State,Mid-American,-24.8,137.0,,,"{'ranking': 133, 'rating': 13.7, 'success': None, 'explosiveness': None, 'rushing': None, 'passing': None, 'standardDowns': None, 'passingDowns': None, 'runRate': None, 'pace': None}","{'ranking': 135, 'rating': 38, 'success': None, 'explosiveness': None, 'rushing': None, 'passing': None, 'standardDowns': None, 'passingDowns': None, 'havoc': {'total': None, 'frontSeven': None, 'db': None}}",{'rating': -0.5},2026
2026,UL Monroe,Sun Belt,-28.0,138.0,,,"{'ranking': 137, 'rating': 13.1, 'success': None, 'explosiveness': None, 'rushing': None, 'passing': None, 'standardDowns': None, 'passingDowns': None, 'runRate': None, 'pace': None}","{'ranking': 138, 'rating': 40.5, 'success': None, 'explosiveness': None, 'rushing': None, 'passing': None, 'standardDowns': None, 'passingDowns': None, 'havoc': {'total': None, 'frontSeven': None, 'db': None}}",{'rating': -0.6},2026
2026,nationalAverages,,0.5608695652173913,,,,"{'ranking': None, 'rating': 26.443478260869565, 'success': None, 'explosiveness': None, 'rushing': None, 'passing': None, 'standardDowns': None, 'passingDowns': None, 'runRate': None, 'pace': None}","{'ranking': None, 'rating': 25.89710144927536, 'success': None, 'explosiveness': None, 'rushing': None, 'passing': None, 'standardDowns': None, 'passingDowns': None, 'havoc': {'total': None, 'frontSeven': None, 'db': None}}",{'rating': 0.011594202898550725},2026
